name,x,y,z
1,4867.0,126298.0,0.0
2,16867.0,126298.0,0.0
3,32067.0,126298.0,0.0
4,4867.0,106698.0,0.0
5,44067.0,106698.0,0.0
6,4867.0,87098.0,0.0
7,16867.0,87098.0,0.0
8,32067.0,87098.0,0.0
9,44067.0,87098.0,0.0
10,4867.0,114848.0,0.0
11,4867.0,98548.0,0.0
12,44067.0,98548.0,0.0
13,44067.0,114848.0,0.0
14,44067.0,126298.0,0.0
15,16867.0,114848.0,0.0
16,17867.0,114848.0,0.0
17,20667.0,114848.0,0.0
18,23267.0,114848.0,0.0
19,26367.0,114848.0,0.0
20,27767.0,114848.0,0.0
21,32067.0,110198.0,0.0
22,32067.0,114848.0,0.0
23,26367.0,110448.0,0.0
24,26367.0,113448.0,0.0
25,27767.0,113448.0,0.0
26,20667.0,108798.0,0.0
27,20667.0,109893.0,0.0
28,16867.0,110198.0,0.0
29,16867.0,113648.0,0.0
30,27367.0,110448.0,0.0
31,23267.0,108798.0,0.0
32,23267.0,109893.0,0.0
33,20167.0,107148.0,0.0
34,20667.0,107148.0,0.0
35,23267.0,107148.0,0.0
36,23267.0,106298.0,0.0
37,26367.0,106298.0,0.0
38,26367.0,107148.0,0.0
39,16867.0,101048.0,0.0
40,16867.0,103698.0,0.0
41,32067.0,101048.0,0.0
42,32067.0,103698.0,0.0
43,16867.0,98548.0,0.0
44,17767.0,101048.0,0.0
45,19467.0,101048.0,0.0
46,28967.0,101048.0,0.0
47,30367.0,101048.0,0.0
48,31167.0,101048.0,0.0
49,32067.0,98548.0,0.0
50,23267.0,98548.0,0.0
51,23267.0,99593.0,0.0
52,26367.0,98548.0,0.0
53,26367.0,99593.0,0.0
54,18417.0,98548.0,0.0
55,20667.0,98548.0,0.0
56,28267.0,98548.0,0.0
57,30517.0,98548.0,0.0
58,19917.0,114848.0,0.0
59,28967.0,113448.0,0.0
60,20667.0,101048.0,0.0
61,16867.0,106698.0,0.0
62,32067.0,107148.0,0.0
63,16867.0,107148.0,0.0
64,17767.0,107148.0,0.0
65,31167.0,107148.0,0.0
66,20667.0,106298.0,0.0
67,28967.0,106298.0,0.0
68,28967.0,107148.0,0.0
69,20667.0,113648.0,0.0
70,20667.0,101548.0,0.0
71,28967.0,101548.0,0.0
72,28967.0,114848.0,0.0
142,16867.0,111398.0,0.0
143,16867.0,111398.0,6000.0
144,16867.0,112898.0,0.0
145,16867.0,112898.0,6000.0
146,16867.0,111398.0,3600.0
147,16867.0,112898.0,3600.0
148,32067.0,111773.0,0.0
149,32067.0,111773.0,6000.0
150,32067.0,113273.0,0.0
151,32067.0,113273.0,6000.0
152,32067.0,111773.0,3600.0
153,32067.0,113273.0,3600.0
154,16867.0,101623.0,0.0
155,16867.0,101623.0,6000.0
156,16867.0,103123.0,0.0
157,16867.0,103123.0,6000.0
158,16867.0,101623.0,2500.0
159,16867.0,103123.0,2500.0
160,16867.0,99398.0,0.0
161,16867.0,99398.0,6000.0
162,16867.0,99398.0,3600.0
163,16867.0,101048.0,3600.0
164,32067.0,101623.0,0.0
165,32067.0,101623.0,6000.0
166,32067.0,103123.0,0.0
167,32067.0,103123.0,6000.0
168,32067.0,101623.0,2500.0
169,32067.0,103123.0,2500.0
170,32067.0,99398.0,0.0
171,32067.0,99398.0,6000.0
172,32067.0,99398.0,3600.0
173,32067.0,101048.0,3600.0
174,18142.0,114848.0,0.0
175,18142.0,114848.0,6000.0
176,19642.0,114848.0,0.0
177,19642.0,114848.0,6000.0
178,18142.0,114848.0,3600.0
179,19642.0,114848.0,3600.0
180,16867.0,104448.0,0.0
181,16867.0,104448.0,6000.0
182,16867.0,105948.0,0.0
183,16867.0,105948.0,6000.0
184,16867.0,104448.0,3600.0
185,16867.0,105948.0,3600.0
186,32067.0,104673.0,0.0
187,32067.0,104673.0,6000.0
188,32067.0,106173.0,0.0
189,32067.0,106173.0,6000.0
190,32067.0,104673.0,3600.0
191,32067.0,106173.0,3600.0
192,29217.0,114848.0,0.0
193,29217.0,114848.0,6000.0
194,30717.0,114848.0,0.0
195,30717.0,114848.0,6000.0
196,29217.0,114848.0,3600.0
197,30717.0,114848.0,3600.0
198,16867.0,111398.0,10500.0
199,16867.0,112898.0,10500.0
200,16867.0,111398.0,9000.0
201,16867.0,112898.0,9000.0
202,32067.0,111998.0,6000.0
203,32067.0,111998.0,10500.0
204,32067.0,113498.0,6000.0
205,32067.0,113498.0,10500.0
206,32067.0,111998.0,9000.0
207,32067.0,113498.0,9000.0
208,16867.0,101623.0,10500.0
209,16867.0,103123.0,10500.0
210,16867.0,101623.0,8500.0
211,16867.0,103123.0,8500.0
212,16867.0,99398.0,10500.0
213,16867.0,99398.0,9600.0
214,16867.0,101048.0,9600.0
215,32067.0,101623.0,10500.0
216,32067.0,103123.0,10500.0
217,32067.0,101623.0,8500.0
218,32067.0,103123.0,8500.0
219,32067.0,99398.0,10500.0
220,32067.0,99398.0,9600.0
221,32067.0,101048.0,9600.0
222,18142.0,114848.0,10500.0
223,19642.0,114848.0,10500.0
224,18142.0,114848.0,9600.0
225,19642.0,114848.0,9600.0
226,16867.0,104448.0,10500.0
227,16867.0,105948.0,10500.0
228,16867.0,104448.0,9000.0
229,16867.0,105948.0,9000.0
230,32067.0,104448.0,6000.0
231,32067.0,104448.0,10500.0
232,32067.0,105948.0,6000.0
233,32067.0,105948.0,10500.0
234,32067.0,104448.0,9000.0
235,32067.0,105948.0,9000.0
236,29217.0,114848.0,10500.0
237,30717.0,114848.0,10500.0
238,29217.0,114848.0,9600.0
239,30717.0,114848.0,9600.0
240,16867.0,111398.0,15000.0
241,16867.0,112898.0,15000.0
242,16867.0,111398.0,13500.0
243,16867.0,112898.0,13500.0
244,32067.0,111998.0,15000.0
245,32067.0,113498.0,15000.0
246,32067.0,111998.0,13500.0
247,32067.0,113498.0,13500.0
248,16867.0,101623.0,15000.0
249,16867.0,103123.0,15000.0
250,16867.0,101623.0,13000.0
251,16867.0,103123.0,13000.0
252,16867.0,99398.0,15000.0
253,16867.0,99398.0,14100.0
254,16867.0,101048.0,14100.0
255,32067.0,101623.0,15000.0
256,32067.0,103123.0,15000.0
257,32067.0,101623.0,13000.0
258,32067.0,103123.0,13000.0
259,32067.0,99398.0,15000.0
260,32067.0,99398.0,14100.0
261,32067.0,101048.0,14100.0
262,18142.0,114848.0,15000.0
263,19642.0,114848.0,15000.0
264,18142.0,114848.0,14100.0
265,19642.0,114848.0,14100.0
266,16867.0,104448.0,15000.0
267,16867.0,105948.0,15000.0
268,16867.0,104448.0,13500.0
269,16867.0,105948.0,13500.0
270,32067.0,104448.0,15000.0
271,32067.0,105948.0,15000.0
272,32067.0,104448.0,13500.0
273,32067.0,105948.0,13500.0
274,29217.0,114848.0,15000.0
275,30717.0,114848.0,15000.0
276,29217.0,114848.0,14100.0
277,30717.0,114848.0,14100.0
278,16867.0,111398.0,19500.0
279,16867.0,112898.0,19500.0
280,16867.0,111398.0,18000.0
281,16867.0,112898.0,18000.0
282,32067.0,111998.0,19500.0
283,32067.0,113498.0,19500.0
284,32067.0,111998.0,18000.0
285,32067.0,113498.0,18000.0
286,16867.0,101623.0,19500.0
287,16867.0,103123.0,19500.0
288,16867.0,101623.0,17500.0
289,16867.0,103123.0,17500.0
290,16867.0,99398.0,19500.0
291,16867.0,99398.0,18600.0
292,16867.0,101048.0,18600.0
293,32067.0,101623.0,19500.0
294,32067.0,103123.0,19500.0
295,32067.0,101623.0,17500.0
296,32067.0,103123.0,17500.0
297,32067.0,99398.0,19500.0
298,32067.0,99398.0,18600.0
299,32067.0,101048.0,18600.0
300,18142.0,114848.0,19500.0
301,19642.0,114848.0,19500.0
302,18142.0,114848.0,18600.0
303,19642.0,114848.0,18600.0
304,16867.0,104448.0,19500.0
305,16867.0,105948.0,19500.0
306,16867.0,104448.0,18000.0
307,16867.0,105948.0,18000.0
308,32067.0,104448.0,19500.0
309,32067.0,105948.0,19500.0
310,32067.0,104448.0,18000.0
311,32067.0,105948.0,18000.0
312,29217.0,114848.0,19500.0
313,30717.0,114848.0,19500.0
314,29217.0,114848.0,18600.0
315,30717.0,114848.0,18600.0
316,16867.0,111398.0,23100.0
317,16867.0,112898.0,23100.0
318,16867.0,111398.0,22000.0
319,16867.0,112898.0,22000.0
320,32067.0,111998.0,23100.0
321,32067.0,113498.0,23100.0
322,32067.0,111998.0,22000.0
323,32067.0,113498.0,22000.0
324,16867.0,101623.0,23100.0
325,16867.0,103123.0,23100.0
326,16867.0,101623.0,22000.0
327,16867.0,103123.0,22000.0
328,16867.0,99398.0,23100.0
329,16867.0,99398.0,22500.0
330,16867.0,101048.0,22500.0
331,32067.0,101623.0,23100.0
332,32067.0,103123.0,23100.0
333,32067.0,101623.0,22000.0
334,32067.0,103123.0,22000.0
335,32067.0,99398.0,23100.0
336,32067.0,99398.0,22500.0
337,32067.0,101048.0,22500.0
338,18142.0,114848.0,23100.0
339,19642.0,114848.0,23100.0
340,18142.0,114848.0,22500.0
341,19642.0,114848.0,22500.0
342,16867.0,104448.0,23100.0
343,16867.0,105948.0,23100.0
344,16867.0,104448.0,22000.0
345,16867.0,105948.0,22000.0
346,32067.0,104448.0,23100.0
347,32067.0,105948.0,23100.0
348,32067.0,104448.0,22000.0
349,32067.0,105948.0,22000.0
350,29217.0,114848.0,23100.0
351,30717.0,114848.0,23100.0
352,29217.0,114848.0,22500.0
353,30717.0,114848.0,22500.0
354,16867.0,111398.0,26700.0
355,16867.0,112898.0,26700.0
356,16867.0,111398.0,25600.0
357,16867.0,112898.0,25600.0
358,32067.0,111998.0,26700.0
359,32067.0,113498.0,26700.0
360,32067.0,111998.0,25600.0
361,32067.0,113498.0,25600.0
362,16867.0,101623.0,26700.0
363,16867.0,103123.0,26700.0
364,16867.0,101623.0,25600.0
365,16867.0,103123.0,25600.0
366,16867.0,99398.0,26700.0
367,16867.0,99398.0,26100.0
368,16867.0,101048.0,26100.0
369,32067.0,101623.0,26700.0
370,32067.0,103123.0,26700.0
371,32067.0,101623.0,25600.0
372,32067.0,103123.0,25600.0
373,32067.0,99398.0,26700.0
374,32067.0,99398.0,26100.0
375,32067.0,101048.0,26100.0
376,18142.0,114848.0,26700.0
377,19642.0,114848.0,26700.0
378,18142.0,114848.0,26100.0
379,19642.0,114848.0,26100.0
380,16867.0,104448.0,26700.0
381,16867.0,105948.0,26700.0
382,16867.0,104448.0,25600.0
383,16867.0,105948.0,25600.0
384,32067.0,104448.0,26700.0
385,32067.0,105948.0,26700.0
386,32067.0,104448.0,25600.0
387,32067.0,105948.0,25600.0
388,29217.0,114848.0,26700.0
389,30717.0,114848.0,26700.0
390,29217.0,114848.0,26100.0
391,30717.0,114848.0,26100.0
392,16867.0,111398.0,30300.0
393,16867.0,112898.0,30300.0
394,16867.0,111398.0,29200.0
395,16867.0,112898.0,29200.0
396,32067.0,111998.0,30300.0
397,32067.0,113498.0,30300.0
398,32067.0,111998.0,29200.0
399,32067.0,113498.0,29200.0
400,16867.0,101623.0,30300.0
401,16867.0,103123.0,30300.0
402,16867.0,101623.0,29200.0
403,16867.0,103123.0,29200.0
404,16867.0,99398.0,30300.0
405,16867.0,99398.0,29700.0
406,16867.0,101048.0,29700.0
407,32067.0,101623.0,30300.0
408,32067.0,103123.0,30300.0
409,32067.0,101623.0,29200.0
410,32067.0,103123.0,29200.0
411,32067.0,99398.0,30300.0
412,32067.0,99398.0,29700.0
413,32067.0,101048.0,29700.0
414,18142.0,114848.0,30300.0
415,19642.0,114848.0,30300.0
416,18142.0,114848.0,29700.0
417,19642.0,114848.0,29700.0
418,16867.0,104448.0,30300.0
419,16867.0,105948.0,30300.0
420,16867.0,104448.0,29200.0
421,16867.0,105948.0,29200.0
422,32067.0,104448.0,30300.0
423,32067.0,105948.0,30300.0
424,32067.0,104448.0,29200.0
425,32067.0,105948.0,29200.0
426,29217.0,114848.0,30300.0
427,30717.0,114848.0,30300.0
428,29217.0,114848.0,29700.0
429,30717.0,114848.0,29700.0
430,16867.0,111398.0,33899.0
431,16867.0,112898.0,33899.0
432,16867.0,111398.0,32800.0
433,16867.0,112898.0,32800.0
434,32067.0,111998.0,33899.0
435,32067.0,113498.0,33899.0
436,32067.0,111998.0,32800.0
437,32067.0,113498.0,32800.0
438,16867.0,101623.0,33899.0
439,16867.0,103123.0,33899.0
440,16867.0,101623.0,32800.0
441,16867.0,103123.0,32800.0
442,16867.0,99398.0,33899.0
443,16867.0,99398.0,33300.0
444,16867.0,101048.0,33300.0
445,32067.0,101623.0,33899.0
446,32067.0,103123.0,33899.0
447,32067.0,101623.0,32800.0
448,32067.0,103123.0,32800.0
449,32067.0,99398.0,33899.0
450,32067.0,99398.0,33300.0
451,32067.0,101048.0,33300.0
452,18142.0,114848.0,33899.0
453,19642.0,114848.0,33899.0
454,18142.0,114848.0,33300.0
455,19642.0,114848.0,33300.0
456,16867.0,104448.0,33899.0
457,16867.0,105948.0,33899.0
458,16867.0,104448.0,32800.0
459,16867.0,105948.0,32800.0
460,32067.0,104448.0,33899.0
461,32067.0,105948.0,33899.0
462,32067.0,104448.0,32800.0
463,32067.0,105948.0,32800.0
464,29217.0,114848.0,33899.0
465,30717.0,114848.0,33899.0
466,29217.0,114848.0,33300.0
467,30717.0,114848.0,33300.0
468,16867.0,111398.0,37500.0
469,16867.0,112898.0,37500.0
470,16867.0,111398.0,36399.0
471,16867.0,112898.0,36399.0
472,32067.0,111998.0,37500.0
473,32067.0,113498.0,37500.0
474,32067.0,111998.0,36399.0
475,32067.0,113498.0,36399.0
476,16867.0,101623.0,37500.0
477,16867.0,103123.0,37500.0
478,16867.0,101623.0,36399.0
479,16867.0,103123.0,36399.0
480,16867.0,99398.0,37500.0
481,16867.0,99398.0,36899.0
482,16867.0,101048.0,36899.0
483,32067.0,101623.0,37500.0
484,32067.0,103123.0,37500.0
485,32067.0,101623.0,36399.0
486,32067.0,103123.0,36399.0
487,32067.0,99398.0,37500.0
488,32067.0,99398.0,36899.0
489,32067.0,101048.0,36899.0
490,18142.0,114848.0,37500.0
491,19642.0,114848.0,37500.0
492,18142.0,114848.0,36899.0
493,19642.0,114848.0,36899.0
494,16867.0,104448.0,37500.0
495,16867.0,105948.0,37500.0
496,16867.0,104448.0,36399.0
497,16867.0,105948.0,36399.0
498,32067.0,104448.0,37500.0
499,32067.0,105948.0,37500.0
500,32067.0,104448.0,36399.0
501,32067.0,105948.0,36399.0
502,29217.0,114848.0,37500.0
503,30717.0,114848.0,37500.0
504,29217.0,114848.0,36899.0
505,30717.0,114848.0,36899.0
506,16867.0,111398.0,41100.0
507,16867.0,112898.0,41100.0
508,16867.0,111398.0,40000.0
509,16867.0,112898.0,40000.0
510,32067.0,111998.0,41100.0
511,32067.0,113498.0,41100.0
512,32067.0,111998.0,40000.0
513,32067.0,113498.0,40000.0
514,16867.0,101623.0,41100.0
515,16867.0,103123.0,41100.0
516,16867.0,101623.0,40000.0
517,16867.0,103123.0,40000.0
518,16867.0,99398.0,41100.0
519,16867.0,99398.0,40500.0
520,16867.0,101048.0,40500.0
521,32067.0,101623.0,41100.0
522,32067.0,103123.0,41100.0
523,32067.0,101623.0,40000.0
524,32067.0,103123.0,40000.0
525,32067.0,99398.0,41100.0
526,32067.0,99398.0,40500.0
527,32067.0,101048.0,40500.0
528,18142.0,114848.0,41100.0
529,19642.0,114848.0,41100.0
530,18142.0,114848.0,40500.0
531,19642.0,114848.0,40500.0
532,16867.0,104448.0,41100.0
533,16867.0,105948.0,41100.0
534,16867.0,104448.0,40000.0
535,16867.0,105948.0,40000.0
536,32067.0,104448.0,41100.0
537,32067.0,105948.0,41100.0
538,32067.0,104448.0,40000.0
539,32067.0,105948.0,40000.0
540,29217.0,114848.0,41100.0
541,30717.0,114848.0,41100.0
542,29217.0,114848.0,40500.0
543,30717.0,114848.0,40500.0
544,16867.0,111398.0,44699.0
545,16867.0,112898.0,44699.0
546,16867.0,111398.0,43600.0
547,16867.0,112898.0,43600.0
548,32067.0,111998.0,44699.0
549,32067.0,113498.0,44699.0
550,32067.0,111998.0,43600.0
551,32067.0,113498.0,43600.0
552,16867.0,101623.0,44699.0
553,16867.0,103123.0,44699.0
554,16867.0,101623.0,43600.0
555,16867.0,103123.0,43600.0
556,16867.0,99398.0,44699.0
557,16867.0,99398.0,44100.0
558,16867.0,101048.0,44100.0
559,32067.0,101623.0,44699.0
560,32067.0,103123.0,44699.0
561,32067.0,101623.0,43600.0
562,32067.0,103123.0,43600.0
563,32067.0,99398.0,44699.0
564,32067.0,99398.0,44100.0
565,32067.0,101048.0,44100.0
566,18142.0,114848.0,44699.0
567,19642.0,114848.0,44699.0
568,18142.0,114848.0,44100.0
569,19642.0,114848.0,44100.0
570,16867.0,104448.0,44699.0
571,16867.0,105948.0,44699.0
572,16867.0,104448.0,43600.0
573,16867.0,105948.0,43600.0
574,32067.0,104448.0,44699.0
575,32067.0,105948.0,44699.0
576,32067.0,104448.0,43600.0
577,32067.0,105948.0,43600.0
578,29217.0,114848.0,44699.0
579,30717.0,114848.0,44699.0
580,29217.0,114848.0,44100.0
581,30717.0,114848.0,44100.0
582,16867.0,111398.0,48300.0
583,16867.0,112898.0,48300.0
584,16867.0,111398.0,47199.0
585,16867.0,112898.0,47199.0
586,32067.0,111998.0,48300.0
587,32067.0,113498.0,48300.0
588,32067.0,111998.0,47199.0
589,32067.0,113498.0,47199.0
590,16867.0,101623.0,48300.0
591,16867.0,103123.0,48300.0
592,16867.0,101623.0,47199.0
593,16867.0,103123.0,47199.0
594,16867.0,99398.0,48300.0
595,16867.0,99398.0,47699.0
596,16867.0,101048.0,47699.0
597,32067.0,101623.0,48300.0
598,32067.0,103123.0,48300.0
599,32067.0,101623.0,47199.0
600,32067.0,103123.0,47199.0
601,32067.0,99398.0,48300.0
602,32067.0,99398.0,47699.0
603,32067.0,101048.0,47699.0
604,18142.0,114848.0,48300.0
605,19642.0,114848.0,48300.0
606,18142.0,114848.0,47699.0
607,19642.0,114848.0,47699.0
608,16867.0,104448.0,48300.0
609,16867.0,105948.0,48300.0
610,16867.0,104448.0,47199.0
611,16867.0,105948.0,47199.0
612,32067.0,104448.0,48300.0
613,32067.0,105948.0,48300.0
614,32067.0,104448.0,47199.0
615,32067.0,105948.0,47199.0
616,29217.0,114848.0,48300.0
617,30717.0,114848.0,48300.0
618,29217.0,114848.0,47699.0
619,30717.0,114848.0,47699.0
620,16867.0,111398.0,51899.0
621,16867.0,112898.0,51899.0
622,16867.0,111398.0,50800.0
623,16867.0,112898.0,50800.0
624,32067.0,111998.0,51899.0
625,32067.0,113498.0,51899.0
626,32067.0,111998.0,50800.0
627,32067.0,113498.0,50800.0
628,16867.0,101623.0,51899.0
629,16867.0,103123.0,51899.0
630,16867.0,101623.0,50800.0
631,16867.0,103123.0,50800.0
632,16867.0,99398.0,51899.0
633,16867.0,99398.0,51300.0
634,16867.0,101048.0,51300.0
635,32067.0,101623.0,51899.0
636,32067.0,103123.0,51899.0
637,32067.0,101623.0,50800.0
638,32067.0,103123.0,50800.0
639,32067.0,99398.0,51899.0
640,32067.0,99398.0,51300.0
641,32067.0,101048.0,51300.0
642,18142.0,114848.0,51899.0
643,19642.0,114848.0,51899.0
644,18142.0,114848.0,51300.0
645,19642.0,114848.0,51300.0
646,16867.0,104448.0,51899.0
647,16867.0,105948.0,51899.0
648,16867.0,104448.0,50800.0
649,16867.0,105948.0,50800.0
650,32067.0,104448.0,51899.0
651,32067.0,105948.0,51899.0
652,32067.0,104448.0,50800.0
653,32067.0,105948.0,50800.0
654,29217.0,114848.0,51899.0
655,30717.0,114848.0,51899.0
656,29217.0,114848.0,51300.0
657,30717.0,114848.0,51300.0
658,16867.0,111398.0,55500.0
659,16867.0,112898.0,55500.0
660,16867.0,111398.0,54399.0
661,16867.0,112898.0,54399.0
662,32067.0,111998.0,55500.0
663,32067.0,113498.0,55500.0
664,32067.0,111998.0,54399.0
665,32067.0,113498.0,54399.0
666,16867.0,101623.0,55500.0
667,16867.0,103123.0,55500.0
668,16867.0,101623.0,54399.0
669,16867.0,103123.0,54399.0
670,16867.0,99398.0,55500.0
671,16867.0,99398.0,54899.0
672,16867.0,101048.0,54899.0
673,32067.0,101623.0,55500.0
674,32067.0,103123.0,55500.0
675,32067.0,101623.0,54399.0
676,32067.0,103123.0,54399.0
677,32067.0,99398.0,55500.0
678,32067.0,99398.0,54899.0
679,32067.0,101048.0,54899.0
680,18142.0,114848.0,55500.0
681,19642.0,114848.0,55500.0
682,18142.0,114848.0,54899.0
683,19642.0,114848.0,54899.0
684,16867.0,104448.0,55500.0
685,16867.0,105948.0,55500.0
686,16867.0,104448.0,54399.0
687,16867.0,105948.0,54399.0
688,32067.0,104448.0,55500.0
689,32067.0,105948.0,55500.0
690,32067.0,104448.0,54399.0
691,32067.0,105948.0,54399.0
692,29217.0,114848.0,55500.0
693,30717.0,114848.0,55500.0
694,29217.0,114848.0,54899.0
695,30717.0,114848.0,54899.0
696,16867.0,111398.0,59100.0
697,16867.0,112898.0,59100.0
698,16867.0,111398.0,58000.0
699,16867.0,112898.0,58000.0
700,32067.0,111998.0,59100.0
701,32067.0,113498.0,59100.0
702,32067.0,111998.0,58000.0
703,32067.0,113498.0,58000.0
704,16867.0,101623.0,59100.0
705,16867.0,103123.0,59100.0
706,16867.0,101623.0,58000.0
707,16867.0,103123.0,58000.0
708,16867.0,99398.0,59100.0
709,16867.0,99398.0,58500.0
710,16867.0,101048.0,58500.0
711,32067.0,101623.0,59100.0
712,32067.0,103123.0,59100.0
713,32067.0,101623.0,58000.0
714,32067.0,103123.0,58000.0
715,32067.0,99398.0,59100.0
716,32067.0,99398.0,58500.0
717,32067.0,101048.0,58500.0
718,18142.0,114848.0,59100.0
719,19642.0,114848.0,59100.0
720,18142.0,114848.0,58500.0
721,19642.0,114848.0,58500.0
722,16867.0,104448.0,59100.0
723,16867.0,105948.0,59100.0
724,16867.0,104448.0,58000.0
725,16867.0,105948.0,58000.0
726,32067.0,104448.0,59100.0
727,32067.0,105948.0,59100.0
728,32067.0,104448.0,58000.0
729,32067.0,105948.0,58000.0
730,29217.0,114848.0,59100.0
731,30717.0,114848.0,59100.0
732,29217.0,114848.0,58500.0
733,30717.0,114848.0,58500.0
734,16867.0,111398.0,62699.0
735,16867.0,112898.0,62699.0
736,16867.0,111398.0,61600.0
737,16867.0,112898.0,61600.0
738,32067.0,111998.0,62699.0
739,32067.0,113498.0,62699.0
740,32067.0,111998.0,61600.0
741,32067.0,113498.0,61600.0
742,16867.0,101623.0,62699.0
743,16867.0,103123.0,62699.0
744,16867.0,101623.0,61600.0
745,16867.0,103123.0,61600.0
746,16867.0,99398.0,62699.0
747,16867.0,99398.0,62100.0
748,16867.0,101048.0,62100.0
749,32067.0,101623.0,62699.0
750,32067.0,103123.0,62699.0
751,32067.0,101623.0,61600.0
752,32067.0,103123.0,61600.0
753,32067.0,99398.0,62699.0
754,32067.0,99398.0,62100.0
755,32067.0,101048.0,62100.0
756,18142.0,114848.0,62699.0
757,19642.0,114848.0,62699.0
758,18142.0,114848.0,62100.0
759,19642.0,114848.0,62100.0
760,16867.0,104448.0,62699.0
761,16867.0,105948.0,62699.0
762,16867.0,104448.0,61600.0
763,16867.0,105948.0,61600.0
764,32067.0,104448.0,62699.0
765,32067.0,105948.0,62699.0
766,32067.0,104448.0,61600.0
767,32067.0,105948.0,61600.0
768,29217.0,114848.0,62699.0
769,30717.0,114848.0,62699.0
770,29217.0,114848.0,62100.0
771,30717.0,114848.0,62100.0
772,16867.0,111398.0,66300.0
773,16867.0,112898.0,66300.0
774,16867.0,111398.0,65199.0
775,16867.0,112898.0,65199.0
776,32067.0,111998.0,66300.0
777,32067.0,113498.0,66300.0
778,32067.0,111998.0,65199.0
779,32067.0,113498.0,65199.0
780,16867.0,101623.0,66300.0
781,16867.0,103123.0,66300.0
782,16867.0,101623.0,65199.0
783,16867.0,103123.0,65199.0
784,16867.0,99398.0,66300.0
785,16867.0,99398.0,65699.0
786,16867.0,101048.0,65699.0
787,32067.0,101623.0,66300.0
788,32067.0,103123.0,66300.0
789,32067.0,101623.0,65199.0
790,32067.0,103123.0,65199.0
791,32067.0,99398.0,66300.0
792,32067.0,99398.0,65699.0
793,32067.0,101048.0,65699.0
794,18142.0,114848.0,66300.0
795,19642.0,114848.0,66300.0
796,18142.0,114848.0,65699.0
797,19642.0,114848.0,65699.0
798,16867.0,104448.0,66300.0
799,16867.0,105948.0,66300.0
800,16867.0,104448.0,65199.0
801,16867.0,105948.0,65199.0
802,32067.0,104448.0,66300.0
803,32067.0,105948.0,66300.0
804,32067.0,104448.0,65199.0
805,32067.0,105948.0,65199.0
806,29217.0,114848.0,66300.0
807,30717.0,114848.0,66300.0
808,29217.0,114848.0,65699.0
809,30717.0,114848.0,65699.0
810,16867.0,111398.0,69900.0
811,16867.0,112898.0,69900.0
812,16867.0,111398.0,68800.0
813,16867.0,112898.0,68800.0
814,32067.0,111998.0,69900.0
815,32067.0,113498.0,69900.0
816,32067.0,111998.0,68800.0
817,32067.0,113498.0,68800.0
818,16867.0,101623.0,69900.0
819,16867.0,103123.0,69900.0
820,16867.0,101623.0,68800.0
821,16867.0,103123.0,68800.0
822,16867.0,99398.0,69900.0
823,16867.0,99398.0,69300.0
824,16867.0,101048.0,69300.0
825,32067.0,101623.0,69900.0
826,32067.0,103123.0,69900.0
827,32067.0,101623.0,68800.0
828,32067.0,103123.0,68800.0
829,32067.0,99398.0,69900.0
830,32067.0,99398.0,69300.0
831,32067.0,101048.0,69300.0
832,18142.0,114848.0,69900.0
833,19642.0,114848.0,69900.0
834,18142.0,114848.0,69300.0
835,19642.0,114848.0,69300.0
836,16867.0,104448.0,69900.0
837,16867.0,105948.0,69900.0
838,16867.0,104448.0,68800.0
839,16867.0,105948.0,68800.0
840,32067.0,104448.0,69900.0
841,32067.0,105948.0,69900.0
842,32067.0,104448.0,68800.0
843,32067.0,105948.0,68800.0
844,29217.0,114848.0,69900.0
845,30717.0,114848.0,69900.0
846,29217.0,114848.0,69300.0
847,30717.0,114848.0,69300.0
848,16867.0,111398.0,73500.0
849,16867.0,112898.0,73500.0
850,16867.0,111398.0,72400.0
851,16867.0,112898.0,72400.0
852,32067.0,111998.0,73500.0
853,32067.0,113498.0,73500.0
854,32067.0,111998.0,72400.0
855,32067.0,113498.0,72400.0
856,16867.0,101623.0,73500.0
857,16867.0,103123.0,73500.0
858,16867.0,101623.0,72400.0
859,16867.0,103123.0,72400.0
860,16867.0,99398.0,73500.0
861,16867.0,99398.0,72900.0
862,16867.0,101048.0,72900.0
863,32067.0,101623.0,73500.0
864,32067.0,103123.0,73500.0
865,32067.0,101623.0,72400.0
866,32067.0,103123.0,72400.0
867,32067.0,99398.0,73500.0
868,32067.0,99398.0,72900.0
869,32067.0,101048.0,72900.0
870,18142.0,114848.0,73500.0
871,19642.0,114848.0,73500.0
872,18142.0,114848.0,72900.0
873,19642.0,114848.0,72900.0
874,16867.0,104448.0,73500.0
875,16867.0,105948.0,73500.0
876,16867.0,104448.0,72400.0
877,16867.0,105948.0,72400.0
878,32067.0,104448.0,73500.0
879,32067.0,105948.0,73500.0
880,32067.0,104448.0,72400.0
881,32067.0,105948.0,72400.0
882,29217.0,114848.0,73500.0
883,30717.0,114848.0,73500.0
884,29217.0,114848.0,72900.0
885,30717.0,114848.0,72900.0
886,16867.0,111398.0,77100.0
887,16867.0,112898.0,77100.0
888,16867.0,111398.0,76000.0
889,16867.0,112898.0,76000.0
890,32067.0,111998.0,77100.0
891,32067.0,113498.0,77100.0
892,32067.0,111998.0,76000.0
893,32067.0,113498.0,76000.0
894,16867.0,101623.0,77100.0
895,16867.0,103123.0,77100.0
896,16867.0,101623.0,76000.0
897,16867.0,103123.0,76000.0
898,16867.0,99398.0,77100.0
899,16867.0,99398.0,76500.0
900,16867.0,101048.0,76500.0
901,32067.0,101623.0,77100.0
902,32067.0,103123.0,77100.0
903,32067.0,101623.0,76000.0
904,32067.0,103123.0,76000.0
905,32067.0,99398.0,77100.0
906,32067.0,99398.0,76500.0
907,32067.0,101048.0,76500.0
908,18142.0,114848.0,77100.0
909,19642.0,114848.0,77100.0
910,18142.0,114848.0,76500.0
911,19642.0,114848.0,76500.0
912,16867.0,104448.0,77100.0
913,16867.0,105948.0,77100.0
914,16867.0,104448.0,76000.0
915,16867.0,105948.0,76000.0
916,32067.0,104448.0,77100.0
917,32067.0,105948.0,77100.0
918,32067.0,104448.0,76000.0
919,32067.0,105948.0,76000.0
920,29217.0,114848.0,77100.0
921,30717.0,114848.0,77100.0
922,29217.0,114848.0,76500.0
923,30717.0,114848.0,76500.0
924,16867.0,111398.0,80700.0
925,16867.0,112898.0,80700.0
926,16867.0,111398.0,79600.0
927,16867.0,112898.0,79600.0
928,32067.0,111998.0,80700.0
929,32067.0,113498.0,80700.0
930,32067.0,111998.0,79600.0
931,32067.0,113498.0,79600.0
932,16867.0,101623.0,80700.0
933,16867.0,103123.0,80700.0
934,16867.0,101623.0,79600.0
935,16867.0,103123.0,79600.0
936,16867.0,99398.0,80700.0
937,16867.0,99398.0,80100.0
938,16867.0,101048.0,80100.0
939,32067.0,101623.0,80700.0
940,32067.0,103123.0,80700.0
941,32067.0,101623.0,79600.0
942,32067.0,103123.0,79600.0
943,32067.0,99398.0,80700.0
944,32067.0,99398.0,80100.0
945,32067.0,101048.0,80100.0
946,18142.0,114848.0,80700.0
947,19642.0,114848.0,80700.0
948,18142.0,114848.0,80100.0
949,19642.0,114848.0,80100.0
950,16867.0,104448.0,80700.0
951,16867.0,105948.0,80700.0
952,16867.0,104448.0,79600.0
953,16867.0,105948.0,79600.0
954,32067.0,104448.0,80700.0
955,32067.0,105948.0,80700.0
956,32067.0,104448.0,79600.0
957,32067.0,105948.0,79600.0
958,29217.0,114848.0,80700.0
959,30717.0,114848.0,80700.0
960,29217.0,114848.0,80100.0
961,30717.0,114848.0,80100.0
962,16867.0,111398.0,84299.0
963,16867.0,112898.0,84299.0
964,16867.0,111398.0,83200.0
965,16867.0,112898.0,83200.0
966,32067.0,111998.0,84299.0
967,32067.0,113498.0,84299.0
968,32067.0,111998.0,83200.0
969,32067.0,113498.0,83200.0
970,16867.0,101623.0,84299.0
971,16867.0,103123.0,84299.0
972,16867.0,101623.0,83200.0
973,16867.0,103123.0,83200.0
974,16867.0,99398.0,84299.0
975,16867.0,99398.0,83700.0
976,16867.0,101048.0,83700.0
977,32067.0,101623.0,84299.0
978,32067.0,103123.0,84299.0
979,32067.0,101623.0,83200.0
980,32067.0,103123.0,83200.0
981,32067.0,99398.0,84299.0
982,32067.0,99398.0,83700.0
983,32067.0,101048.0,83700.0
984,18142.0,114848.0,84299.0
985,19642.0,114848.0,84299.0
986,18142.0,114848.0,83700.0
987,19642.0,114848.0,83700.0
988,16867.0,104448.0,84299.0
989,16867.0,105948.0,84299.0
990,16867.0,104448.0,83200.0
991,16867.0,105948.0,83200.0
992,32067.0,104448.0,84299.0
993,32067.0,105948.0,84299.0
994,32067.0,104448.0,83200.0
995,32067.0,105948.0,83200.0
996,29217.0,114848.0,84299.0
997,30717.0,114848.0,84299.0
998,29217.0,114848.0,83700.0
999,30717.0,114848.0,83700.0
1000,16867.0,111398.0,87900.0
1001,16867.0,112898.0,87900.0
1002,16867.0,111398.0,86799.0
1003,16867.0,112898.0,86799.0
1004,32067.0,111998.0,87900.0
1005,32067.0,113498.0,87900.0
1006,32067.0,111998.0,86799.0
1007,32067.0,113498.0,86799.0
1008,16867.0,101623.0,87900.0
1009,16867.0,103123.0,87900.0
1010,16867.0,101623.0,86799.0
1011,16867.0,103123.0,86799.0
1012,16867.0,99398.0,87900.0
1013,16867.0,99398.0,87299.0
1014,16867.0,101048.0,87299.0
1015,32067.0,101623.0,87900.0
1016,32067.0,103123.0,87900.0
1017,32067.0,101623.0,86799.0
1018,32067.0,103123.0,86799.0
1019,32067.0,99398.0,87900.0
1020,32067.0,99398.0,87299.0
1021,32067.0,101048.0,87299.0
1022,18142.0,114848.0,87900.0
1023,19642.0,114848.0,87900.0
1024,18142.0,114848.0,87299.0
1025,19642.0,114848.0,87299.0
1026,16867.0,104448.0,87900.0
1027,16867.0,105948.0,87900.0
1028,16867.0,104448.0,86799.0
1029,16867.0,105948.0,86799.0
1030,32067.0,104448.0,87900.0
1031,32067.0,105948.0,87900.0
1032,32067.0,104448.0,86799.0
1033,32067.0,105948.0,86799.0
1034,29217.0,114848.0,87900.0
1035,30717.0,114848.0,87900.0
1036,29217.0,114848.0,87299.0
1037,30717.0,114848.0,87299.0
1038,16867.0,111398.0,91500.0
1039,16867.0,112898.0,91500.0
1040,16867.0,111398.0,90400.0
1041,16867.0,112898.0,90400.0
1042,32067.0,111998.0,91500.0
1043,32067.0,113498.0,91500.0
1044,32067.0,111998.0,90400.0
1045,32067.0,113498.0,90400.0
1046,16867.0,101623.0,91500.0
1047,16867.0,103123.0,91500.0
1048,16867.0,101623.0,90400.0
1049,16867.0,103123.0,90400.0
1050,16867.0,99398.0,91500.0
1051,16867.0,99398.0,90900.0
1052,16867.0,101048.0,90900.0
1053,32067.0,101623.0,91500.0
1054,32067.0,103123.0,91500.0
1055,32067.0,101623.0,90400.0
1056,32067.0,103123.0,90400.0
1057,32067.0,99398.0,91500.0
1058,32067.0,99398.0,90900.0
1059,32067.0,101048.0,90900.0
1060,18142.0,114848.0,91500.0
1061,19642.0,114848.0,91500.0
1062,18142.0,114848.0,90900.0
1063,19642.0,114848.0,90900.0
1064,16867.0,104448.0,91500.0
1065,16867.0,105948.0,91500.0
1066,16867.0,104448.0,90400.0
1067,16867.0,105948.0,90400.0
1068,32067.0,104448.0,91500.0
1069,32067.0,105948.0,91500.0
1070,32067.0,104448.0,90400.0
1071,32067.0,105948.0,90400.0
1072,29217.0,114848.0,91500.0
1073,30717.0,114848.0,91500.0
1074,29217.0,114848.0,90900.0
1075,30717.0,114848.0,90900.0
1076,16867.0,111398.0,95100.0
1077,16867.0,112898.0,95100.0
1078,16867.0,111398.0,94000.0
1079,16867.0,112898.0,94000.0
1080,32067.0,111998.0,95100.0
1081,32067.0,113498.0,95100.0
1082,32067.0,111998.0,94000.0
1083,32067.0,113498.0,94000.0
1084,16867.0,101623.0,95100.0
1085,16867.0,103123.0,95100.0
1086,16867.0,101623.0,94000.0
1087,16867.0,103123.0,94000.0
1088,16867.0,99398.0,95100.0
1089,16867.0,99398.0,94500.0
1090,16867.0,101048.0,94500.0
1091,32067.0,101623.0,95100.0
1092,32067.0,103123.0,95100.0
1093,32067.0,101623.0,94000.0
1094,32067.0,103123.0,94000.0
1095,32067.0,99398.0,95100.0
1096,32067.0,99398.0,94500.0
1097,32067.0,101048.0,94500.0
1098,18142.0,114848.0,95100.0
1099,19642.0,114848.0,95100.0
1100,18142.0,114848.0,94500.0
1101,19642.0,114848.0,94500.0
1102,16867.0,104448.0,95100.0
1103,16867.0,105948.0,95100.0
1104,16867.0,104448.0,94000.0
1105,16867.0,105948.0,94000.0
1106,32067.0,104448.0,95100.0
1107,32067.0,105948.0,95100.0
1108,32067.0,104448.0,94000.0
1109,32067.0,105948.0,94000.0
1110,29217.0,114848.0,95100.0
1111,30717.0,114848.0,95100.0
1112,29217.0,114848.0,94500.0
1113,30717.0,114848.0,94500.0
1114,16867.0,111398.0,98700.0
1115,16867.0,112898.0,98700.0
1116,16867.0,111398.0,97600.0
1117,16867.0,112898.0,97600.0
1118,32067.0,111998.0,98700.0
1119,32067.0,113498.0,98700.0
1120,32067.0,111998.0,97600.0
1121,32067.0,113498.0,97600.0
1122,16867.0,101623.0,98700.0
1123,16867.0,103123.0,98700.0
1124,16867.0,101623.0,97600.0
1125,16867.0,103123.0,97600.0
1126,16867.0,99398.0,98700.0
1127,16867.0,99398.0,98100.0
1128,16867.0,101048.0,98100.0
1129,32067.0,101623.0,98700.0
1130,32067.0,103123.0,98700.0
1131,32067.0,101623.0,97600.0
1132,32067.0,103123.0,97600.0
1133,32067.0,99398.0,98700.0
1134,32067.0,99398.0,98100.0
1135,32067.0,101048.0,98100.0
1136,18142.0,114848.0,98700.0
1137,19642.0,114848.0,98700.0
1138,18142.0,114848.0,98100.0
1139,19642.0,114848.0,98100.0
1140,16867.0,104448.0,98700.0
1141,16867.0,105948.0,98700.0
1142,16867.0,104448.0,97600.0
1143,16867.0,105948.0,97600.0
1144,32067.0,104448.0,98700.0
1145,32067.0,105948.0,98700.0
1146,32067.0,104448.0,97600.0
1147,32067.0,105948.0,97600.0
1148,29217.0,114848.0,98700.0
1149,30717.0,114848.0,98700.0
1150,29217.0,114848.0,98100.0
1151,30717.0,114848.0,98100.0
1152,16867.0,111398.0,102299.0
1153,16867.0,112898.0,102299.0
1154,16867.0,111398.0,101200.0
1155,16867.0,112898.0,101200.0
1156,32067.0,111998.0,102299.0
1157,32067.0,113498.0,102299.0
1158,32067.0,111998.0,101200.0
1159,32067.0,113498.0,101200.0
1160,16867.0,101623.0,102299.0
1161,16867.0,103123.0,102299.0
1162,16867.0,101623.0,101200.0
1163,16867.0,103123.0,101200.0
1164,16867.0,99398.0,102299.0
1165,16867.0,99398.0,101700.0
1166,16867.0,101048.0,101700.0
1167,32067.0,101623.0,102299.0
1168,32067.0,103123.0,102299.0
1169,32067.0,101623.0,101200.0
1170,32067.0,103123.0,101200.0
1171,32067.0,99398.0,102299.0
1172,32067.0,99398.0,101700.0
1173,32067.0,101048.0,101700.0
1174,18142.0,114848.0,102299.0
1175,19642.0,114848.0,102299.0
1176,18142.0,114848.0,101700.0
1177,19642.0,114848.0,101700.0
1178,16867.0,104173.0,98700.0
1179,16867.0,104173.0,102299.0
1180,16867.0,105673.0,98700.0
1181,16867.0,105673.0,102299.0
1182,16867.0,104173.0,101200.0
1183,16867.0,105673.0,101200.0
1184,32067.0,104448.0,102299.0
1185,32067.0,105948.0,102299.0
1186,32067.0,104448.0,101200.0
1187,32067.0,105948.0,101200.0
1188,29217.0,114848.0,102299.0
1189,30717.0,114848.0,102299.0
1190,29217.0,114848.0,101700.0
1191,30717.0,114848.0,101700.0
1192,16867.0,111398.0,105900.0
1193,16867.0,112898.0,105900.0
1194,16867.0,111398.0,104799.0
1195,16867.0,112898.0,104799.0
1196,32067.0,111998.0,105900.0
1197,32067.0,113498.0,105900.0
1198,32067.0,111998.0,104799.0
1199,32067.0,113498.0,104799.0
1200,16867.0,101623.0,105900.0
1201,16867.0,103123.0,105900.0
1202,16867.0,101623.0,104799.0
1203,16867.0,103123.0,104799.0
1204,16867.0,99398.0,105900.0
1205,16867.0,99398.0,105299.0
1206,16867.0,101048.0,105299.0
1207,32067.0,101623.0,105900.0
1208,32067.0,103123.0,105900.0
1209,32067.0,101623.0,104799.0
1210,32067.0,103123.0,104799.0
1211,32067.0,99398.0,105900.0
1212,32067.0,99398.0,105299.0
1213,32067.0,101048.0,105299.0
1214,18142.0,114848.0,105900.0
1215,19642.0,114848.0,105900.0
1216,18142.0,114848.0,105299.0
1217,19642.0,114848.0,105299.0
1218,16867.0,104173.0,105900.0
1219,16867.0,105673.0,105900.0
1220,16867.0,104173.0,104799.0
1221,16867.0,105673.0,104799.0
1222,32067.0,104448.0,105900.0
1223,32067.0,105948.0,105900.0
1224,32067.0,104448.0,104799.0
1225,32067.0,105948.0,104799.0
1226,29217.0,114848.0,105900.0
1227,30717.0,114848.0,105900.0
1228,29217.0,114848.0,105299.0
1229,30717.0,114848.0,105299.0
1230,16867.0,111398.0,109500.0
1231,16867.0,112898.0,109500.0
1232,16867.0,111398.0,108400.0
1233,16867.0,112898.0,108400.0
1234,32067.0,111998.0,109500.0
1235,32067.0,113498.0,109500.0
1236,32067.0,111998.0,108400.0
1237,32067.0,113498.0,108400.0
1238,16867.0,101623.0,109500.0
1239,16867.0,103123.0,109500.0
1240,16867.0,101623.0,108400.0
1241,16867.0,103123.0,108400.0
1242,16867.0,99398.0,109500.0
1243,16867.0,99398.0,108900.0
1244,16867.0,101048.0,108900.0
1245,32067.0,101623.0,109500.0
1246,32067.0,103123.0,109500.0
1247,32067.0,101623.0,108400.0
1248,32067.0,103123.0,108400.0
1249,32067.0,99398.0,109500.0
1250,32067.0,99398.0,108900.0
1251,32067.0,101048.0,108900.0
1252,18142.0,114848.0,109500.0
1253,19642.0,114848.0,109500.0
1254,18142.0,114848.0,108900.0
1255,19642.0,114848.0,108900.0
1256,16867.0,104173.0,109500.0
1257,16867.0,105673.0,109500.0
1258,16867.0,104173.0,108400.0
1259,16867.0,105673.0,108400.0
1260,32067.0,104448.0,109500.0
1261,32067.0,105948.0,109500.0
1262,32067.0,104448.0,108400.0
1263,32067.0,105948.0,108400.0
1264,29217.0,114848.0,109500.0
1265,30717.0,114848.0,109500.0
1266,29217.0,114848.0,108900.0
1267,30717.0,114848.0,108900.0
1268,16867.0,111398.0,113100.0
1269,16867.0,112898.0,113100.0
1270,16867.0,111398.0,112000.0
1271,16867.0,112898.0,112000.0
1272,32067.0,111998.0,113100.0
1273,32067.0,113498.0,113100.0
1274,32067.0,111998.0,112000.0
1275,32067.0,113498.0,112000.0
1276,16867.0,101623.0,113100.0
1277,16867.0,103123.0,113100.0
1278,16867.0,101623.0,112000.0
1279,16867.0,103123.0,112000.0
1280,16867.0,99398.0,113100.0
1281,16867.0,99398.0,112500.0
1282,16867.0,101048.0,112500.0
1283,32067.0,101623.0,113100.0
1284,32067.0,103123.0,113100.0
1285,32067.0,101623.0,112000.0
1286,32067.0,103123.0,112000.0
1287,32067.0,99398.0,113100.0
1288,32067.0,99398.0,112500.0
1289,32067.0,101048.0,112500.0
1290,18142.0,114848.0,113100.0
1291,19642.0,114848.0,113100.0
1292,18142.0,114848.0,112500.0
1293,19642.0,114848.0,112500.0
1294,16867.0,104173.0,113100.0
1295,16867.0,105673.0,113100.0
1296,16867.0,104173.0,112000.0
1297,16867.0,105673.0,112000.0
1298,32067.0,104448.0,113100.0
1299,32067.0,105948.0,113100.0
1300,32067.0,104448.0,112000.0
1301,32067.0,105948.0,112000.0
1302,29217.0,114848.0,113100.0
1303,30717.0,114848.0,113100.0
1304,29217.0,114848.0,112500.0
1305,30717.0,114848.0,112500.0
1306,16867.0,111398.0,116700.0
1307,16867.0,112898.0,116700.0
1308,16867.0,111398.0,115600.0
1309,16867.0,112898.0,115600.0
1310,32067.0,111998.0,116700.0
1311,32067.0,113498.0,116700.0
1312,32067.0,111998.0,115600.0
1313,32067.0,113498.0,115600.0
1314,16867.0,101623.0,116700.0
1315,16867.0,103123.0,116700.0
1316,16867.0,101623.0,115600.0
1317,16867.0,103123.0,115600.0
1318,16867.0,99398.0,116700.0
1319,16867.0,99398.0,116100.0
1320,16867.0,101048.0,116100.0
1321,32067.0,101623.0,116700.0
1322,32067.0,103123.0,116700.0
1323,32067.0,101623.0,115600.0
1324,32067.0,103123.0,115600.0
1325,32067.0,99398.0,116700.0
1326,32067.0,99398.0,116100.0
1327,32067.0,101048.0,116100.0
1328,18142.0,114848.0,116700.0
1329,19642.0,114848.0,116700.0
1330,18142.0,114848.0,116100.0
1331,19642.0,114848.0,116100.0
1332,16867.0,104173.0,116700.0
1333,16867.0,105673.0,116700.0
1334,16867.0,104173.0,115600.0
1335,16867.0,105673.0,115600.0
1336,32067.0,104448.0,116700.0
1337,32067.0,105948.0,116700.0
1338,32067.0,104448.0,115600.0
1339,32067.0,105948.0,115600.0
1340,29217.0,114848.0,116700.0
1341,30717.0,114848.0,116700.0
1342,29217.0,114848.0,116100.0
1343,30717.0,114848.0,116100.0
1344,16867.0,111398.0,120299.0
1345,16867.0,112898.0,120299.0
1346,16867.0,111398.0,119200.0
1347,16867.0,112898.0,119200.0
1348,32067.0,111998.0,120299.0
1349,32067.0,113498.0,120299.0
1350,32067.0,111998.0,119200.0
1351,32067.0,113498.0,119200.0
1352,16867.0,101623.0,120299.0
1353,16867.0,103123.0,120299.0
1354,16867.0,101623.0,119200.0
1355,16867.0,103123.0,119200.0
1356,16867.0,99398.0,120299.0
1357,16867.0,99398.0,119700.0
1358,16867.0,101048.0,119700.0
1359,32067.0,101623.0,120299.0
1360,32067.0,103123.0,120299.0
1361,32067.0,101623.0,119200.0
1362,32067.0,103123.0,119200.0
1363,32067.0,99398.0,120299.0
1364,32067.0,99398.0,119700.0
1365,32067.0,101048.0,119700.0
1366,18142.0,114848.0,120299.0
1367,19642.0,114848.0,120299.0
1368,18142.0,114848.0,119700.0
1369,19642.0,114848.0,119700.0
1370,16867.0,104173.0,120299.0
1371,16867.0,105673.0,120299.0
1372,16867.0,104173.0,119200.0
1373,16867.0,105673.0,119200.0
1374,32067.0,104448.0,120299.0
1375,32067.0,105948.0,120299.0
1376,32067.0,104448.0,119200.0
1377,32067.0,105948.0,119200.0
1378,29217.0,114848.0,120299.0
1379,30717.0,114848.0,120299.0
1380,29217.0,114848.0,119700.0
1381,30717.0,114848.0,119700.0
1382,16867.0,111398.0,123900.0
1383,16867.0,112898.0,123900.0
1384,16867.0,111398.0,122799.0
1385,16867.0,112898.0,122799.0
1386,32067.0,111998.0,123900.0
1387,32067.0,113498.0,123900.0
1388,32067.0,111998.0,122799.0
1389,32067.0,113498.0,122799.0
1390,16867.0,101623.0,123900.0
1391,16867.0,103123.0,123900.0
1392,16867.0,101623.0,122799.0
1393,16867.0,103123.0,122799.0
1394,16867.0,99398.0,123900.0
1395,16867.0,99398.0,123299.0
1396,16867.0,101048.0,123299.0
1397,32067.0,101623.0,123900.0
1398,32067.0,103123.0,123900.0
1399,32067.0,101623.0,122799.0
1400,32067.0,103123.0,122799.0
1401,32067.0,99398.0,123900.0
1402,32067.0,99398.0,123299.0
1403,32067.0,101048.0,123299.0
1404,18142.0,114848.0,123900.0
1405,19642.0,114848.0,123900.0
1406,18142.0,114848.0,123299.0
1407,19642.0,114848.0,123299.0
1408,16867.0,104173.0,123900.0
1409,16867.0,105673.0,123900.0
1410,16867.0,104173.0,122799.0
1411,16867.0,105673.0,122799.0
1412,32067.0,104448.0,123900.0
1413,32067.0,105948.0,123900.0
1414,32067.0,104448.0,122799.0
1415,32067.0,105948.0,122799.0
1416,29217.0,114848.0,123900.0
1417,30717.0,114848.0,123900.0
1418,29217.0,114848.0,123299.0
1419,30717.0,114848.0,123299.0
1420,16867.0,111398.0,127500.0
1421,16867.0,112898.0,127500.0
1422,16867.0,111398.0,126400.0
1423,16867.0,112898.0,126400.0
1424,32067.0,111998.0,127500.0
1425,32067.0,113498.0,127500.0
1426,32067.0,111998.0,126400.0
1427,32067.0,113498.0,126400.0
1428,16867.0,101623.0,127500.0
1429,16867.0,103123.0,127500.0
1430,16867.0,101623.0,126400.0
1431,16867.0,103123.0,126400.0
1432,16867.0,99398.0,127500.0
1433,16867.0,99398.0,126900.0
1434,16867.0,101048.0,126900.0
1435,32067.0,101623.0,127500.0
1436,32067.0,103123.0,127500.0
1437,32067.0,101623.0,126400.0
1438,32067.0,103123.0,126400.0
1439,32067.0,99398.0,127500.0
1440,32067.0,99398.0,126900.0
1441,32067.0,101048.0,126900.0
1442,18142.0,114848.0,127500.0
1443,19642.0,114848.0,127500.0
1444,18142.0,114848.0,126900.0
1445,19642.0,114848.0,126900.0
1446,16867.0,104173.0,127500.0
1447,16867.0,105673.0,127500.0
1448,16867.0,104173.0,126400.0
1449,16867.0,105673.0,126400.0
1450,32067.0,104448.0,127500.0
1451,32067.0,105948.0,127500.0
1452,32067.0,104448.0,126400.0
1453,32067.0,105948.0,126400.0
1454,29217.0,114848.0,127500.0
1455,30717.0,114848.0,127500.0
1456,29217.0,114848.0,126900.0
1457,30717.0,114848.0,126900.0
1458,16867.0,111398.0,131100.0
1459,16867.0,112898.0,131100.0
1460,16867.0,111398.0,130000.0
1461,16867.0,112898.0,130000.0
1462,32067.0,111998.0,131100.0
1463,32067.0,113498.0,131100.0
1464,32067.0,111998.0,130000.0
1465,32067.0,113498.0,130000.0
1466,16867.0,101623.0,131100.0
1467,16867.0,103123.0,131100.0
1468,16867.0,101623.0,130000.0
1469,16867.0,103123.0,130000.0
1470,16867.0,99398.0,131100.0
1471,16867.0,99398.0,130500.0
1472,16867.0,101048.0,130500.0
1473,32067.0,101623.0,131100.0
1474,32067.0,103123.0,131100.0
1475,32067.0,101623.0,130000.0
1476,32067.0,103123.0,130000.0
1477,32067.0,99398.0,131100.0
1478,32067.0,99398.0,130500.0
1479,32067.0,101048.0,130500.0
1480,18142.0,114848.0,131100.0
1481,19642.0,114848.0,131100.0
1482,18142.0,114848.0,130500.0
1483,19642.0,114848.0,130500.0
1484,16867.0,104173.0,131100.0
1485,16867.0,105673.0,131100.0
1486,16867.0,104173.0,130000.0
1487,16867.0,105673.0,130000.0
1488,32067.0,104448.0,131100.0
1489,32067.0,105948.0,131100.0
1490,32067.0,104448.0,130000.0
1491,32067.0,105948.0,130000.0
1492,29217.0,114848.0,131100.0
1493,30717.0,114848.0,131100.0
1494,29217.0,114848.0,130500.0
1495,30717.0,114848.0,130500.0
1496,16867.0,111398.0,134700.0
1497,16867.0,112898.0,134700.0
1498,16867.0,111398.0,133600.0
1499,16867.0,112898.0,133600.0
1500,32067.0,111998.0,134700.0
1501,32067.0,113498.0,134700.0
1502,32067.0,111998.0,133600.0
1503,32067.0,113498.0,133600.0
1504,16867.0,101623.0,134700.0
1505,16867.0,103123.0,134700.0
1506,16867.0,101623.0,133600.0
1507,16867.0,103123.0,133600.0
1508,16867.0,99398.0,134700.0
1509,16867.0,99398.0,134100.0
1510,16867.0,101048.0,134100.0
1511,32067.0,101623.0,134700.0
1512,32067.0,103123.0,134700.0
1513,32067.0,101623.0,133600.0
1514,32067.0,103123.0,133600.0
1515,32067.0,99398.0,134700.0
1516,32067.0,99398.0,134100.0
1517,32067.0,101048.0,134100.0
1518,18142.0,114848.0,134700.0
1519,19642.0,114848.0,134700.0
1520,18142.0,114848.0,134100.0
1521,19642.0,114848.0,134100.0
1522,16867.0,104173.0,134700.0
1523,16867.0,105673.0,134700.0
1524,16867.0,104173.0,133600.0
1525,16867.0,105673.0,133600.0
1526,32067.0,104448.0,134700.0
1527,32067.0,105948.0,134700.0
1528,32067.0,104448.0,133600.0
1529,32067.0,105948.0,133600.0
1530,29217.0,114848.0,134700.0
1531,30717.0,114848.0,134700.0
1532,29217.0,114848.0,134100.0
1533,30717.0,114848.0,134100.0
1534,16867.0,111398.0,138300.0
1535,16867.0,112898.0,138300.0
1536,16867.0,111398.0,137200.0
1537,16867.0,112898.0,137200.0
1538,32067.0,111998.0,138300.0
1539,32067.0,113498.0,138300.0
1540,32067.0,111998.0,137200.0
1541,32067.0,113498.0,137200.0
1542,16867.0,101623.0,138300.0
1543,16867.0,103123.0,138300.0
1544,16867.0,101623.0,137200.0
1545,16867.0,103123.0,137200.0
1546,16867.0,99398.0,138300.0
1547,16867.0,99398.0,137700.0
1548,16867.0,101048.0,137700.0
1549,32067.0,101623.0,138300.0
1550,32067.0,103123.0,138300.0
1551,32067.0,101623.0,137200.0
1552,32067.0,103123.0,137200.0
1553,32067.0,99398.0,138300.0
1554,32067.0,99398.0,137700.0
1555,32067.0,101048.0,137700.0
1556,18142.0,114848.0,138300.0
1557,19642.0,114848.0,138300.0
1558,18142.0,114848.0,137700.0
1559,19642.0,114848.0,137700.0
1560,16867.0,104173.0,138300.0
1561,16867.0,105673.0,138300.0
1562,16867.0,104173.0,137200.0
1563,16867.0,105673.0,137200.0
1564,32067.0,104448.0,138300.0
1565,32067.0,105948.0,138300.0
1566,32067.0,104448.0,137200.0
1567,32067.0,105948.0,137200.0
1568,29217.0,114848.0,138300.0
1569,30717.0,114848.0,138300.0
1570,29217.0,114848.0,137700.0
1571,30717.0,114848.0,137700.0
1572,16867.0,111398.0,141900.0
1573,16867.0,112898.0,141900.0
1574,16867.0,111398.0,140800.0
1575,16867.0,112898.0,140800.0
1576,32067.0,111998.0,141900.0
1577,32067.0,113498.0,141900.0
1578,32067.0,111998.0,140800.0
1579,32067.0,113498.0,140800.0
1580,16867.0,101623.0,141900.0
1581,16867.0,103123.0,141900.0
1582,16867.0,101623.0,140800.0
1583,16867.0,103123.0,140800.0
1584,16867.0,99398.0,141900.0
1585,16867.0,99398.0,141300.0
1586,16867.0,101048.0,141300.0
1587,32067.0,101623.0,141900.0
1588,32067.0,103123.0,141900.0
1589,32067.0,101623.0,140800.0
1590,32067.0,103123.0,140800.0
1591,32067.0,99398.0,141900.0
1592,32067.0,99398.0,141300.0
1593,32067.0,101048.0,141300.0
1594,18142.0,114848.0,141900.0
1595,19642.0,114848.0,141900.0
1596,18142.0,114848.0,141300.0
1597,19642.0,114848.0,141300.0
1598,16867.0,104173.0,141900.0
1599,16867.0,105673.0,141900.0
1600,16867.0,104173.0,140800.0
1601,16867.0,105673.0,140800.0
1602,32067.0,104448.0,141900.0
1603,32067.0,105948.0,141900.0
1604,32067.0,104448.0,140800.0
1605,32067.0,105948.0,140800.0
1606,29217.0,114848.0,141900.0
1607,30717.0,114848.0,141900.0
1608,29217.0,114848.0,141300.0
1609,30717.0,114848.0,141300.0
1610,32067.0,112061.0,141900.0
1611,32067.0,112061.0,145500.0
1612,32067.0,113561.0,141900.0
1613,32067.0,113561.0,145500.0
1614,32067.0,112061.0,144400.0
1615,32067.0,113561.0,144400.0
1616,16867.0,101948.0,141900.0
1617,16867.0,101948.0,145500.0
1618,16867.0,103448.0,141900.0
1619,16867.0,103448.0,145500.0
1620,16867.0,101948.0,144400.0
1621,16867.0,103448.0,144400.0
1622,16867.0,99398.0,145500.0
1623,16867.0,99398.0,144900.0
1624,16867.0,101048.0,144900.0
1625,32067.0,99398.0,145500.0
1626,32067.0,99398.0,144900.0
1627,32067.0,101048.0,144900.0
1628,18466.0,114848.0,141900.0
1629,18466.0,114848.0,145500.0
1630,19966.0,114848.0,141900.0
1631,19966.0,114848.0,145500.0
1632,18466.0,114848.0,144900.0
1633,19966.0,114848.0,144900.0
1634,16867.0,111798.0,144400.0
1635,16867.0,113648.0,144400.0
1636,16867.0,105548.0,141900.0
1637,16867.0,105548.0,145500.0
1638,16867.0,105248.0,144400.0
1639,16867.0,105548.0,144400.0
1640,16867.0,104348.0,144400.0
1641,32067.0,103486.0,141900.0
1642,32067.0,103486.0,145500.0
1643,32067.0,104986.0,141900.0
1644,32067.0,104986.0,145500.0
1645,32067.0,103486.0,144400.0
1646,32067.0,104986.0,144400.0
1647,29217.0,114848.0,145500.0
1648,30717.0,114848.0,145500.0
1649,29217.0,114848.0,144900.0
1650,30717.0,114848.0,144900.0
1651,32067.0,112061.0,149100.0
1652,32067.0,113561.0,149100.0
1653,32067.0,112061.0,148000.0
1654,32067.0,113561.0,148000.0
1655,16867.0,101948.0,149100.0
1656,16867.0,103448.0,149100.0
1657,16867.0,101948.0,148000.0
1658,16867.0,103448.0,148000.0
1659,16867.0,99398.0,149100.0
1660,16867.0,99398.0,148500.0
1661,16867.0,101048.0,148500.0
1662,32067.0,99398.0,149100.0
1663,32067.0,99398.0,148500.0
1664,32067.0,101048.0,148500.0
1665,18466.0,114848.0,149100.0
1666,19966.0,114848.0,149100.0
1667,18466.0,114848.0,148500.0
1668,19966.0,114848.0,148500.0
1669,16867.0,111798.0,148000.0
1670,16867.0,113648.0,148000.0
1671,16867.0,105548.0,149100.0
1672,16867.0,105248.0,148000.0
1673,16867.0,105548.0,148000.0
1674,16867.0,104348.0,148000.0
1675,32067.0,103486.0,149100.0
1676,32067.0,104986.0,149100.0
1677,32067.0,103486.0,148000.0
1678,32067.0,104986.0,148000.0
1679,29217.0,114848.0,149100.0
1680,30717.0,114848.0,149100.0
1681,29217.0,114848.0,148500.0
1682,30717.0,114848.0,148500.0
1683,32067.0,112061.0,152700.0
1684,32067.0,113561.0,152700.0
1685,32067.0,112061.0,151600.0
1686,32067.0,113561.0,151600.0
1687,16867.0,101948.0,152700.0
1688,16867.0,103448.0,152700.0
1689,16867.0,101948.0,151600.0
1690,16867.0,103448.0,151600.0
1691,16867.0,99398.0,152700.0
1692,16867.0,99398.0,152100.0
1693,16867.0,101048.0,152100.0
1694,32067.0,99398.0,152700.0
1695,32067.0,99398.0,152100.0
1696,32067.0,101048.0,152100.0
1697,18466.0,114848.0,152700.0
1698,19966.0,114848.0,152700.0
1699,18466.0,114848.0,152100.0
1700,19966.0,114848.0,152100.0
1701,16867.0,111798.0,151600.0
1702,16867.0,113648.0,151600.0
1703,16867.0,105548.0,152700.0
1704,16867.0,105248.0,151600.0
1705,16867.0,105548.0,151600.0
1706,16867.0,104348.0,151600.0
1707,32067.0,103486.0,152700.0
1708,32067.0,104986.0,152700.0
1709,32067.0,103486.0,151600.0
1710,32067.0,104986.0,151600.0
1711,29217.0,114848.0,152700.0
1712,30717.0,114848.0,152700.0
1713,29217.0,114848.0,152100.0
1714,30717.0,114848.0,152100.0
1715,32067.0,112061.0,156300.0
1716,32067.0,113561.0,156300.0
1717,32067.0,112061.0,155200.0
1718,32067.0,113561.0,155200.0
1719,16867.0,101948.0,156300.0
1720,16867.0,103448.0,156300.0
1721,16867.0,101948.0,155200.0
1722,16867.0,103448.0,155200.0
1723,16867.0,99398.0,156300.0
1724,16867.0,99398.0,155700.0
1725,16867.0,101048.0,155700.0
1726,32067.0,99398.0,156300.0
1727,32067.0,99398.0,155700.0
1728,32067.0,101048.0,155700.0
1729,18466.0,114848.0,156300.0
1730,19966.0,114848.0,156300.0
1731,18466.0,114848.0,155700.0
1732,19966.0,114848.0,155700.0
1733,16867.0,111798.0,155200.0
1734,16867.0,113648.0,155200.0
1735,16867.0,105548.0,156300.0
1736,16867.0,105248.0,155200.0
1737,16867.0,105548.0,155200.0
1738,16867.0,104348.0,155200.0
1739,32067.0,103486.0,156300.0
1740,32067.0,104986.0,156300.0
1741,32067.0,103486.0,155200.0
1742,32067.0,104986.0,155200.0
1743,29217.0,114848.0,156300.0
1744,30717.0,114848.0,156300.0
1745,29217.0,114848.0,155700.0
1746,30717.0,114848.0,155700.0
1747,32067.0,112061.0,159900.0
1748,32067.0,113561.0,159900.0
1749,32067.0,112061.0,158800.0
1750,32067.0,113561.0,158800.0
1751,16867.0,101948.0,159900.0
1752,16867.0,103448.0,159900.0
1753,16867.0,101948.0,158800.0
1754,16867.0,103448.0,158800.0
1755,16867.0,99398.0,159900.0
1756,16867.0,99398.0,159300.0
1757,16867.0,101048.0,159300.0
1758,32067.0,99398.0,159900.0
1759,32067.0,99398.0,159300.0
1760,32067.0,101048.0,159300.0
1761,18466.0,114848.0,159900.0
1762,19966.0,114848.0,159900.0
1763,18466.0,114848.0,159300.0
1764,19966.0,114848.0,159300.0
1765,16867.0,111798.0,158800.0
1766,16867.0,113648.0,158800.0
1767,16867.0,105548.0,159900.0
1768,16867.0,105248.0,158800.0
1769,16867.0,105548.0,158800.0
1770,16867.0,104348.0,158800.0
1771,32067.0,103486.0,159900.0
1772,32067.0,104986.0,159900.0
1773,32067.0,103486.0,158800.0
1774,32067.0,104986.0,158800.0
1775,29217.0,114848.0,159900.0
1776,30717.0,114848.0,159900.0
1777,29217.0,114848.0,159300.0
1778,30717.0,114848.0,159300.0
1779,32067.0,112061.0,163500.0
1780,32067.0,113561.0,163500.0
1781,32067.0,112061.0,162400.0
1782,32067.0,113561.0,162400.0
1783,16867.0,101948.0,163500.0
1784,16867.0,103448.0,163500.0
1785,16867.0,101948.0,162400.0
1786,16867.0,103448.0,162400.0
1787,16867.0,99398.0,163500.0
1788,16867.0,99398.0,162900.0
1789,16867.0,101048.0,162900.0
1790,32067.0,99398.0,163500.0
1791,32067.0,99398.0,162900.0
1792,32067.0,101048.0,162900.0
1793,18466.0,114848.0,163500.0
1794,19966.0,114848.0,163500.0
1795,18466.0,114848.0,162900.0
1796,19966.0,114848.0,162900.0
1797,16867.0,111798.0,162400.0
1798,16867.0,113648.0,162400.0
1799,16867.0,105548.0,163500.0
1800,16867.0,105248.0,162400.0
1801,16867.0,105548.0,162400.0
1802,16867.0,104348.0,162400.0
1803,32067.0,103486.0,163500.0
1804,32067.0,104986.0,163500.0
1805,32067.0,103486.0,162400.0
1806,32067.0,104986.0,162400.0
1807,29217.0,114848.0,163500.0
1808,30717.0,114848.0,163500.0
1809,29217.0,114848.0,162900.0
1810,30717.0,114848.0,162900.0
1811,32067.0,112061.0,167100.0
1812,32067.0,113561.0,167100.0
1813,32067.0,112061.0,166000.0
1814,32067.0,113561.0,166000.0
1815,16867.0,101948.0,167100.0
1816,16867.0,103448.0,167100.0
1817,16867.0,101948.0,166000.0
1818,16867.0,103448.0,166000.0
1819,16867.0,99398.0,167100.0
1820,16867.0,99398.0,166500.0
1821,16867.0,101048.0,166500.0
1822,32067.0,99398.0,167100.0
1823,32067.0,99398.0,166500.0
1824,32067.0,101048.0,166500.0
1825,18466.0,114848.0,167100.0
1826,19966.0,114848.0,167100.0
1827,18466.0,114848.0,166500.0
1828,19966.0,114848.0,166500.0
1829,16867.0,111798.0,166000.0
1830,16867.0,113648.0,166000.0
1831,16867.0,105548.0,167100.0
1832,16867.0,105248.0,166000.0
1833,16867.0,105548.0,166000.0
1834,16867.0,104348.0,166000.0
1835,32067.0,103486.0,167100.0
1836,32067.0,104986.0,167100.0
1837,32067.0,103486.0,166000.0
1838,32067.0,104986.0,166000.0
1839,29217.0,114848.0,167100.0
1840,30717.0,114848.0,167100.0
1841,29217.0,114848.0,166500.0
1842,30717.0,114848.0,166500.0
1843,32067.0,112061.0,170700.0
1844,32067.0,113561.0,170700.0
1845,32067.0,112061.0,169600.0
1846,32067.0,113561.0,169600.0
1847,16867.0,101948.0,170700.0
1848,16867.0,103448.0,170700.0
1849,16867.0,101948.0,169600.0
1850,16867.0,103448.0,169600.0
1851,16867.0,99398.0,170700.0
1852,16867.0,99398.0,170100.0
1853,16867.0,101048.0,170100.0
1854,32067.0,99398.0,170700.0
1855,32067.0,99398.0,170100.0
1856,32067.0,101048.0,170100.0
1857,18466.0,114848.0,170700.0
1858,19966.0,114848.0,170700.0
1859,18466.0,114848.0,170100.0
1860,19966.0,114848.0,170100.0
1861,16867.0,111798.0,169600.0
1862,16867.0,113648.0,169600.0
1863,16867.0,105548.0,170700.0
1864,16867.0,105248.0,169600.0
1865,16867.0,105548.0,169600.0
1866,16867.0,104348.0,169600.0
1867,32067.0,103486.0,170700.0
1868,32067.0,104986.0,170700.0
1869,32067.0,103486.0,169600.0
1870,32067.0,104986.0,169600.0
1871,29217.0,114848.0,170700.0
1872,30717.0,114848.0,170700.0
1873,29217.0,114848.0,170100.0
1874,30717.0,114848.0,170100.0
1875,32067.0,112061.0,174300.0
1876,32067.0,113561.0,174300.0
1877,32067.0,112061.0,173200.0
1878,32067.0,113561.0,173200.0
1879,16867.0,101948.0,174300.0
1880,16867.0,103448.0,174300.0
1881,16867.0,101948.0,173200.0
1882,16867.0,103448.0,173200.0
1883,16867.0,99398.0,174300.0
1884,16867.0,99398.0,173700.0
1885,16867.0,101048.0,173700.0
1886,32067.0,99398.0,174300.0
1887,32067.0,99398.0,173700.0
1888,32067.0,101048.0,173700.0
1889,18466.0,114848.0,174300.0
1890,19966.0,114848.0,174300.0
1891,18466.0,114848.0,173700.0
1892,19966.0,114848.0,173700.0
1893,16867.0,111798.0,173200.0
1894,16867.0,113648.0,173200.0
1895,16867.0,105548.0,174300.0
1896,16867.0,105248.0,173200.0
1897,16867.0,105548.0,173200.0
1898,16867.0,104348.0,173200.0
1899,32067.0,103486.0,174300.0
1900,32067.0,104986.0,174300.0
1901,32067.0,103486.0,173200.0
1902,32067.0,104986.0,173200.0
1903,29217.0,114848.0,174300.0
1904,30717.0,114848.0,174300.0
1905,29217.0,114848.0,173700.0
1906,30717.0,114848.0,173700.0
1907,32067.0,112061.0,177900.0
1908,32067.0,113561.0,177900.0
1909,32067.0,112061.0,176800.0
1910,32067.0,113561.0,176800.0
1911,16867.0,101673.0,174300.0
1912,16867.0,101673.0,177900.0
1913,16867.0,103173.0,174300.0
1914,16867.0,103173.0,177900.0
1915,16867.0,101673.0,176800.0
1916,16867.0,103173.0,176800.0
1917,16867.0,99398.0,177900.0
1918,16867.0,99398.0,177300.0
1919,16867.0,101048.0,177300.0
1920,32067.0,101673.0,174300.0
1921,32067.0,101673.0,177900.0
1922,32067.0,103173.0,174300.0
1923,32067.0,103173.0,177900.0
1924,32067.0,101673.0,176800.0
1925,32067.0,103173.0,176800.0
1926,32067.0,99398.0,177900.0
1927,32067.0,99398.0,177300.0
1928,32067.0,101048.0,177300.0
1929,18466.0,114848.0,177900.0
1930,19966.0,114848.0,177900.0
1931,18466.0,114848.0,177300.0
1932,19966.0,114848.0,177300.0
1933,16867.0,111798.0,176800.0
1934,16867.0,113648.0,176800.0
1935,29217.0,114848.0,177900.0
1936,30717.0,114848.0,177900.0
1937,29217.0,114848.0,177300.0
1938,30717.0,114848.0,177300.0
1939,32067.0,112061.0,181500.0
1940,32067.0,113561.0,181500.0
1941,32067.0,112061.0,180400.0
1942,32067.0,113561.0,180400.0
1943,16867.0,101673.0,181500.0
1944,16867.0,103173.0,181500.0
1945,16867.0,101673.0,180400.0
1946,16867.0,103173.0,180400.0
1947,16867.0,99398.0,181500.0
1948,16867.0,99398.0,180900.0
1949,16867.0,101048.0,180900.0
1950,32067.0,101673.0,181500.0
1951,32067.0,103173.0,181500.0
1952,32067.0,101673.0,180400.0
1953,32067.0,103173.0,180400.0
1954,32067.0,99398.0,181500.0
1955,32067.0,99398.0,180900.0
1956,32067.0,101048.0,180900.0
1957,18466.0,114848.0,181500.0
1958,19966.0,114848.0,181500.0
1959,18466.0,114848.0,180900.0
1960,19966.0,114848.0,180900.0
1961,16867.0,111798.0,180400.0
1962,16867.0,113648.0,180400.0
1963,29217.0,114848.0,181500.0
1964,30717.0,114848.0,181500.0
1965,29217.0,114848.0,180900.0
1966,30717.0,114848.0,180900.0
1967,32067.0,112061.0,185100.0
1968,32067.0,113561.0,185100.0
1969,32067.0,112061.0,184000.0
1970,32067.0,113561.0,184000.0
1971,16867.0,101673.0,185100.0
1972,16867.0,103173.0,185100.0
1973,16867.0,101673.0,184000.0
1974,16867.0,103173.0,184000.0
1975,16867.0,99398.0,185100.0
1976,16867.0,99398.0,184500.0
1977,16867.0,101048.0,184500.0
1978,32067.0,101673.0,185100.0
1979,32067.0,103173.0,185100.0
1980,32067.0,101673.0,184000.0
1981,32067.0,103173.0,184000.0
1982,32067.0,99398.0,185100.0
1983,32067.0,99398.0,184500.0
1984,32067.0,101048.0,184500.0
1985,18466.0,114848.0,185100.0
1986,19966.0,114848.0,185100.0
1987,18466.0,114848.0,184500.0
1988,19966.0,114848.0,184500.0
1989,16867.0,111798.0,184000.0
1990,16867.0,113648.0,184000.0
1991,29217.0,114848.0,185100.0
1992,30717.0,114848.0,185100.0
1993,29217.0,114848.0,184500.0
1994,30717.0,114848.0,184500.0
1995,32067.0,112061.0,188700.0
1996,32067.0,113561.0,188700.0
1997,32067.0,112061.0,187600.0
1998,32067.0,113561.0,187600.0
1999,16867.0,101673.0,188700.0
2000,16867.0,103173.0,188700.0
2001,16867.0,101673.0,187600.0
2002,16867.0,103173.0,187600.0
2003,16867.0,99398.0,188700.0
2004,16867.0,99398.0,188100.0
2005,16867.0,101048.0,188100.0
2006,32067.0,101673.0,188700.0
2007,32067.0,103173.0,188700.0
2008,32067.0,101673.0,187600.0
2009,32067.0,103173.0,187600.0
2010,32067.0,99398.0,188700.0
2011,32067.0,99398.0,188100.0
2012,32067.0,101048.0,188100.0
2013,18466.0,114848.0,188700.0
2014,19966.0,114848.0,188700.0
2015,18466.0,114848.0,188100.0
2016,19966.0,114848.0,188100.0
2017,16867.0,111798.0,187600.0
2018,16867.0,113648.0,187600.0
2019,29217.0,114848.0,188700.0
2020,30717.0,114848.0,188700.0
2021,29217.0,114848.0,188100.0
2022,30717.0,114848.0,188100.0
2023,32067.0,112061.0,192300.0
2024,32067.0,113561.0,192300.0
2025,32067.0,112061.0,191200.0
2026,32067.0,113561.0,191200.0
2027,16867.0,101673.0,192300.0
2028,16867.0,103173.0,192300.0
2029,16867.0,101673.0,191200.0
2030,16867.0,103173.0,191200.0
2031,16867.0,99398.0,192300.0
2032,16867.0,99398.0,191700.0
2033,16867.0,101048.0,191700.0
2034,32067.0,101673.0,192300.0
2035,32067.0,103173.0,192300.0
2036,32067.0,101673.0,191200.0
2037,32067.0,103173.0,191200.0
2038,32067.0,99398.0,192300.0
2039,32067.0,99398.0,191700.0
2040,32067.0,101048.0,191700.0
2041,18466.0,114848.0,192300.0
2042,19966.0,114848.0,192300.0
2043,18466.0,114848.0,191700.0
2044,19966.0,114848.0,191700.0
2045,16867.0,111798.0,191200.0
2046,16867.0,113648.0,191200.0
2047,29217.0,114848.0,192300.0
2048,30717.0,114848.0,192300.0
2049,29217.0,114848.0,191700.0
2050,30717.0,114848.0,191700.0
2051,32067.0,112061.0,196150.0
2052,32067.0,113561.0,196150.0
2053,32067.0,112061.0,194800.0
2054,32067.0,113561.0,194800.0
2055,16867.0,99398.0,196150.0
2056,16867.0,99398.0,195300.0
2057,16867.0,101048.0,195300.0
2058,32067.0,99398.0,196150.0
2059,32067.0,99398.0,195300.0
2060,32067.0,101048.0,195300.0
2061,18466.0,114848.0,196150.0
2062,19966.0,114848.0,196150.0
2063,18466.0,114848.0,195300.0
2064,19966.0,114848.0,195300.0
2065,16867.0,111798.0,194800.0
2066,16867.0,113648.0,194800.0
2067,16867.0,101673.0,196150.0
2068,16867.0,103173.0,196150.0
2069,16867.0,101673.0,194800.0
2070,16867.0,103173.0,194800.0
2071,32067.0,101673.0,196150.0
2072,32067.0,103173.0,196150.0
2073,32067.0,101673.0,194800.0
2074,32067.0,103173.0,194800.0
2075,29217.0,114848.0,196150.0
2076,30717.0,114848.0,196150.0
2077,29217.0,114848.0,195300.0
2078,30717.0,114848.0,195300.0
2079,32067.0,112061.0,200000.0
2080,32067.0,113561.0,200000.0
2081,32067.0,112061.0,198650.0
2082,32067.0,113561.0,198650.0
2083,16867.0,99398.0,200000.0
2084,16867.0,99398.0,199150.0
2085,16867.0,101048.0,199150.0
2086,32067.0,99398.0,200000.0
2087,32067.0,99398.0,199150.0
2088,32067.0,101048.0,199150.0
2089,18466.0,114848.0,200000.0
2090,19966.0,114848.0,200000.0
2091,18466.0,114848.0,199150.0
2092,19966.0,114848.0,199150.0
2093,16867.0,111798.0,198650.0
2094,16867.0,113648.0,198650.0
2095,16867.0,101673.0,200000.0
2096,16867.0,103173.0,200000.0
2097,16867.0,101673.0,198650.0
2098,16867.0,103173.0,198650.0
2099,32067.0,101673.0,200000.0
2100,32067.0,103173.0,200000.0
2101,32067.0,101673.0,198650.0
2102,32067.0,103173.0,198650.0
2103,29217.0,114848.0,200000.0
2104,30717.0,114848.0,200000.0
2105,29217.0,114848.0,199150.0
2106,30717.0,114848.0,199150.0
1000001,16867.0,114848.0,6000.0
1000002,32067.0,114848.0,6000.0
1000003,26367.0,114848.0,6000.0
1000004,20667.0,114848.0,6000.0
1000005,35867.0,110198.0,6000.0
1000006,39467.0,110198.0,6000.0
1000007,26367.0,113448.0,6000.0
1000008,26367.0,110448.0,6000.0
1000009,20667.0,111848.0,6000.0
1000010,20667.0,108798.0,6000.0
1000011,23267.0,111848.0,6000.0
1000012,16867.0,108748.0,6000.0
1000013,32067.0,108748.0,6000.0
1000014,23267.0,108798.0,6000.0
1000015,16867.0,107148.0,6000.0
1000016,32067.0,107148.0,6000.0
1000017,20667.0,107148.0,6000.0
1000018,28967.0,107148.0,6000.0
1000019,16867.0,101048.0,6000.0
1000020,17767.0,107148.0,6000.0
1000021,17767.0,101048.0,6000.0
1000022,20667.0,104348.0,6000.0
1000023,28967.0,104348.0,6000.0
1000024,31167.0,107148.0,6000.0
1000025,31167.0,101048.0,6000.0
1000026,32067.0,101048.0,6000.0
1000027,20667.0,101548.0,6000.0
1000028,20667.0,101048.0,6000.0
1000029,28967.0,101548.0,6000.0
1000030,28967.0,101048.0,6000.0
1000031,20667.0,98548.0,6000.0
1000032,28267.0,98548.0,6000.0
1000033,26367.0,98548.0,6000.0
1000034,16867.0,110198.0,6000.0
1000035,23267.0,109893.0,6000.0
1000036,23267.0,106298.0,6000.0
1000037,26367.0,106298.0,6000.0
1000038,20167.0,107148.0,6000.0
1000039,23267.0,99593.0,6000.0
1000040,26367.0,99593.0,6000.0
1000041,18417.0,98548.0,6000.0
1000042,30517.0,98548.0,6000.0
1000043,35867.0,114848.0,6000.0
1000044,39467.0,114848.0,6000.0
1000045,9467.0,114848.0,6000.0
1000046,13067.0,114848.0,6000.0
1000047,20667.0,113648.0,6000.0
1000048,16867.0,113648.0,6000.0
1000049,19917.0,113648.0,6000.0
1000050,19917.0,114848.0,6000.0
1000051,17867.0,113648.0,6000.0
1000052,17867.0,114848.0,6000.0
1000053,27767.0,113448.0,6000.0
1000054,19467.0,98548.0,6000.0
1000055,19467.0,101048.0,6000.0
1000056,17767.0,103698.0,6000.0
1000057,16867.0,103698.0,6000.0
1000058,31167.0,103698.0,6000.0
1000059,32067.0,103698.0,6000.0
1000060,20667.0,106298.0,6000.0
1000061,28967.0,106298.0,6000.0
1000062,20667.0,109893.0,6000.0
1000063,35867.0,112598.0,6000.0
1000064,39467.0,112598.0,6000.0
1000065,36667.0,110198.0,6000.0
1000066,36667.0,112598.0,6000.0
1000067,44067.0,114848.0,6000.0
1000068,44067.0,106698.0,6000.0
1000069,44067.0,98548.0,6000.0
1000070,4867.0,114848.0,6000.0
1000071,4867.0,106698.0,6000.0
1000072,4867.0,98548.0,6000.0
1000073,4867.0,87098.0,6000.0
1000074,16867.0,87098.0,6000.0
1000075,32067.0,87098.0,6000.0
1000076,44067.0,87098.0,6000.0
1000077,4867.0,126298.0,6000.0
1000078,9467.0,126348.0,6000.0
1000079,13067.0,126348.0,6000.0
1000080,16867.0,126298.0,6000.0
1000081,32067.0,126298.0,6000.0
1000082,35867.0,126348.0,6000.0
1000083,39467.0,126348.0,6000.0
1000084,44067.0,126298.0,6000.0
1000085,23267.0,114848.0,6000.0
1000086,23267.0,107148.0,6000.0
1000087,23267.0,104348.0,6000.0
1000088,23267.0,101548.0,6000.0
1000089,23267.0,98548.0,6000.0
1000090,16867.0,98548.0,6000.0
1000091,32067.0,110198.0,6000.0
1000092,32067.0,98548.0,6000.0
1000093,28967.0,98548.0,6000.0
1000095,30367.0,101048.0,6000.0
1000096,26367.0,101548.0,6000.0
1000097,26367.0,104348.0,6000.0
1000098,26367.0,107148.0,6000.0
1000099,27767.0,114848.0,6000.0
1000100,28967.0,113448.0,6000.0
1000101,28967.0,110448.0,6000.0
1000102,28967.0,114848.0,6000.0
1000103,28967.0,108748.0,6000.0
1000104,24817.0,114848.0,6000.0
1000105,24817.0,126348.0,6000.0
1000106,28967.0,126348.0,6000.0
1000107,20667.0,126348.0,6000.0
1000108,16867.0,106698.0,6000.0
1000109,23267.0,113648.0,6000.0
1000110,27367.0,110448.0,6000.0
1000111,44117.0,110198.0,6000.0
1000112,13067.0,98548.0,6000.0
1000113,9467.0,98548.0,6000.0
1000114,13067.0,106698.0,6000.0
1000115,9467.0,106698.0,6000.0
1000116,17667.0,114848.0,6000.0
1000117,32067.0,106698.0,6000.0
1000246,20667.0,114248.0,6000.0
1000276,23267.0,114248.0,6000.0
1000631,17817.0,108760.0,6000.0
1000632,18767.0,108773.0,6000.0
1000633,19717.0,108785.0,6000.0
1000634,20667.0,110870.0,6000.0
1000635,20667.0,112748.0,6000.0
1000636,18892.0,113648.0,6000.0
1000637,19467.0,99381.0,6000.0
1000638,19467.0,100214.0,6000.0
1000639,20667.0,99381.0,6000.0
1000640,20667.0,100214.0,6000.0
1000641,36667.0,110998.0,6000.0
1000642,36667.0,111798.0,6000.0
1000643,35867.0,110998.0,6000.0
1000644,35867.0,111798.0,6000.0
1000645,37600.0,112598.0,6000.0
1000646,38533.0,112598.0,6000.0
1000647,39467.0,113723.0,6000.0
1000648,36767.0,114848.0,6000.0
1000649,37667.0,114848.0,6000.0
1000650,38567.0,114848.0,6000.0
1000651,35867.0,113723.0,6000.0
1000652,22098.0,113362.0,6000.0
1000653,31578.0,99774.0,6000.0
2000001,16867.0,114848.0,10500.0
2000002,32067.0,114848.0,10500.0
2000003,26367.0,114848.0,10500.0
2000004,20667.0,114848.0,10500.0
2000005,26367.0,113448.0,10500.0
2000006,26367.0,110448.0,10500.0
2000007,20667.0,111848.0,10500.0
2000008,20667.0,108798.0,10500.0
2000009,23267.0,111848.0,10500.0
2000010,16867.0,108748.0,10500.0
2000011,32067.0,108748.0,10500.0
2000012,23267.0,108798.0,10500.0
2000013,16867.0,107148.0,10500.0
2000014,32067.0,107148.0,10500.0
2000015,20667.0,107148.0,10500.0
2000016,28967.0,107148.0,10500.0
2000017,16867.0,101048.0,10500.0
2000018,17767.0,107148.0,10500.0
2000019,17767.0,101048.0,10500.0
2000020,20667.0,104348.0,10500.0
2000021,28967.0,104348.0,10500.0
2000022,31167.0,107148.0,10500.0
2000023,31167.0,101048.0,10500.0
2000024,32067.0,101048.0,10500.0
2000025,20667.0,101548.0,10500.0
2000026,20667.0,101048.0,10500.0
2000027,28967.0,101548.0,10500.0
2000028,28967.0,101048.0,10500.0
2000029,20667.0,98548.0,10500.0
2000030,28267.0,98548.0,10500.0
2000031,26367.0,98548.0,10500.0
2000032,16867.0,98548.0,10500.0
2000033,32067.0,98548.0,10500.0
2000034,16867.0,110198.0,10500.0
2000035,32067.0,110198.0,10500.0
2000036,23267.0,109893.0,10500.0
2000037,27367.0,110448.0,10500.0
2000038,23267.0,106298.0,10500.0
2000039,26367.0,106298.0,10500.0
2000040,20167.0,107148.0,10500.0
2000041,23267.0,99593.0,10500.0
2000042,26367.0,99593.0,10500.0
2000043,18417.0,98548.0,10500.0
2000044,30517.0,98548.0,10500.0
2000045,35867.0,98548.0,10500.0
2000046,39467.0,98548.0,10500.0
2000047,35867.0,114848.0,10500.0
2000048,39467.0,114848.0,10500.0
2000049,9467.0,114848.0,10500.0
2000050,13067.0,114848.0,10500.0
2000051,9467.0,98548.0,10500.0
2000052,13067.0,98548.0,10500.0
2000053,17667.0,114848.0,10500.0
2000054,20667.0,113648.0,10500.0
2000055,16867.0,113648.0,10500.0
2000056,19917.0,113648.0,10500.0
2000057,19917.0,114848.0,10500.0
2000058,17867.0,113648.0,10500.0
2000059,17867.0,114848.0,10500.0
2000060,27767.0,113448.0,10500.0
2000061,19467.0,98548.0,10500.0
2000062,19467.0,101048.0,10500.0
2000063,17767.0,103698.0,10500.0
2000064,16867.0,103698.0,10500.0
2000065,31167.0,103698.0,10500.0
2000066,32067.0,103698.0,10500.0
2000067,20667.0,106298.0,10500.0
2000068,28967.0,106298.0,10500.0
2000069,23267.0,113648.0,10500.0
2000070,20667.0,109893.0,10500.0
2000071,44067.0,114848.0,10500.0
2000072,44067.0,106698.0,10500.0
2000073,44067.0,98548.0,10500.0
2000074,4867.0,114848.0,10500.0
2000075,4867.0,106698.0,10500.0
2000076,4867.0,98548.0,10500.0
2000077,4867.0,126298.0,10500.0
2000078,9467.0,126348.0,10500.0
2000079,13067.0,126348.0,10500.0
2000080,16867.0,126298.0,10500.0
2000081,32067.0,126298.0,10500.0
2000082,35867.0,126348.0,10500.0
2000083,39467.0,126348.0,10500.0
2000084,44067.0,126298.0,10500.0
2000085,4867.0,87098.0,10500.0
2000086,9467.0,87048.0,10500.0
2000087,13067.0,87048.0,10500.0
2000088,16867.0,87098.0,10500.0
2000089,32067.0,87098.0,10500.0
2000090,35867.0,87048.0,10500.0
2000091,39467.0,87048.0,10500.0
2000092,44067.0,87098.0,10500.0
2000093,23267.0,114848.0,10500.0
2000094,23267.0,107148.0,10500.0
2000095,16867.0,106698.0,10500.0
2000096,23267.0,104348.0,10500.0
2000097,23267.0,101548.0,10500.0
2000098,23267.0,98548.0,10500.0
2000099,32067.0,106698.0,10500.0
2000100,28967.0,98548.0,10500.0
2000102,30367.0,101048.0,10500.0
2000103,26367.0,101548.0,10500.0
2000104,26367.0,104348.0,10500.0
2000105,26367.0,107148.0,10500.0
2000106,27767.0,114848.0,10500.0
2000107,28967.0,113448.0,10500.0
2000108,28967.0,110448.0,10500.0
2000109,28967.0,114848.0,10500.0
2000110,28967.0,108748.0,10500.0
2000111,20667.0,87048.0,10500.0
2000112,28967.0,87048.0,10500.0
2000113,24817.0,98548.0,10500.0
2000114,24817.0,87048.0,10500.0
2000115,24817.0,114848.0,10500.0
2000116,24817.0,126348.0,10500.0
2000117,28967.0,126348.0,10500.0
2000118,20667.0,126348.0,10500.0
2000119,13067.0,106698.0,10500.0
2000120,9467.0,106698.0,10500.0
2000121,39467.0,106698.0,10500.0
2000122,35867.0,106698.0,10500.0
2000520,17817.0,108760.0,10500.0
2000521,18767.0,108773.0,10500.0
2000522,19717.0,108785.0,10500.0
2000523,20667.0,110870.0,10500.0
2000524,20667.0,112748.0,10500.0
2000525,18892.0,113648.0,10500.0
2000526,16867.0,109473.0,10500.0
2000527,16867.0,107948.0,10500.0
2000528,19467.0,99381.0,10500.0
2000529,19467.0,100214.0,10500.0
2000530,20667.0,99381.0,10500.0
2000531,20667.0,100214.0,10500.0
2000532,24606.0,106842.0,10500.0
3000001,16867.0,114848.0,15000.0
3000002,32067.0,114848.0,15000.0
3000003,26367.0,114848.0,15000.0
3000004,20667.0,114848.0,15000.0
3000005,26367.0,113448.0,15000.0
3000006,26367.0,110448.0,15000.0
3000007,20667.0,111848.0,15000.0
3000008,20667.0,108798.0,15000.0
3000009,23267.0,111848.0,15000.0
3000010,16867.0,108748.0,15000.0
3000011,32067.0,108748.0,15000.0
3000012,23267.0,108798.0,15000.0
3000013,16867.0,107148.0,15000.0
3000014,32067.0,107148.0,15000.0
3000015,20667.0,107148.0,15000.0
3000016,28967.0,107148.0,15000.0
3000017,16867.0,101048.0,15000.0
3000018,17767.0,107148.0,15000.0
3000019,17767.0,101048.0,15000.0
3000020,20667.0,104348.0,15000.0
3000021,28967.0,104348.0,15000.0
3000022,31167.0,107148.0,15000.0
3000023,31167.0,101048.0,15000.0
3000024,32067.0,101048.0,15000.0
3000025,20667.0,101548.0,15000.0
3000026,20667.0,101048.0,15000.0
3000027,28967.0,101548.0,15000.0
3000028,28967.0,101048.0,15000.0
3000029,20667.0,98548.0,15000.0
3000030,28267.0,98548.0,15000.0
3000031,26367.0,98548.0,15000.0
3000032,16867.0,98548.0,15000.0
3000033,32067.0,98548.0,15000.0
3000034,16867.0,110198.0,15000.0
3000035,32067.0,110198.0,15000.0
3000036,23267.0,109893.0,15000.0
3000037,27367.0,110448.0,15000.0
3000038,23267.0,106298.0,15000.0
3000039,26367.0,106298.0,15000.0
3000040,20167.0,107148.0,15000.0
3000041,23267.0,99593.0,15000.0
3000042,26367.0,99593.0,15000.0
3000043,18417.0,98548.0,15000.0
3000044,30517.0,98548.0,15000.0
3000045,35867.0,98548.0,15000.0
3000046,39467.0,98548.0,15000.0
3000047,35867.0,114848.0,15000.0
3000048,39467.0,114848.0,15000.0
3000049,9467.0,114848.0,15000.0
3000050,13067.0,114848.0,15000.0
3000051,9467.0,98548.0,15000.0
3000052,13067.0,98548.0,15000.0
3000053,17667.0,114848.0,15000.0
3000054,20667.0,113648.0,15000.0
3000055,16867.0,113648.0,15000.0
3000056,19917.0,113648.0,15000.0
3000057,19917.0,114848.0,15000.0
3000058,17867.0,113648.0,15000.0
3000059,17867.0,114848.0,15000.0
3000060,27767.0,113448.0,15000.0
3000061,19467.0,98548.0,15000.0
3000062,19467.0,101048.0,15000.0
3000063,17767.0,103698.0,15000.0
3000064,16867.0,103698.0,15000.0
3000065,31167.0,103698.0,15000.0
3000066,32067.0,103698.0,15000.0
3000067,20667.0,106298.0,15000.0
3000068,28967.0,106298.0,15000.0
3000069,23267.0,113648.0,15000.0
3000070,20667.0,109893.0,15000.0
3000071,44067.0,114848.0,15000.0
3000072,44067.0,106698.0,15000.0
3000073,44067.0,98548.0,15000.0
3000074,4867.0,114848.0,15000.0
3000075,4867.0,106698.0,15000.0
3000076,4867.0,98548.0,15000.0
3000077,4867.0,126298.0,15000.0
3000078,9467.0,126348.0,15000.0
3000079,13067.0,126348.0,15000.0
3000080,16867.0,126298.0,15000.0
3000081,32067.0,126298.0,15000.0
3000082,35867.0,126348.0,15000.0
3000083,39467.0,126348.0,15000.0
3000084,44067.0,126298.0,15000.0
3000085,4867.0,87098.0,15000.0
3000086,9467.0,87048.0,15000.0
3000087,13067.0,87048.0,15000.0
3000088,16867.0,87098.0,15000.0
3000089,32067.0,87098.0,15000.0
3000090,35867.0,87048.0,15000.0
3000091,39467.0,87048.0,15000.0
3000092,44067.0,87098.0,15000.0
3000093,23267.0,114848.0,15000.0
3000094,23267.0,107148.0,15000.0
3000095,16867.0,106698.0,15000.0
3000096,23267.0,104348.0,15000.0
3000097,23267.0,101548.0,15000.0
3000098,23267.0,98548.0,15000.0
3000099,32067.0,106698.0,15000.0
3000100,28967.0,98548.0,15000.0
3000102,30367.0,101048.0,15000.0
3000103,26367.0,101548.0,15000.0
3000104,26367.0,104348.0,15000.0
3000105,26367.0,107148.0,15000.0
3000106,27767.0,114848.0,15000.0
3000107,28967.0,113448.0,15000.0
3000108,28967.0,110448.0,15000.0
3000109,28967.0,114848.0,15000.0
3000110,28967.0,108748.0,15000.0
3000111,20667.0,87048.0,15000.0
3000112,28967.0,87048.0,15000.0
3000113,24817.0,98548.0,15000.0
3000114,24817.0,87048.0,15000.0
3000115,24817.0,114848.0,15000.0
3000116,24817.0,126348.0,15000.0
3000117,28967.0,126348.0,15000.0
3000118,20667.0,126348.0,15000.0
3000119,13067.0,106698.0,15000.0
3000120,9467.0,106698.0,15000.0
3000121,39467.0,106698.0,15000.0
3000122,35867.0,106698.0,15000.0
3000520,17817.0,108760.0,15000.0
3000521,18767.0,108773.0,15000.0
3000522,19717.0,108785.0,15000.0
3000523,20667.0,110870.0,15000.0
3000524,20667.0,112748.0,15000.0
3000525,18892.0,113648.0,15000.0
3000526,16867.0,109473.0,15000.0
3000527,16867.0,107948.0,15000.0
3000528,19467.0,99381.0,15000.0
3000529,19467.0,100214.0,15000.0
3000530,20667.0,99381.0,15000.0
3000531,20667.0,100214.0,15000.0
3000532,24606.0,106842.0,15000.0
4000001,16867.0,114848.0,19500.0
4000002,32067.0,114848.0,19500.0
4000003,26367.0,114848.0,19500.0
4000004,20667.0,114848.0,19500.0
4000005,26367.0,113448.0,19500.0
4000006,26367.0,110448.0,19500.0
4000007,20667.0,111848.0,19500.0
4000008,20667.0,108798.0,19500.0
4000009,23267.0,111848.0,19500.0
4000010,16867.0,108748.0,19500.0
4000011,32067.0,108748.0,19500.0
4000012,23267.0,108798.0,19500.0
4000013,16867.0,107148.0,19500.0
4000014,32067.0,107148.0,19500.0
4000015,20667.0,107148.0,19500.0
4000016,28967.0,107148.0,19500.0
4000017,16867.0,101048.0,19500.0
4000018,17767.0,107148.0,19500.0
4000019,17767.0,101048.0,19500.0
4000020,20667.0,104348.0,19500.0
4000021,28967.0,104348.0,19500.0
4000022,31167.0,107148.0,19500.0
4000023,31167.0,101048.0,19500.0
4000024,32067.0,101048.0,19500.0
4000025,20667.0,101548.0,19500.0
4000026,20667.0,101048.0,19500.0
4000027,28967.0,101548.0,19500.0
4000028,28967.0,101048.0,19500.0
4000029,20667.0,98548.0,19500.0
4000030,28267.0,98548.0,19500.0
4000031,26367.0,98548.0,19500.0
4000032,16867.0,98548.0,19500.0
4000033,32067.0,98548.0,19500.0
4000034,16867.0,110198.0,19500.0
4000035,32067.0,110198.0,19500.0
4000036,23267.0,109893.0,19500.0
4000037,27367.0,110448.0,19500.0
4000038,23267.0,106298.0,19500.0
4000039,26367.0,106298.0,19500.0
4000040,20167.0,107148.0,19500.0
4000041,23267.0,99593.0,19500.0
4000042,26367.0,99593.0,19500.0
4000043,18417.0,98548.0,19500.0
4000044,30517.0,98548.0,19500.0
4000045,35867.0,98548.0,19500.0
4000046,39467.0,98548.0,19500.0
4000047,35867.0,114848.0,19500.0
4000048,39467.0,114848.0,19500.0
4000049,9467.0,114848.0,19500.0
4000050,13067.0,114848.0,19500.0
4000051,9467.0,98548.0,19500.0
4000052,13067.0,98548.0,19500.0
4000053,17667.0,114848.0,19500.0
4000054,20667.0,113648.0,19500.0
4000055,16867.0,113648.0,19500.0
4000056,19917.0,113648.0,19500.0
4000057,19917.0,114848.0,19500.0
4000058,17867.0,113648.0,19500.0
4000059,17867.0,114848.0,19500.0
4000060,27767.0,113448.0,19500.0
4000061,19467.0,98548.0,19500.0
4000062,19467.0,101048.0,19500.0
4000063,17767.0,103698.0,19500.0
4000064,16867.0,103698.0,19500.0
4000065,31167.0,103698.0,19500.0
4000066,32067.0,103698.0,19500.0
4000067,20667.0,106298.0,19500.0
4000068,28967.0,106298.0,19500.0
4000069,23267.0,113648.0,19500.0
4000070,20667.0,109893.0,19500.0
4000071,44067.0,114848.0,19500.0
4000072,44067.0,106698.0,19500.0
4000073,44067.0,98548.0,19500.0
4000074,4867.0,114848.0,19500.0
4000075,4867.0,106698.0,19500.0
4000076,4867.0,98548.0,19500.0
4000077,4867.0,126298.0,19500.0
4000078,9467.0,126348.0,19500.0
4000079,13067.0,126348.0,19500.0
4000080,16867.0,126298.0,19500.0
4000081,32067.0,126298.0,19500.0
4000082,35867.0,126348.0,19500.0
4000083,39467.0,126348.0,19500.0
4000084,44067.0,126298.0,19500.0
4000085,4867.0,87098.0,19500.0
4000086,9467.0,87048.0,19500.0
4000087,13067.0,87048.0,19500.0
4000088,16867.0,87098.0,19500.0
4000089,32067.0,87098.0,19500.0
4000090,35867.0,87048.0,19500.0
4000091,39467.0,87048.0,19500.0
4000092,44067.0,87098.0,19500.0
4000093,23267.0,114848.0,19500.0
4000094,23267.0,107148.0,19500.0
4000095,16867.0,106698.0,19500.0
4000096,23267.0,104348.0,19500.0
4000097,23267.0,101548.0,19500.0
4000098,23267.0,98548.0,19500.0
4000099,32067.0,106698.0,19500.0
4000100,28967.0,98548.0,19500.0
4000102,30367.0,101048.0,19500.0
4000103,26367.0,101548.0,19500.0
4000104,26367.0,104348.0,19500.0
4000105,26367.0,107148.0,19500.0
4000106,27767.0,114848.0,19500.0
4000107,28967.0,113448.0,19500.0
4000108,28967.0,110448.0,19500.0
4000109,28967.0,114848.0,19500.0
4000110,28967.0,108748.0,19500.0
4000111,20667.0,87048.0,19500.0
4000112,28967.0,87048.0,19500.0
4000113,24817.0,98548.0,19500.0
4000114,24817.0,87048.0,19500.0
4000115,24817.0,114848.0,19500.0
4000116,24817.0,126348.0,19500.0
4000117,28967.0,126348.0,19500.0
4000118,20667.0,126348.0,19500.0
4000119,13067.0,106698.0,19500.0
4000120,9467.0,106698.0,19500.0
4000121,39467.0,106698.0,19500.0
4000122,35867.0,106698.0,19500.0
4000520,17817.0,108760.0,19500.0
4000521,18767.0,108773.0,19500.0
4000522,19717.0,108785.0,19500.0
4000523,20667.0,110870.0,19500.0
4000524,20667.0,112748.0,19500.0
4000525,18892.0,113648.0,19500.0
4000526,16867.0,109473.0,19500.0
4000527,16867.0,107948.0,19500.0
4000528,19467.0,99381.0,19500.0
4000529,19467.0,100214.0,19500.0
4000530,20667.0,99381.0,19500.0
4000531,20667.0,100214.0,19500.0
4000532,24606.0,106842.0,19500.0
5000001,16867.0,114848.0,23100.0
5000002,32067.0,114848.0,23100.0
5000003,26367.0,114848.0,23100.0
5000004,20667.0,114848.0,23100.0
5000005,26367.0,113448.0,23100.0
5000006,26367.0,110448.0,23100.0
5000007,20667.0,111848.0,23100.0
5000008,20667.0,108798.0,23100.0
5000009,23267.0,111848.0,23100.0
5000010,16867.0,108748.0,23100.0
5000011,32067.0,108748.0,23100.0
5000012,23267.0,108798.0,23100.0
5000013,16867.0,107148.0,23100.0
5000014,32067.0,107148.0,23100.0
5000015,20667.0,107148.0,23100.0
5000016,28967.0,107148.0,23100.0
5000017,16867.0,101048.0,23100.0
5000018,17767.0,107148.0,23100.0
5000019,17767.0,101048.0,23100.0
5000020,20667.0,104348.0,23100.0
5000021,28967.0,104348.0,23100.0
5000022,31167.0,107148.0,23100.0
5000023,31167.0,101048.0,23100.0
5000024,32067.0,101048.0,23100.0
5000025,20667.0,101548.0,23100.0
5000026,20667.0,101048.0,23100.0
5000027,28967.0,101548.0,23100.0
5000028,28967.0,101048.0,23100.0
5000029,20667.0,98548.0,23100.0
5000030,28267.0,98548.0,23100.0
5000031,26367.0,98548.0,23100.0
5000032,16867.0,98548.0,23100.0
5000033,32067.0,98548.0,23100.0
5000034,16867.0,110198.0,23100.0
5000035,32067.0,110198.0,23100.0
5000036,23267.0,109893.0,23100.0
5000037,27367.0,110448.0,23100.0
5000038,23267.0,106298.0,23100.0
5000039,26367.0,106298.0,23100.0
5000040,20167.0,107148.0,23100.0
5000041,23267.0,99593.0,23100.0
5000042,26367.0,99593.0,23100.0
5000043,18417.0,98548.0,23100.0
5000044,30517.0,98548.0,23100.0
5000045,35867.0,98548.0,23100.0
5000046,39467.0,98548.0,23100.0
5000047,35867.0,114848.0,23100.0
5000048,39467.0,114848.0,23100.0
5000049,9467.0,114848.0,23100.0
5000050,13067.0,114848.0,23100.0
5000051,20667.0,113648.0,23100.0
5000052,16867.0,113648.0,23100.0
5000053,19917.0,113648.0,23100.0
5000054,19917.0,114848.0,23100.0
5000055,17867.0,113648.0,23100.0
5000056,17867.0,114848.0,23100.0
5000057,27767.0,113448.0,23100.0
5000058,19467.0,98548.0,23100.0
5000059,19467.0,101048.0,23100.0
5000060,17767.0,103698.0,23100.0
5000061,16867.0,103698.0,23100.0
5000062,31167.0,103698.0,23100.0
5000063,32067.0,103698.0,23100.0
5000064,20667.0,106298.0,23100.0
5000065,28967.0,106298.0,23100.0
5000066,23267.0,113648.0,23100.0
5000067,20667.0,109893.0,23100.0
5000068,44067.0,114848.0,23100.0
5000069,44067.0,106698.0,23100.0
5000070,44067.0,98548.0,23100.0
5000071,4867.0,114848.0,23100.0
5000072,4867.0,106698.0,23100.0
5000073,4867.0,98548.0,23100.0
5000074,4867.0,126298.0,23100.0
5000075,9467.0,126348.0,23100.0
5000076,13067.0,126348.0,23100.0
5000077,16867.0,126298.0,23100.0
5000078,32067.0,126298.0,23100.0
5000079,35867.0,126348.0,23100.0
5000080,39467.0,126348.0,23100.0
5000081,44067.0,126298.0,23100.0
5000082,4867.0,87098.0,23100.0
5000083,9467.0,87048.0,23100.0
5000084,13067.0,87048.0,23100.0
5000085,16867.0,87098.0,23100.0
5000086,32067.0,87098.0,23100.0
5000087,35867.0,87048.0,23100.0
5000088,39467.0,87048.0,23100.0
5000089,44067.0,87098.0,23100.0
5000090,23267.0,114848.0,23100.0
5000091,23267.0,107148.0,23100.0
5000092,16867.0,106698.0,23100.0
5000093,23267.0,104348.0,23100.0
5000094,23267.0,101548.0,23100.0
5000095,23267.0,98548.0,23100.0
5000096,32067.0,106698.0,23100.0
5000097,28967.0,98548.0,23100.0
5000099,30367.0,101048.0,23100.0
5000100,26367.0,104348.0,23100.0
5000101,26367.0,107148.0,23100.0
5000102,26367.0,101548.0,23100.0
5000103,27767.0,114848.0,23100.0
5000104,28967.0,113448.0,23100.0
5000105,28967.0,110448.0,23100.0
5000106,28967.0,108748.0,23100.0
5000107,28967.0,114848.0,23100.0
5000108,13067.0,98548.0,23100.0
5000109,24817.0,98548.0,23100.0
5000110,24817.0,87048.0,23100.0
5000111,28967.0,87048.0,23100.0
5000112,20667.0,87048.0,23100.0
5000113,24817.0,114848.0,23100.0
5000114,24817.0,126348.0,23100.0
5000115,28967.0,126348.0,23100.0
5000116,20667.0,126348.0,23100.0
5000117,9467.0,98548.0,23100.0
5000118,39467.0,106698.0,23100.0
5000119,35867.0,106698.0,23100.0
5000120,13067.0,106698.0,23100.0
5000121,9467.0,106698.0,23100.0
5000456,17817.0,108760.0,23100.0
5000457,18767.0,108773.0,23100.0
5000458,19717.0,108785.0,23100.0
5000459,20667.0,110870.0,23100.0
5000460,20667.0,112748.0,23100.0
5000461,18892.0,113648.0,23100.0
5000462,16867.0,109473.0,23100.0
5000463,16867.0,107948.0,23100.0
5000464,19467.0,99381.0,23100.0
5000465,19467.0,100214.0,23100.0
5000466,20667.0,99381.0,23100.0
5000467,20667.0,100214.0,23100.0
5000468,24607.0,106827.0,23100.0
6000001,16867.0,114848.0,26700.0
6000002,32067.0,114848.0,26700.0
6000003,26367.0,114848.0,26700.0
6000004,20667.0,114848.0,26700.0
6000005,26367.0,113448.0,26700.0
6000006,26367.0,110448.0,26700.0
6000007,20667.0,111848.0,26700.0
6000008,20667.0,108798.0,26700.0
6000009,23267.0,111848.0,26700.0
6000010,16867.0,108748.0,26700.0
6000011,32067.0,108748.0,26700.0
6000012,23267.0,108798.0,26700.0
6000013,16867.0,107148.0,26700.0
6000014,32067.0,107148.0,26700.0
6000015,20667.0,107148.0,26700.0
6000016,28967.0,107148.0,26700.0
6000017,16867.0,101048.0,26700.0
6000018,17767.0,107148.0,26700.0
6000019,17767.0,101048.0,26700.0
6000020,20667.0,104348.0,26700.0
6000021,28967.0,104348.0,26700.0
6000022,31167.0,107148.0,26700.0
6000023,31167.0,101048.0,26700.0
6000024,32067.0,101048.0,26700.0
6000025,20667.0,101548.0,26700.0
6000026,20667.0,101048.0,26700.0
6000027,28967.0,101548.0,26700.0
6000028,28967.0,101048.0,26700.0
6000029,20667.0,98548.0,26700.0
6000030,28267.0,98548.0,26700.0
6000031,26367.0,98548.0,26700.0
6000032,16867.0,98548.0,26700.0
6000033,32067.0,98548.0,26700.0
6000034,16867.0,110198.0,26700.0
6000035,32067.0,110198.0,26700.0
6000036,23267.0,109893.0,26700.0
6000037,27367.0,110448.0,26700.0
6000038,23267.0,106298.0,26700.0
6000039,26367.0,106298.0,26700.0
6000040,20167.0,107148.0,26700.0
6000041,23267.0,99593.0,26700.0
6000042,26367.0,99593.0,26700.0
6000043,18417.0,98548.0,26700.0
6000044,30517.0,98548.0,26700.0
6000045,35867.0,98548.0,26700.0
6000046,39467.0,98548.0,26700.0
6000047,35867.0,114848.0,26700.0
6000048,39467.0,114848.0,26700.0
6000049,9467.0,114848.0,26700.0
6000050,13067.0,114848.0,26700.0
6000051,20667.0,113648.0,26700.0
6000052,16867.0,113648.0,26700.0
6000053,19917.0,113648.0,26700.0
6000054,19917.0,114848.0,26700.0
6000055,17867.0,113648.0,26700.0
6000056,17867.0,114848.0,26700.0
6000057,27767.0,113448.0,26700.0
6000058,19467.0,98548.0,26700.0
6000059,19467.0,101048.0,26700.0
6000060,17767.0,103698.0,26700.0
6000061,16867.0,103698.0,26700.0
6000062,31167.0,103698.0,26700.0
6000063,32067.0,103698.0,26700.0
6000064,20667.0,106298.0,26700.0
6000065,28967.0,106298.0,26700.0
6000066,23267.0,113648.0,26700.0
6000067,20667.0,109893.0,26700.0
6000068,44067.0,114848.0,26700.0
6000069,44067.0,106698.0,26700.0
6000070,44067.0,98548.0,26700.0
6000071,4867.0,114848.0,26700.0
6000072,4867.0,106698.0,26700.0
6000073,4867.0,98548.0,26700.0
6000074,4867.0,126298.0,26700.0
6000075,9467.0,126348.0,26700.0
6000076,13067.0,126348.0,26700.0
6000077,16867.0,126298.0,26700.0
6000078,32067.0,126298.0,26700.0
6000079,35867.0,126348.0,26700.0
6000080,39467.0,126348.0,26700.0
6000081,44067.0,126298.0,26700.0
6000082,4867.0,87098.0,26700.0
6000083,9467.0,87048.0,26700.0
6000084,13067.0,87048.0,26700.0
6000085,16867.0,87098.0,26700.0
6000086,32067.0,87098.0,26700.0
6000087,35867.0,87048.0,26700.0
6000088,39467.0,87048.0,26700.0
6000089,44067.0,87098.0,26700.0
6000090,23267.0,114848.0,26700.0
6000091,23267.0,107148.0,26700.0
6000092,16867.0,106698.0,26700.0
6000093,23267.0,104348.0,26700.0
6000094,23267.0,101548.0,26700.0
6000095,23267.0,98548.0,26700.0
6000096,32067.0,106698.0,26700.0
6000097,28967.0,98548.0,26700.0
6000099,30367.0,101048.0,26700.0
6000100,26367.0,104348.0,26700.0
6000101,26367.0,107148.0,26700.0
6000102,26367.0,101548.0,26700.0
6000103,27767.0,114848.0,26700.0
6000104,28967.0,113448.0,26700.0
6000105,28967.0,110448.0,26700.0
6000106,28967.0,108748.0,26700.0
6000107,28967.0,114848.0,26700.0
6000108,13067.0,98548.0,26700.0
6000109,24817.0,98548.0,26700.0
6000110,24817.0,87048.0,26700.0
6000111,28967.0,87048.0,26700.0
6000112,20667.0,87048.0,26700.0
6000113,24817.0,114848.0,26700.0
6000114,24817.0,126348.0,26700.0
6000115,28967.0,126348.0,26700.0
6000116,20667.0,126348.0,26700.0
6000117,9467.0,98548.0,26700.0
6000118,39467.0,106698.0,26700.0
6000119,35867.0,106698.0,26700.0
6000120,13067.0,106698.0,26700.0
6000121,9467.0,106698.0,26700.0
6000456,17817.0,108760.0,26700.0
6000457,18767.0,108773.0,26700.0
6000458,19717.0,108785.0,26700.0
6000459,20667.0,110870.0,26700.0
6000460,20667.0,112748.0,26700.0
6000461,18892.0,113648.0,26700.0
6000462,16867.0,109473.0,26700.0
6000463,16867.0,107948.0,26700.0
6000464,19467.0,99381.0,26700.0
6000465,19467.0,100214.0,26700.0
6000466,20667.0,99381.0,26700.0
6000467,20667.0,100214.0,26700.0
6000468,24607.0,106827.0,26700.0
7000001,16867.0,114848.0,30300.0
7000002,32067.0,114848.0,30300.0
7000003,26367.0,114848.0,30300.0
7000004,20667.0,114848.0,30300.0
7000005,26367.0,113448.0,30300.0
7000006,26367.0,110448.0,30300.0
7000007,20667.0,111848.0,30300.0
7000008,20667.0,108798.0,30300.0
7000009,23267.0,111848.0,30300.0
7000010,16867.0,108748.0,30300.0
7000011,32067.0,108748.0,30300.0
7000012,23267.0,108798.0,30300.0
7000013,16867.0,107148.0,30300.0
7000014,32067.0,107148.0,30300.0
7000015,20667.0,107148.0,30300.0
7000016,28967.0,107148.0,30300.0
7000017,16867.0,101048.0,30300.0
7000018,17767.0,107148.0,30300.0
7000019,17767.0,101048.0,30300.0
7000020,20667.0,104348.0,30300.0
7000021,28967.0,104348.0,30300.0
7000022,31167.0,107148.0,30300.0
7000023,31167.0,101048.0,30300.0
7000024,32067.0,101048.0,30300.0
7000025,20667.0,101548.0,30300.0
7000026,20667.0,101048.0,30300.0
7000027,28967.0,101548.0,30300.0
7000028,28967.0,101048.0,30300.0
7000029,20667.0,98548.0,30300.0
7000030,28267.0,98548.0,30300.0
7000031,26367.0,98548.0,30300.0
7000032,16867.0,98548.0,30300.0
7000033,32067.0,98548.0,30300.0
7000034,16867.0,110198.0,30300.0
7000035,32067.0,110198.0,30300.0
7000036,23267.0,109893.0,30300.0
7000037,27367.0,110448.0,30300.0
7000038,23267.0,106298.0,30300.0
7000039,26367.0,106298.0,30300.0
7000040,20167.0,107148.0,30300.0
7000041,23267.0,99593.0,30300.0
7000042,26367.0,99593.0,30300.0
7000043,18417.0,98548.0,30300.0
7000044,30517.0,98548.0,30300.0
7000045,35867.0,98548.0,30300.0
7000046,39467.0,98548.0,30300.0
7000047,35867.0,114848.0,30300.0
7000048,39467.0,114848.0,30300.0
7000049,9467.0,114848.0,30300.0
7000050,13067.0,114848.0,30300.0
7000051,20667.0,113648.0,30300.0
7000052,16867.0,113648.0,30300.0
7000053,19917.0,113648.0,30300.0
7000054,19917.0,114848.0,30300.0
7000055,17867.0,113648.0,30300.0
7000056,17867.0,114848.0,30300.0
7000057,27767.0,113448.0,30300.0
7000058,19467.0,98548.0,30300.0
7000059,19467.0,101048.0,30300.0
7000060,17767.0,103698.0,30300.0
7000061,16867.0,103698.0,30300.0
7000062,31167.0,103698.0,30300.0
7000063,32067.0,103698.0,30300.0
7000064,20667.0,106298.0,30300.0
7000065,28967.0,106298.0,30300.0
7000066,23267.0,113648.0,30300.0
7000067,20667.0,109893.0,30300.0
7000068,44067.0,114848.0,30300.0
7000069,44067.0,106698.0,30300.0
7000070,44067.0,98548.0,30300.0
7000071,4867.0,114848.0,30300.0
7000072,4867.0,106698.0,30300.0
7000073,4867.0,98548.0,30300.0
7000074,4867.0,126298.0,30300.0
7000075,9467.0,126348.0,30300.0
7000076,13067.0,126348.0,30300.0
7000077,16867.0,126298.0,30300.0
7000078,32067.0,126298.0,30300.0
7000079,35867.0,126348.0,30300.0
7000080,39467.0,126348.0,30300.0
7000081,44067.0,126298.0,30300.0
7000082,4867.0,87098.0,30300.0
7000083,9467.0,87048.0,30300.0
7000084,13067.0,87048.0,30300.0
7000085,16867.0,87098.0,30300.0
7000086,32067.0,87098.0,30300.0
7000087,35867.0,87048.0,30300.0
7000088,39467.0,87048.0,30300.0
7000089,44067.0,87098.0,30300.0
7000090,23267.0,114848.0,30300.0
7000091,23267.0,107148.0,30300.0
7000092,16867.0,106698.0,30300.0
7000093,23267.0,104348.0,30300.0
7000094,23267.0,101548.0,30300.0
7000095,23267.0,98548.0,30300.0
7000096,32067.0,106698.0,30300.0
7000097,28967.0,98548.0,30300.0
7000099,30367.0,101048.0,30300.0
7000100,26367.0,104348.0,30300.0
7000101,26367.0,107148.0,30300.0
7000102,26367.0,101548.0,30300.0
7000103,27767.0,114848.0,30300.0
7000104,28967.0,113448.0,30300.0
7000105,28967.0,110448.0,30300.0
7000106,28967.0,108748.0,30300.0
7000107,28967.0,114848.0,30300.0
7000108,13067.0,98548.0,30300.0
7000109,24817.0,98548.0,30300.0
7000110,24817.0,87048.0,30300.0
7000111,28967.0,87048.0,30300.0
7000112,20667.0,87048.0,30300.0
7000113,24817.0,114848.0,30300.0
7000114,24817.0,126348.0,30300.0
7000115,28967.0,126348.0,30300.0
7000116,20667.0,126348.0,30300.0
7000117,9467.0,98548.0,30300.0
7000118,39467.0,106698.0,30300.0
7000119,35867.0,106698.0,30300.0
7000120,13067.0,106698.0,30300.0
7000121,9467.0,106698.0,30300.0
7000456,17817.0,108760.0,30300.0
7000457,18767.0,108773.0,30300.0
7000458,19717.0,108785.0,30300.0
7000459,20667.0,110870.0,30300.0
7000460,20667.0,112748.0,30300.0
7000461,18892.0,113648.0,30300.0
7000462,16867.0,109473.0,30300.0
7000463,16867.0,107948.0,30300.0
7000464,19467.0,99381.0,30300.0
7000465,19467.0,100214.0,30300.0
7000466,20667.0,99381.0,30300.0
7000467,20667.0,100214.0,30300.0
7000468,24607.0,106827.0,30300.0
8000001,16867.0,114848.0,33899.0
8000002,32067.0,114848.0,33899.0
8000003,26367.0,114848.0,33899.0
8000004,20667.0,114848.0,33899.0
8000005,26367.0,113448.0,33899.0
8000006,26367.0,110448.0,33899.0
8000007,20667.0,111848.0,33899.0
8000008,20667.0,108798.0,33899.0
8000009,23267.0,111848.0,33899.0
8000010,16867.0,108748.0,33899.0
8000011,32067.0,108748.0,33899.0
8000012,23267.0,108798.0,33899.0
8000013,16867.0,107148.0,33899.0
8000014,32067.0,107148.0,33899.0
8000015,20667.0,107148.0,33899.0
8000016,28967.0,107148.0,33899.0
8000017,16867.0,101048.0,33899.0
8000018,17767.0,107148.0,33899.0
8000019,17767.0,101048.0,33899.0
8000020,20667.0,104348.0,33899.0
8000021,28967.0,104348.0,33899.0
8000022,31167.0,107148.0,33899.0
8000023,31167.0,101048.0,33899.0
8000024,32067.0,101048.0,33899.0
8000025,20667.0,101548.0,33899.0
8000026,20667.0,101048.0,33899.0
8000027,28967.0,101548.0,33899.0
8000028,28967.0,101048.0,33899.0
8000029,20667.0,98548.0,33899.0
8000030,28267.0,98548.0,33899.0
8000031,26367.0,98548.0,33899.0
8000032,16867.0,98548.0,33899.0
8000033,32067.0,98548.0,33899.0
8000034,16867.0,110198.0,33899.0
8000035,32067.0,110198.0,33899.0
8000036,23267.0,109893.0,33899.0
8000037,27367.0,110448.0,33899.0
8000038,23267.0,106298.0,33899.0
8000039,26367.0,106298.0,33899.0
8000040,20167.0,107148.0,33899.0
8000041,23267.0,99593.0,33899.0
8000042,26367.0,99593.0,33899.0
8000043,18417.0,98548.0,33899.0
8000044,30517.0,98548.0,33899.0
8000045,35867.0,98548.0,33899.0
8000046,39467.0,98548.0,33899.0
8000047,35867.0,114848.0,33899.0
8000048,39467.0,114848.0,33899.0
8000049,9467.0,114848.0,33899.0
8000050,13067.0,114848.0,33899.0
8000051,20667.0,113648.0,33899.0
8000052,16867.0,113648.0,33899.0
8000053,19917.0,113648.0,33899.0
8000054,19917.0,114848.0,33899.0
8000055,17867.0,113648.0,33899.0
8000056,17867.0,114848.0,33899.0
8000057,27767.0,113448.0,33899.0
8000058,19467.0,98548.0,33899.0
8000059,19467.0,101048.0,33899.0
8000060,17767.0,103698.0,33899.0
8000061,16867.0,103698.0,33899.0
8000062,31167.0,103698.0,33899.0
8000063,32067.0,103698.0,33899.0
8000064,20667.0,106298.0,33899.0
8000065,28967.0,106298.0,33899.0
8000066,23267.0,113648.0,33899.0
8000067,20667.0,109893.0,33899.0
8000068,44067.0,114848.0,33899.0
8000069,44067.0,106698.0,33899.0
8000070,44067.0,98548.0,33899.0
8000071,4867.0,114848.0,33899.0
8000072,4867.0,106698.0,33899.0
8000073,4867.0,98548.0,33899.0
8000074,4867.0,126298.0,33899.0
8000075,9467.0,126348.0,33899.0
8000076,13067.0,126348.0,33899.0
8000077,16867.0,126298.0,33899.0
8000078,32067.0,126298.0,33899.0
8000079,35867.0,126348.0,33899.0
8000080,39467.0,126348.0,33899.0
8000081,44067.0,126298.0,33899.0
8000082,4867.0,87098.0,33899.0
8000083,9467.0,87048.0,33899.0
8000084,13067.0,87048.0,33899.0
8000085,16867.0,87098.0,33899.0
8000086,32067.0,87098.0,33899.0
8000087,35867.0,87048.0,33899.0
8000088,39467.0,87048.0,33899.0
8000089,44067.0,87098.0,33899.0
8000090,23267.0,114848.0,33899.0
8000091,23267.0,107148.0,33899.0
8000092,16867.0,106698.0,33899.0
8000093,23267.0,104348.0,33899.0
8000094,23267.0,101548.0,33899.0
8000095,23267.0,98548.0,33899.0
8000096,32067.0,106698.0,33899.0
8000097,28967.0,98548.0,33899.0
8000099,30367.0,101048.0,33899.0
8000100,26367.0,104348.0,33899.0
8000101,26367.0,107148.0,33899.0
8000102,26367.0,101548.0,33899.0
8000103,27767.0,114848.0,33899.0
8000104,28967.0,113448.0,33899.0
8000105,28967.0,110448.0,33899.0
8000106,28967.0,108748.0,33899.0
8000107,28967.0,114848.0,33899.0
8000108,13067.0,98548.0,33899.0
8000109,24817.0,98548.0,33899.0
8000110,24817.0,87048.0,33899.0
8000111,28967.0,87048.0,33899.0
8000112,20667.0,87048.0,33899.0
8000113,24817.0,114848.0,33899.0
8000114,24817.0,126348.0,33899.0
8000115,28967.0,126348.0,33899.0
8000116,20667.0,126348.0,33899.0
8000117,9467.0,98548.0,33899.0
8000118,39467.0,106698.0,33899.0
8000119,35867.0,106698.0,33899.0
8000120,13067.0,106698.0,33899.0
8000121,9467.0,106698.0,33899.0
8000456,17817.0,108760.0,33899.0
8000457,18767.0,108773.0,33899.0
8000458,19717.0,108785.0,33899.0
8000459,20667.0,110870.0,33899.0
8000460,20667.0,112748.0,33899.0
8000461,18892.0,113648.0,33899.0
8000462,16867.0,109473.0,33899.0
8000463,16867.0,107948.0,33899.0
8000464,19467.0,99381.0,33899.0
8000465,19467.0,100214.0,33899.0
8000466,20667.0,99381.0,33899.0
8000467,20667.0,100214.0,33899.0
8000468,24607.0,106827.0,33899.0
9000001,16867.0,114848.0,37500.0
9000002,32067.0,114848.0,37500.0
9000003,26367.0,114848.0,37500.0
9000004,20667.0,114848.0,37500.0
9000005,26367.0,113448.0,37500.0
9000006,26367.0,110448.0,37500.0
9000007,20667.0,111848.0,37500.0
9000008,20667.0,108798.0,37500.0
9000009,23267.0,111848.0,37500.0
9000010,16867.0,108748.0,37500.0
9000011,32067.0,108748.0,37500.0
9000012,23267.0,108798.0,37500.0
9000013,16867.0,107148.0,37500.0
9000014,32067.0,107148.0,37500.0
9000015,20667.0,107148.0,37500.0
9000016,28967.0,107148.0,37500.0
9000017,16867.0,101048.0,37500.0
9000018,17767.0,107148.0,37500.0
9000019,17767.0,101048.0,37500.0
9000020,20667.0,104348.0,37500.0
9000021,28967.0,104348.0,37500.0
9000022,31167.0,107148.0,37500.0
9000023,31167.0,101048.0,37500.0
9000024,32067.0,101048.0,37500.0
9000025,20667.0,101548.0,37500.0
9000026,20667.0,101048.0,37500.0
9000027,28967.0,101548.0,37500.0
9000028,28967.0,101048.0,37500.0
9000029,20667.0,98548.0,37500.0
9000030,28267.0,98548.0,37500.0
9000031,26367.0,98548.0,37500.0
9000032,16867.0,98548.0,37500.0
9000033,32067.0,98548.0,37500.0
9000034,16867.0,110198.0,37500.0
9000035,32067.0,110198.0,37500.0
9000036,23267.0,109893.0,37500.0
9000037,27367.0,110448.0,37500.0
9000038,23267.0,106298.0,37500.0
9000039,26367.0,106298.0,37500.0
9000040,20167.0,107148.0,37500.0
9000041,23267.0,99593.0,37500.0
9000042,26367.0,99593.0,37500.0
9000043,18417.0,98548.0,37500.0
9000044,30517.0,98548.0,37500.0
9000045,35867.0,98548.0,37500.0
9000046,39467.0,98548.0,37500.0
9000047,35867.0,114848.0,37500.0
9000048,39467.0,114848.0,37500.0
9000049,9467.0,114848.0,37500.0
9000050,13067.0,114848.0,37500.0
9000051,20667.0,113648.0,37500.0
9000052,16867.0,113648.0,37500.0
9000053,19917.0,113648.0,37500.0
9000054,19917.0,114848.0,37500.0
9000055,17867.0,113648.0,37500.0
9000056,17867.0,114848.0,37500.0
9000057,27767.0,113448.0,37500.0
9000058,19467.0,98548.0,37500.0
9000059,19467.0,101048.0,37500.0
9000060,17767.0,103698.0,37500.0
9000061,16867.0,103698.0,37500.0
9000062,31167.0,103698.0,37500.0
9000063,32067.0,103698.0,37500.0
9000064,20667.0,106298.0,37500.0
9000065,28967.0,106298.0,37500.0
9000066,23267.0,113648.0,37500.0
9000067,20667.0,109893.0,37500.0
9000068,44067.0,114848.0,37500.0
9000069,44067.0,106698.0,37500.0
9000070,44067.0,98548.0,37500.0
9000071,4867.0,114848.0,37500.0
9000072,4867.0,106698.0,37500.0
9000073,4867.0,98548.0,37500.0
9000074,4867.0,126298.0,37500.0
9000075,9467.0,126348.0,37500.0
9000076,13067.0,126348.0,37500.0
9000077,16867.0,126298.0,37500.0
9000078,32067.0,126298.0,37500.0
9000079,35867.0,126348.0,37500.0
9000080,39467.0,126348.0,37500.0
9000081,44067.0,126298.0,37500.0
9000082,4867.0,87098.0,37500.0
9000083,9467.0,87048.0,37500.0
9000084,13067.0,87048.0,37500.0
9000085,16867.0,87098.0,37500.0
9000086,32067.0,87098.0,37500.0
9000087,35867.0,87048.0,37500.0
9000088,39467.0,87048.0,37500.0
9000089,44067.0,87098.0,37500.0
9000090,23267.0,114848.0,37500.0
9000091,23267.0,107148.0,37500.0
9000092,16867.0,106698.0,37500.0
9000093,23267.0,104348.0,37500.0
9000094,23267.0,101548.0,37500.0
9000095,23267.0,98548.0,37500.0
9000096,32067.0,106698.0,37500.0
9000097,28967.0,98548.0,37500.0
9000099,30367.0,101048.0,37500.0
9000100,26367.0,104348.0,37500.0
9000101,26367.0,107148.0,37500.0
9000102,26367.0,101548.0,37500.0
9000103,27767.0,114848.0,37500.0
9000104,28967.0,113448.0,37500.0
9000105,28967.0,110448.0,37500.0
9000106,28967.0,108748.0,37500.0
9000107,28967.0,114848.0,37500.0
9000108,13067.0,98548.0,37500.0
9000109,24817.0,98548.0,37500.0
9000110,24817.0,87048.0,37500.0
9000111,28967.0,87048.0,37500.0
9000112,20667.0,87048.0,37500.0
9000113,24817.0,114848.0,37500.0
9000114,24817.0,126348.0,37500.0
9000115,28967.0,126348.0,37500.0
9000116,20667.0,126348.0,37500.0
9000117,9467.0,98548.0,37500.0
9000118,39467.0,106698.0,37500.0
9000119,35867.0,106698.0,37500.0
9000120,13067.0,106698.0,37500.0
9000121,9467.0,106698.0,37500.0
9000456,17817.0,108760.0,37500.0
9000457,18767.0,108773.0,37500.0
9000458,19717.0,108785.0,37500.0
9000459,20667.0,110870.0,37500.0
9000460,20667.0,112748.0,37500.0
9000461,18892.0,113648.0,37500.0
9000462,16867.0,109473.0,37500.0
9000463,16867.0,107948.0,37500.0
9000464,19467.0,99381.0,37500.0
9000465,19467.0,100214.0,37500.0
9000466,20667.0,99381.0,37500.0
9000467,20667.0,100214.0,37500.0
9000468,24607.0,106827.0,37500.0
10000001,16867.0,114848.0,41100.0
10000002,32067.0,114848.0,41100.0
10000003,26367.0,114848.0,41100.0
10000004,20667.0,114848.0,41100.0
10000005,26367.0,113448.0,41100.0
10000006,26367.0,110448.0,41100.0
10000007,20667.0,111848.0,41100.0
10000008,20667.0,108798.0,41100.0
10000009,23267.0,111848.0,41100.0
10000010,16867.0,108748.0,41100.0
10000011,32067.0,108748.0,41100.0
10000012,23267.0,108798.0,41100.0
10000013,16867.0,107148.0,41100.0
10000014,32067.0,107148.0,41100.0
10000015,20667.0,107148.0,41100.0
10000016,28967.0,107148.0,41100.0
10000017,16867.0,101048.0,41100.0
10000018,17767.0,107148.0,41100.0
10000019,17767.0,101048.0,41100.0
10000020,20667.0,104348.0,41100.0
10000021,28967.0,104348.0,41100.0
10000022,31167.0,107148.0,41100.0
10000023,31167.0,101048.0,41100.0
10000024,32067.0,101048.0,41100.0
10000025,20667.0,101548.0,41100.0
10000026,20667.0,101048.0,41100.0
10000027,28967.0,101548.0,41100.0
10000028,28967.0,101048.0,41100.0
10000029,20667.0,98548.0,41100.0
10000030,28267.0,98548.0,41100.0
10000031,26367.0,98548.0,41100.0
10000032,16867.0,98548.0,41100.0
10000033,32067.0,98548.0,41100.0
10000034,16867.0,110198.0,41100.0
10000035,32067.0,110198.0,41100.0
10000036,23267.0,109893.0,41100.0
10000037,27367.0,110448.0,41100.0
10000038,23267.0,106298.0,41100.0
10000039,26367.0,106298.0,41100.0
10000040,20167.0,107148.0,41100.0
10000041,23267.0,99593.0,41100.0
10000042,26367.0,99593.0,41100.0
10000043,18417.0,98548.0,41100.0
10000044,30517.0,98548.0,41100.0
10000045,35867.0,98548.0,41100.0
10000046,39467.0,98548.0,41100.0
10000047,35867.0,114848.0,41100.0
10000048,39467.0,114848.0,41100.0
10000049,9467.0,114848.0,41100.0
10000050,13067.0,114848.0,41100.0
10000051,20667.0,113648.0,41100.0
10000052,16867.0,113648.0,41100.0
10000053,19917.0,113648.0,41100.0
10000054,19917.0,114848.0,41100.0
10000055,17867.0,113648.0,41100.0
10000056,17867.0,114848.0,41100.0
10000057,27767.0,113448.0,41100.0
10000058,19467.0,98548.0,41100.0
10000059,19467.0,101048.0,41100.0
10000060,17767.0,103698.0,41100.0
10000061,16867.0,103698.0,41100.0
10000062,31167.0,103698.0,41100.0
10000063,32067.0,103698.0,41100.0
10000064,20667.0,106298.0,41100.0
10000065,28967.0,106298.0,41100.0
10000066,23267.0,113648.0,41100.0
10000067,20667.0,109893.0,41100.0
10000068,44067.0,114848.0,41100.0
10000069,44067.0,106698.0,41100.0
10000070,44067.0,98548.0,41100.0
10000071,4867.0,114848.0,41100.0
10000072,4867.0,106698.0,41100.0
10000073,4867.0,98548.0,41100.0
10000074,4867.0,126298.0,41100.0
10000075,9467.0,126348.0,41100.0
10000076,13067.0,126348.0,41100.0
10000077,16867.0,126298.0,41100.0
10000078,32067.0,126298.0,41100.0
10000079,35867.0,126348.0,41100.0
10000080,39467.0,126348.0,41100.0
10000081,44067.0,126298.0,41100.0
10000082,4867.0,87098.0,41100.0
10000083,9467.0,87048.0,41100.0
10000084,13067.0,87048.0,41100.0
10000085,16867.0,87098.0,41100.0
10000086,32067.0,87098.0,41100.0
10000087,35867.0,87048.0,41100.0
10000088,39467.0,87048.0,41100.0
10000089,44067.0,87098.0,41100.0
10000090,23267.0,114848.0,41100.0
10000091,23267.0,107148.0,41100.0
10000092,16867.0,106698.0,41100.0
10000093,23267.0,104348.0,41100.0
10000094,23267.0,101548.0,41100.0
10000095,23267.0,98548.0,41100.0
10000096,32067.0,106698.0,41100.0
10000097,28967.0,98548.0,41100.0
10000099,30367.0,101048.0,41100.0
10000100,26367.0,104348.0,41100.0
10000101,26367.0,107148.0,41100.0
10000102,26367.0,101548.0,41100.0
10000103,27767.0,114848.0,41100.0
10000104,28967.0,113448.0,41100.0
10000105,28967.0,110448.0,41100.0
10000106,28967.0,108748.0,41100.0
10000107,28967.0,114848.0,41100.0
10000108,13067.0,98548.0,41100.0
10000109,24817.0,98548.0,41100.0
10000110,24817.0,87048.0,41100.0
10000111,28967.0,87048.0,41100.0
10000112,20667.0,87048.0,41100.0
10000113,24817.0,114848.0,41100.0
10000114,24817.0,126348.0,41100.0
10000115,28967.0,126348.0,41100.0
10000116,20667.0,126348.0,41100.0
10000117,9467.0,98548.0,41100.0
10000118,39467.0,106698.0,41100.0
10000119,35867.0,106698.0,41100.0
10000120,13067.0,106698.0,41100.0
10000121,9467.0,106698.0,41100.0
10000456,17817.0,108760.0,41100.0
10000457,18767.0,108773.0,41100.0
10000458,19717.0,108785.0,41100.0
10000459,20667.0,110870.0,41100.0
10000460,20667.0,112748.0,41100.0
10000461,18892.0,113648.0,41100.0
10000462,16867.0,109473.0,41100.0
10000463,16867.0,107948.0,41100.0
10000464,19467.0,99381.0,41100.0
10000465,19467.0,100214.0,41100.0
10000466,20667.0,99381.0,41100.0
10000467,20667.0,100214.0,41100.0
10000468,24607.0,106827.0,41100.0
11000001,16867.0,114848.0,44699.0
11000002,32067.0,114848.0,44699.0
11000003,26367.0,114848.0,44699.0
11000004,20667.0,114848.0,44699.0
11000005,26367.0,113448.0,44699.0
11000006,26367.0,110448.0,44699.0
11000007,20667.0,111848.0,44699.0
11000008,20667.0,108798.0,44699.0
11000009,23267.0,111848.0,44699.0
11000010,16867.0,108748.0,44699.0
11000011,32067.0,108748.0,44699.0
11000012,23267.0,108798.0,44699.0
11000013,16867.0,107148.0,44699.0
11000014,32067.0,107148.0,44699.0
11000015,20667.0,107148.0,44699.0
11000016,28967.0,107148.0,44699.0
11000017,16867.0,101048.0,44699.0
11000018,17767.0,107148.0,44699.0
11000019,17767.0,101048.0,44699.0
11000020,20667.0,104348.0,44699.0
11000021,28967.0,104348.0,44699.0
11000022,31167.0,107148.0,44699.0
11000023,31167.0,101048.0,44699.0
11000024,32067.0,101048.0,44699.0
11000025,20667.0,101548.0,44699.0
11000026,20667.0,101048.0,44699.0
11000027,28967.0,101548.0,44699.0
11000028,28967.0,101048.0,44699.0
11000029,20667.0,98548.0,44699.0
11000030,28267.0,98548.0,44699.0
11000031,26367.0,98548.0,44699.0
11000032,16867.0,98548.0,44699.0
11000033,32067.0,98548.0,44699.0
11000034,16867.0,110198.0,44699.0
11000035,32067.0,110198.0,44699.0
11000036,23267.0,109893.0,44699.0
11000037,27367.0,110448.0,44699.0
11000038,23267.0,106298.0,44699.0
11000039,26367.0,106298.0,44699.0
11000040,20167.0,107148.0,44699.0
11000041,23267.0,99593.0,44699.0
11000042,26367.0,99593.0,44699.0
11000043,18417.0,98548.0,44699.0
11000044,30517.0,98548.0,44699.0
11000045,35867.0,98548.0,44699.0
11000046,39467.0,98548.0,44699.0
11000047,35867.0,114848.0,44699.0
11000048,39467.0,114848.0,44699.0
11000049,9467.0,114848.0,44699.0
11000050,13067.0,114848.0,44699.0
11000051,20667.0,113648.0,44699.0
11000052,16867.0,113648.0,44699.0
11000053,19917.0,113648.0,44699.0
11000054,19917.0,114848.0,44699.0
11000055,17867.0,113648.0,44699.0
11000056,17867.0,114848.0,44699.0
11000057,27767.0,113448.0,44699.0
11000058,19467.0,98548.0,44699.0
11000059,19467.0,101048.0,44699.0
11000060,17767.0,103698.0,44699.0
11000061,16867.0,103698.0,44699.0
11000062,31167.0,103698.0,44699.0
11000063,32067.0,103698.0,44699.0
11000064,20667.0,106298.0,44699.0
11000065,28967.0,106298.0,44699.0
11000066,23267.0,113648.0,44699.0
11000067,20667.0,109893.0,44699.0
11000068,44067.0,114848.0,44699.0
11000069,44067.0,106698.0,44699.0
11000070,44067.0,98548.0,44699.0
11000071,4867.0,114848.0,44699.0
11000072,4867.0,106698.0,44699.0
11000073,4867.0,98548.0,44699.0
11000074,4867.0,126298.0,44699.0
11000075,9467.0,126348.0,44699.0
11000076,13067.0,126348.0,44699.0
11000077,16867.0,126298.0,44699.0
11000078,32067.0,126298.0,44699.0
11000079,35867.0,126348.0,44699.0
11000080,39467.0,126348.0,44699.0
11000081,44067.0,126298.0,44699.0
11000082,4867.0,87098.0,44699.0
11000083,9467.0,87048.0,44699.0
11000084,13067.0,87048.0,44699.0
11000085,16867.0,87098.0,44699.0
11000086,32067.0,87098.0,44699.0
11000087,35867.0,87048.0,44699.0
11000088,39467.0,87048.0,44699.0
11000089,44067.0,87098.0,44699.0
11000090,23267.0,114848.0,44699.0
11000091,23267.0,107148.0,44699.0
11000092,16867.0,106698.0,44699.0
11000093,23267.0,104348.0,44699.0
11000094,23267.0,101548.0,44699.0
11000095,23267.0,98548.0,44699.0
11000096,32067.0,106698.0,44699.0
11000097,28967.0,98548.0,44699.0
11000099,30367.0,101048.0,44699.0
11000100,26367.0,104348.0,44699.0
11000101,26367.0,107148.0,44699.0
11000102,26367.0,101548.0,44699.0
11000103,27767.0,114848.0,44699.0
11000104,28967.0,113448.0,44699.0
11000105,28967.0,110448.0,44699.0
11000106,28967.0,108748.0,44699.0
11000107,28967.0,114848.0,44699.0
11000108,13067.0,98548.0,44699.0
11000109,24817.0,98548.0,44699.0
11000110,24817.0,87048.0,44699.0
11000111,28967.0,87048.0,44699.0
11000112,20667.0,87048.0,44699.0
11000113,24817.0,114848.0,44699.0
11000114,24817.0,126348.0,44699.0
11000115,28967.0,126348.0,44699.0
11000116,20667.0,126348.0,44699.0
11000117,9467.0,98548.0,44699.0
11000118,39467.0,106698.0,44699.0
11000119,35867.0,106698.0,44699.0
11000120,13067.0,106698.0,44699.0
11000121,9467.0,106698.0,44699.0
11000456,17817.0,108760.0,44699.0
11000457,18767.0,108773.0,44699.0
11000458,19717.0,108785.0,44699.0
11000459,20667.0,110870.0,44699.0
11000460,20667.0,112748.0,44699.0
11000461,18892.0,113648.0,44699.0
11000462,16867.0,109473.0,44699.0
11000463,16867.0,107948.0,44699.0
11000464,19467.0,99381.0,44699.0
11000465,19467.0,100214.0,44699.0
11000466,20667.0,99381.0,44699.0
11000467,20667.0,100214.0,44699.0
11000468,24607.0,106827.0,44699.0
12000001,16867.0,114848.0,48300.0
12000002,32067.0,114848.0,48300.0
12000003,26367.0,114848.0,48300.0
12000004,20667.0,114848.0,48300.0
12000005,26367.0,113448.0,48300.0
12000006,26367.0,110448.0,48300.0
12000007,20667.0,111848.0,48300.0
12000008,20667.0,108798.0,48300.0
12000009,23267.0,111848.0,48300.0
12000010,16867.0,108748.0,48300.0
12000011,32067.0,108748.0,48300.0
12000012,23267.0,108798.0,48300.0
12000013,16867.0,107148.0,48300.0
12000014,32067.0,107148.0,48300.0
12000015,20667.0,107148.0,48300.0
12000016,28967.0,107148.0,48300.0
12000017,16867.0,101048.0,48300.0
12000018,17767.0,107148.0,48300.0
12000019,17767.0,101048.0,48300.0
12000020,20667.0,104348.0,48300.0
12000021,28967.0,104348.0,48300.0
12000022,31167.0,107148.0,48300.0
12000023,31167.0,101048.0,48300.0
12000024,32067.0,101048.0,48300.0
12000025,20667.0,101548.0,48300.0
12000026,20667.0,101048.0,48300.0
12000027,28967.0,101548.0,48300.0
12000028,28967.0,101048.0,48300.0
12000029,20667.0,98548.0,48300.0
12000030,28267.0,98548.0,48300.0
12000031,26367.0,98548.0,48300.0
12000032,16867.0,98548.0,48300.0
12000033,32067.0,98548.0,48300.0
12000034,16867.0,110198.0,48300.0
12000035,32067.0,110198.0,48300.0
12000036,23267.0,109893.0,48300.0
12000037,27367.0,110448.0,48300.0
12000038,23267.0,106298.0,48300.0
12000039,26367.0,106298.0,48300.0
12000040,20167.0,107148.0,48300.0
12000041,23267.0,99593.0,48300.0
12000042,26367.0,99593.0,48300.0
12000043,18417.0,98548.0,48300.0
12000044,30517.0,98548.0,48300.0
12000045,35867.0,98548.0,48300.0
12000046,39467.0,98548.0,48300.0
12000047,35867.0,114848.0,48300.0
12000048,39467.0,114848.0,48300.0
12000049,9467.0,114848.0,48300.0
12000050,13067.0,114848.0,48300.0
12000051,20667.0,113648.0,48300.0
12000052,16867.0,113648.0,48300.0
12000053,19917.0,113648.0,48300.0
12000054,19917.0,114848.0,48300.0
12000055,17867.0,113648.0,48300.0
12000056,17867.0,114848.0,48300.0
12000057,27767.0,113448.0,48300.0
12000058,19467.0,98548.0,48300.0
12000059,19467.0,101048.0,48300.0
12000060,17767.0,103698.0,48300.0
12000061,16867.0,103698.0,48300.0
12000062,31167.0,103698.0,48300.0
12000063,32067.0,103698.0,48300.0
12000064,20667.0,106298.0,48300.0
12000065,28967.0,106298.0,48300.0
12000066,23267.0,113648.0,48300.0
12000067,20667.0,109893.0,48300.0
12000068,44067.0,114848.0,48300.0
12000069,44067.0,106698.0,48300.0
12000070,44067.0,98548.0,48300.0
12000071,4867.0,114848.0,48300.0
12000072,4867.0,106698.0,48300.0
12000073,4867.0,98548.0,48300.0
12000074,4867.0,126298.0,48300.0
12000075,9467.0,126348.0,48300.0
12000076,13067.0,126348.0,48300.0
12000077,16867.0,126298.0,48300.0
12000078,32067.0,126298.0,48300.0
12000079,35867.0,126348.0,48300.0
12000080,39467.0,126348.0,48300.0
12000081,44067.0,126298.0,48300.0
12000082,4867.0,87098.0,48300.0
12000083,9467.0,87048.0,48300.0
12000084,13067.0,87048.0,48300.0
12000085,16867.0,87098.0,48300.0
12000086,32067.0,87098.0,48300.0
12000087,35867.0,87048.0,48300.0
12000088,39467.0,87048.0,48300.0
12000089,44067.0,87098.0,48300.0
12000090,23267.0,114848.0,48300.0
12000091,23267.0,107148.0,48300.0
12000092,16867.0,106698.0,48300.0
12000093,23267.0,104348.0,48300.0
12000094,23267.0,101548.0,48300.0
12000095,23267.0,98548.0,48300.0
12000096,32067.0,106698.0,48300.0
12000097,28967.0,98548.0,48300.0
12000099,30367.0,101048.0,48300.0
12000100,26367.0,104348.0,48300.0
12000101,26367.0,107148.0,48300.0
12000102,26367.0,101548.0,48300.0
12000103,27767.0,114848.0,48300.0
12000104,28967.0,113448.0,48300.0
12000105,28967.0,110448.0,48300.0
12000106,28967.0,108748.0,48300.0
12000107,28967.0,114848.0,48300.0
12000108,13067.0,98548.0,48300.0
12000109,24817.0,98548.0,48300.0
12000110,24817.0,87048.0,48300.0
12000111,28967.0,87048.0,48300.0
12000112,20667.0,87048.0,48300.0
12000113,24817.0,114848.0,48300.0
12000114,24817.0,126348.0,48300.0
12000115,28967.0,126348.0,48300.0
12000116,20667.0,126348.0,48300.0
12000117,9467.0,98548.0,48300.0
12000118,39467.0,106698.0,48300.0
12000119,35867.0,106698.0,48300.0
12000120,13067.0,106698.0,48300.0
12000121,9467.0,106698.0,48300.0
12000456,17817.0,108760.0,48300.0
12000457,18767.0,108773.0,48300.0
12000458,19717.0,108785.0,48300.0
12000459,20667.0,110870.0,48300.0
12000460,20667.0,112748.0,48300.0
12000461,18892.0,113648.0,48300.0
12000462,16867.0,109473.0,48300.0
12000463,16867.0,107948.0,48300.0
12000464,19467.0,99381.0,48300.0
12000465,19467.0,100214.0,48300.0
12000466,20667.0,99381.0,48300.0
12000467,20667.0,100214.0,48300.0
12000468,24607.0,106827.0,48300.0
13000001,16867.0,114848.0,51899.0
13000002,32067.0,114848.0,51899.0
13000003,26367.0,114848.0,51899.0
13000004,20667.0,114848.0,51899.0
13000005,26367.0,113448.0,51899.0
13000006,26367.0,110448.0,51899.0
13000007,20667.0,111848.0,51899.0
13000008,20667.0,108798.0,51899.0
13000009,23267.0,111848.0,51899.0
13000010,16867.0,108748.0,51899.0
13000011,32067.0,108748.0,51899.0
13000012,23267.0,108798.0,51899.0
13000013,16867.0,107148.0,51899.0
13000014,32067.0,107148.0,51899.0
13000015,20667.0,107148.0,51899.0
13000016,28967.0,107148.0,51899.0
13000017,16867.0,101048.0,51899.0
13000018,17767.0,107148.0,51899.0
13000019,17767.0,101048.0,51899.0
13000020,20667.0,104348.0,51899.0
13000021,28967.0,104348.0,51899.0
13000022,31167.0,107148.0,51899.0
13000023,31167.0,101048.0,51899.0
13000024,32067.0,101048.0,51899.0
13000025,20667.0,101548.0,51899.0
13000026,20667.0,101048.0,51899.0
13000027,28967.0,101548.0,51899.0
13000028,28967.0,101048.0,51899.0
13000029,20667.0,98548.0,51899.0
13000030,28267.0,98548.0,51899.0
13000031,26367.0,98548.0,51899.0
13000032,16867.0,98548.0,51899.0
13000033,32067.0,98548.0,51899.0
13000034,16867.0,110198.0,51899.0
13000035,32067.0,110198.0,51899.0
13000036,23267.0,109893.0,51899.0
13000037,27367.0,110448.0,51899.0
13000038,23267.0,106298.0,51899.0
13000039,26367.0,106298.0,51899.0
13000040,20167.0,107148.0,51899.0
13000041,23267.0,99593.0,51899.0
13000042,26367.0,99593.0,51899.0
13000043,18417.0,98548.0,51899.0
13000044,30517.0,98548.0,51899.0
13000045,35867.0,98548.0,51899.0
13000046,39467.0,98548.0,51899.0
13000047,35867.0,114848.0,51899.0
13000048,39467.0,114848.0,51899.0
13000049,9467.0,114848.0,51899.0
13000050,13067.0,114848.0,51899.0
13000051,20667.0,113648.0,51899.0
13000052,16867.0,113648.0,51899.0
13000053,19917.0,113648.0,51899.0
13000054,19917.0,114848.0,51899.0
13000055,17867.0,113648.0,51899.0
13000056,17867.0,114848.0,51899.0
13000057,27767.0,113448.0,51899.0
13000058,19467.0,98548.0,51899.0
13000059,19467.0,101048.0,51899.0
13000060,17767.0,103698.0,51899.0
13000061,16867.0,103698.0,51899.0
13000062,31167.0,103698.0,51899.0
13000063,32067.0,103698.0,51899.0
13000064,20667.0,106298.0,51899.0
13000065,28967.0,106298.0,51899.0
13000066,23267.0,113648.0,51899.0
13000067,20667.0,109893.0,51899.0
13000068,44067.0,114848.0,51899.0
13000069,44067.0,106698.0,51899.0
13000070,44067.0,98548.0,51899.0
13000071,4867.0,114848.0,51899.0
13000072,4867.0,106698.0,51899.0
13000073,4867.0,98548.0,51899.0
13000074,4867.0,126298.0,51899.0
13000075,9467.0,126348.0,51899.0
13000076,13067.0,126348.0,51899.0
13000077,16867.0,126298.0,51899.0
13000078,32067.0,126298.0,51899.0
13000079,35867.0,126348.0,51899.0
13000080,39467.0,126348.0,51899.0
13000081,44067.0,126298.0,51899.0
13000082,4867.0,87098.0,51899.0
13000083,9467.0,87048.0,51899.0
13000084,13067.0,87048.0,51899.0
13000085,16867.0,87098.0,51899.0
13000086,32067.0,87098.0,51899.0
13000087,35867.0,87048.0,51899.0
13000088,39467.0,87048.0,51899.0
13000089,44067.0,87098.0,51899.0
13000090,23267.0,114848.0,51899.0
13000091,23267.0,107148.0,51899.0
13000092,16867.0,106698.0,51899.0
13000093,23267.0,104348.0,51899.0
13000094,23267.0,101548.0,51899.0
13000095,23267.0,98548.0,51899.0
13000096,32067.0,106698.0,51899.0
13000097,28967.0,98548.0,51899.0
13000099,30367.0,101048.0,51899.0
13000100,26367.0,104348.0,51899.0
13000101,26367.0,107148.0,51899.0
13000102,26367.0,101548.0,51899.0
13000103,27767.0,114848.0,51899.0
13000104,28967.0,113448.0,51899.0
13000105,28967.0,110448.0,51899.0
13000106,28967.0,108748.0,51899.0
13000107,28967.0,114848.0,51899.0
13000108,13067.0,98548.0,51899.0
13000109,24817.0,98548.0,51899.0
13000110,24817.0,87048.0,51899.0
13000111,28967.0,87048.0,51899.0
13000112,20667.0,87048.0,51899.0
13000113,24817.0,114848.0,51899.0
13000114,24817.0,126348.0,51899.0
13000115,28967.0,126348.0,51899.0
13000116,20667.0,126348.0,51899.0
13000117,9467.0,98548.0,51899.0
13000118,39467.0,106698.0,51899.0
13000119,35867.0,106698.0,51899.0
13000120,13067.0,106698.0,51899.0
13000121,9467.0,106698.0,51899.0
13000456,17817.0,108760.0,51899.0
13000457,18767.0,108773.0,51899.0
13000458,19717.0,108785.0,51899.0
13000459,20667.0,110870.0,51899.0
13000460,20667.0,112748.0,51899.0
13000461,18892.0,113648.0,51899.0
13000462,16867.0,109473.0,51899.0
13000463,16867.0,107948.0,51899.0
13000464,19467.0,99381.0,51900.0
13000465,19467.0,100214.0,51899.0
13000466,20667.0,99381.0,51900.0
13000467,20667.0,100214.0,51899.0
13000468,24607.0,106827.0,51899.0
14000001,16867.0,114848.0,55500.0
14000002,32067.0,114848.0,55500.0
14000003,26367.0,114848.0,55500.0
14000004,20667.0,114848.0,55500.0
14000005,26367.0,113448.0,55500.0
14000006,26367.0,110448.0,55500.0
14000007,20667.0,111848.0,55500.0
14000008,20667.0,108798.0,55500.0
14000009,23267.0,111848.0,55500.0
14000010,16867.0,108748.0,55500.0
14000011,32067.0,108748.0,55500.0
14000012,23267.0,108798.0,55500.0
14000013,16867.0,107148.0,55500.0
14000014,32067.0,107148.0,55500.0
14000015,20667.0,107148.0,55500.0
14000016,28967.0,107148.0,55500.0
14000017,16867.0,101048.0,55500.0
14000018,17767.0,107148.0,55500.0
14000019,17767.0,101048.0,55500.0
14000020,20667.0,104348.0,55500.0
14000021,28967.0,104348.0,55500.0
14000022,31167.0,107148.0,55500.0
14000023,31167.0,101048.0,55500.0
14000024,32067.0,101048.0,55500.0
14000025,20667.0,101548.0,55500.0
14000026,20667.0,101048.0,55500.0
14000027,28967.0,101548.0,55500.0
14000028,28967.0,101048.0,55500.0
14000029,20667.0,98548.0,55500.0
14000030,28267.0,98548.0,55500.0
14000031,26367.0,98548.0,55500.0
14000032,16867.0,98548.0,55500.0
14000033,32067.0,98548.0,55500.0
14000034,16867.0,110198.0,55500.0
14000035,32067.0,110198.0,55500.0
14000036,23267.0,109893.0,55500.0
14000037,27367.0,110448.0,55500.0
14000038,23267.0,106298.0,55500.0
14000039,26367.0,106298.0,55500.0
14000040,20167.0,107148.0,55500.0
14000041,23267.0,99593.0,55500.0
14000042,26367.0,99593.0,55500.0
14000043,18417.0,98548.0,55500.0
14000044,30517.0,98548.0,55500.0
14000045,35867.0,98548.0,55500.0
14000046,39467.0,98548.0,55500.0
14000047,35867.0,114848.0,55500.0
14000048,39467.0,114848.0,55500.0
14000049,9467.0,114848.0,55500.0
14000050,13067.0,114848.0,55500.0
14000051,20667.0,113648.0,55500.0
14000052,16867.0,113648.0,55500.0
14000053,19917.0,113648.0,55500.0
14000054,19917.0,114848.0,55500.0
14000055,17867.0,113648.0,55500.0
14000056,17867.0,114848.0,55500.0
14000057,27767.0,113448.0,55500.0
14000058,19467.0,98548.0,55500.0
14000059,19467.0,101048.0,55500.0
14000060,17767.0,103698.0,55500.0
14000061,16867.0,103698.0,55500.0
14000062,31167.0,103698.0,55500.0
14000063,32067.0,103698.0,55500.0
14000064,20667.0,106298.0,55500.0
14000065,28967.0,106298.0,55500.0
14000066,23267.0,113648.0,55500.0
14000067,20667.0,109893.0,55500.0
14000068,44067.0,114848.0,55500.0
14000069,44067.0,106698.0,55500.0
14000070,44067.0,98548.0,55500.0
14000071,4867.0,114848.0,55500.0
14000072,4867.0,106698.0,55500.0
14000073,4867.0,98548.0,55500.0
14000074,4867.0,126298.0,55500.0
14000075,9467.0,126348.0,55500.0
14000076,13067.0,126348.0,55500.0
14000077,16867.0,126298.0,55500.0
14000078,32067.0,126298.0,55500.0
14000079,35867.0,126348.0,55500.0
14000080,39467.0,126348.0,55500.0
14000081,44067.0,126298.0,55500.0
14000082,4867.0,87098.0,55500.0
14000083,9467.0,87048.0,55500.0
14000084,13067.0,87048.0,55500.0
14000085,16867.0,87098.0,55500.0
14000086,32067.0,87098.0,55500.0
14000087,35867.0,87048.0,55500.0
14000088,39467.0,87048.0,55500.0
14000089,44067.0,87098.0,55500.0
14000090,23267.0,114848.0,55500.0
14000091,23267.0,107148.0,55500.0
14000092,16867.0,106698.0,55500.0
14000093,23267.0,104348.0,55500.0
14000094,23267.0,101548.0,55500.0
14000095,23267.0,98548.0,55500.0
14000096,32067.0,106698.0,55500.0
14000097,28967.0,98548.0,55500.0
14000099,30367.0,101048.0,55500.0
14000100,26367.0,104348.0,55500.0
14000101,26367.0,107148.0,55500.0
14000102,26367.0,101548.0,55500.0
14000103,27767.0,114848.0,55500.0
14000104,28967.0,113448.0,55500.0
14000105,28967.0,110448.0,55500.0
14000106,28967.0,108748.0,55500.0
14000107,28967.0,114848.0,55500.0
14000108,13067.0,98548.0,55500.0
14000109,24817.0,98548.0,55500.0
14000110,24817.0,87048.0,55500.0
14000111,28967.0,87048.0,55500.0
14000112,20667.0,87048.0,55500.0
14000113,24817.0,114848.0,55500.0
14000114,24817.0,126348.0,55500.0
14000115,28967.0,126348.0,55500.0
14000116,20667.0,126348.0,55500.0
14000117,9467.0,98548.0,55500.0
14000118,39467.0,106698.0,55500.0
14000119,35867.0,106698.0,55500.0
14000120,13067.0,106698.0,55500.0
14000121,9467.0,106698.0,55500.0
14000456,17817.0,108760.0,55500.0
14000457,18767.0,108773.0,55500.0
14000458,19717.0,108785.0,55500.0
14000459,20667.0,110870.0,55500.0
14000460,20667.0,112748.0,55500.0
14000461,18892.0,113648.0,55500.0
14000462,16867.0,109473.0,55500.0
14000463,16867.0,107948.0,55500.0
14000464,19467.0,99381.0,55500.0
14000465,19467.0,100214.0,55500.0
14000466,20667.0,99381.0,55500.0
14000467,20667.0,100214.0,55500.0
14000468,24607.0,106827.0,55500.0
15000001,16867.0,114848.0,59100.0
15000002,32067.0,114848.0,59100.0
15000003,26367.0,114848.0,59100.0
15000004,20667.0,114848.0,59100.0
15000005,26367.0,113448.0,59100.0
15000006,26367.0,110448.0,59100.0
15000007,20667.0,111848.0,59100.0
15000008,20667.0,108798.0,59100.0
15000009,23267.0,111848.0,59100.0
15000010,16867.0,108748.0,59100.0
15000011,32067.0,108748.0,59100.0
15000012,23267.0,108798.0,59100.0
15000013,16867.0,107148.0,59100.0
15000014,32067.0,107148.0,59100.0
15000015,20667.0,107148.0,59100.0
15000016,28967.0,107148.0,59100.0
15000017,16867.0,101048.0,59100.0
15000018,17767.0,107148.0,59100.0
15000019,17767.0,101048.0,59100.0
15000020,20667.0,104348.0,59100.0
15000021,28967.0,104348.0,59100.0
15000022,31167.0,107148.0,59100.0
15000023,31167.0,101048.0,59100.0
15000024,32067.0,101048.0,59100.0
15000025,20667.0,101548.0,59100.0
15000026,20667.0,101048.0,59100.0
15000027,28967.0,101548.0,59100.0
15000028,28967.0,101048.0,59100.0
15000029,20667.0,98548.0,59100.0
15000030,28267.0,98548.0,59100.0
15000031,26367.0,98548.0,59100.0
15000032,16867.0,98548.0,59100.0
15000033,32067.0,98548.0,59100.0
15000034,16867.0,110198.0,59100.0
15000035,32067.0,110198.0,59100.0
15000036,23267.0,109893.0,59100.0
15000037,27367.0,110448.0,59100.0
15000038,23267.0,106298.0,59100.0
15000039,26367.0,106298.0,59100.0
15000040,20167.0,107148.0,59100.0
15000041,23267.0,99593.0,59100.0
15000042,26367.0,99593.0,59100.0
15000043,18417.0,98548.0,59100.0
15000044,30517.0,98548.0,59100.0
15000045,35867.0,98548.0,59100.0
15000046,39467.0,98548.0,59100.0
15000047,35867.0,114848.0,59100.0
15000048,39467.0,114848.0,59100.0
15000049,9467.0,114848.0,59100.0
15000050,13067.0,114848.0,59100.0
15000051,20667.0,113648.0,59100.0
15000052,16867.0,113648.0,59100.0
15000053,19917.0,113648.0,59100.0
15000054,19917.0,114848.0,59100.0
15000055,17867.0,113648.0,59100.0
15000056,17867.0,114848.0,59100.0
15000057,27767.0,113448.0,59100.0
15000058,19467.0,98548.0,59100.0
15000059,19467.0,101048.0,59100.0
15000060,17767.0,103698.0,59100.0
15000061,16867.0,103698.0,59100.0
15000062,31167.0,103698.0,59100.0
15000063,32067.0,103698.0,59100.0
15000064,20667.0,106298.0,59100.0
15000065,28967.0,106298.0,59100.0
15000066,23267.0,113648.0,59100.0
15000067,20667.0,109893.0,59100.0
15000068,44067.0,114848.0,59100.0
15000069,44067.0,106698.0,59100.0
15000070,44067.0,98548.0,59100.0
15000071,4867.0,114848.0,59100.0
15000072,4867.0,106698.0,59100.0
15000073,4867.0,98548.0,59100.0
15000074,4867.0,126298.0,59100.0
15000075,9467.0,126348.0,59100.0
15000076,13067.0,126348.0,59100.0
15000077,16867.0,126298.0,59100.0
15000078,32067.0,126298.0,59100.0
15000079,35867.0,126348.0,59100.0
15000080,39467.0,126348.0,59100.0
15000081,44067.0,126298.0,59100.0
15000082,4867.0,87098.0,59100.0
15000083,9467.0,87048.0,59100.0
15000084,13067.0,87048.0,59100.0
15000085,16867.0,87098.0,59100.0
15000086,32067.0,87098.0,59100.0
15000087,35867.0,87048.0,59100.0
15000088,39467.0,87048.0,59100.0
15000089,44067.0,87098.0,59100.0
15000090,23267.0,114848.0,59100.0
15000091,23267.0,107148.0,59100.0
15000092,16867.0,106698.0,59100.0
15000093,23267.0,104348.0,59100.0
15000094,23267.0,101548.0,59100.0
15000095,23267.0,98548.0,59100.0
15000096,32067.0,106698.0,59100.0
15000097,28967.0,98548.0,59100.0
15000099,30367.0,101048.0,59100.0
15000100,26367.0,104348.0,59100.0
15000101,26367.0,107148.0,59100.0
15000102,26367.0,101548.0,59100.0
15000103,27767.0,114848.0,59100.0
15000104,28967.0,113448.0,59100.0
15000105,28967.0,110448.0,59100.0
15000106,28967.0,108748.0,59100.0
15000107,28967.0,114848.0,59100.0
15000108,13067.0,98548.0,59100.0
15000109,24817.0,98548.0,59100.0
15000110,24817.0,87048.0,59100.0
15000111,28967.0,87048.0,59100.0
15000112,20667.0,87048.0,59100.0
15000113,24817.0,114848.0,59100.0
15000114,24817.0,126348.0,59100.0
15000115,28967.0,126348.0,59100.0
15000116,20667.0,126348.0,59100.0
15000117,9467.0,98548.0,59100.0
15000118,39467.0,106698.0,59100.0
15000119,35867.0,106698.0,59100.0
15000120,13067.0,106698.0,59100.0
15000121,9467.0,106698.0,59100.0
15000456,17817.0,108760.0,59100.0
15000457,18767.0,108773.0,59100.0
15000458,19717.0,108785.0,59100.0
15000459,20667.0,110870.0,59100.0
15000460,20667.0,112748.0,59100.0
15000461,18892.0,113648.0,59100.0
15000462,16867.0,109473.0,59100.0
15000463,16867.0,107948.0,59100.0
15000464,19467.0,99381.0,59100.0
15000465,19467.0,100214.0,59100.0
15000466,20667.0,99381.0,59100.0
15000467,20667.0,100214.0,59100.0
15000468,24607.0,106827.0,59100.0
16000001,16867.0,114848.0,62699.0
16000002,32067.0,114848.0,62699.0
16000003,26367.0,114848.0,62699.0
16000004,20667.0,114848.0,62699.0
16000005,26367.0,113448.0,62699.0
16000006,26367.0,110448.0,62699.0
16000007,20667.0,111848.0,62699.0
16000008,20667.0,108798.0,62699.0
16000009,23267.0,111848.0,62699.0
16000010,16867.0,108748.0,62699.0
16000011,32067.0,108748.0,62699.0
16000012,23267.0,108798.0,62699.0
16000013,16867.0,107148.0,62699.0
16000014,32067.0,107148.0,62699.0
16000015,20667.0,107148.0,62699.0
16000016,28967.0,107148.0,62699.0
16000017,16867.0,101048.0,62699.0
16000018,17767.0,107148.0,62699.0
16000019,17767.0,101048.0,62699.0
16000020,20667.0,104348.0,62699.0
16000021,28967.0,104348.0,62699.0
16000022,31167.0,107148.0,62699.0
16000023,31167.0,101048.0,62699.0
16000024,32067.0,101048.0,62699.0
16000025,20667.0,101548.0,62699.0
16000026,20667.0,101048.0,62699.0
16000027,28967.0,101548.0,62699.0
16000028,28967.0,101048.0,62699.0
16000029,20667.0,98548.0,62699.0
16000030,28267.0,98548.0,62699.0
16000031,26367.0,98548.0,62699.0
16000032,16867.0,98548.0,62699.0
16000033,32067.0,98548.0,62699.0
16000034,16867.0,110198.0,62699.0
16000035,32067.0,110198.0,62699.0
16000036,23267.0,109893.0,62699.0
16000037,27367.0,110448.0,62699.0
16000038,23267.0,106298.0,62699.0
16000039,26367.0,106298.0,62699.0
16000040,23267.0,99593.0,62699.0
16000041,26367.0,99593.0,62699.0
16000042,18417.0,98548.0,62699.0
16000043,30517.0,98548.0,62699.0
16000044,20667.0,113648.0,62699.0
16000045,16867.0,113648.0,62699.0
16000046,19917.0,113648.0,62699.0
16000047,19917.0,114848.0,62699.0
16000048,17867.0,113648.0,62699.0
16000049,17867.0,114848.0,62699.0
16000050,27767.0,113448.0,62699.0
16000051,19467.0,98548.0,62699.0
16000052,19467.0,101048.0,62699.0
16000053,17767.0,103698.0,62699.0
16000054,16867.0,103698.0,62699.0
16000055,31167.0,103698.0,62699.0
16000056,32067.0,103698.0,62699.0
16000057,20667.0,106298.0,62699.0
16000058,28967.0,106298.0,62699.0
16000059,23267.0,113648.0,62699.0
16000060,20667.0,109893.0,62699.0
16000061,44067.0,98548.0,62699.0
16000062,44067.0,114848.0,62699.0
16000063,44067.0,106698.0,62699.0
16000064,4867.0,98548.0,62699.0
16000065,4867.0,114848.0,62699.0
16000066,4867.0,106698.0,62699.0
16000067,4867.0,126298.0,62699.0
16000068,9467.0,126348.0,62699.0
16000069,13067.0,126348.0,62699.0
16000070,16867.0,126298.0,62699.0
16000071,32067.0,126298.0,62699.0
16000072,35867.0,126348.0,62699.0
16000073,39467.0,126348.0,62699.0
16000074,44067.0,126298.0,62699.0
16000075,4867.0,87098.0,62699.0
16000076,9467.0,87048.0,62699.0
16000077,13067.0,87048.0,62699.0
16000078,16867.0,87098.0,62699.0
16000079,32067.0,87098.0,62699.0
16000080,35867.0,87048.0,62699.0
16000081,39467.0,87048.0,62699.0
16000082,44067.0,87098.0,62699.0
16000083,23267.0,114848.0,62699.0
16000084,23267.0,107148.0,62699.0
16000085,16867.0,106698.0,62699.0
16000086,23267.0,104348.0,62699.0
16000087,23267.0,101548.0,62699.0
16000088,23267.0,98548.0,62699.0
16000089,32067.0,106698.0,62699.0
16000090,28967.0,98548.0,62699.0
16000092,30367.0,101048.0,62699.0
16000093,26367.0,101548.0,62699.0
16000094,26367.0,104348.0,62699.0
16000095,26367.0,107148.0,62699.0
16000096,27767.0,114848.0,62699.0
16000097,28967.0,113448.0,62699.0
16000098,28967.0,110448.0,62699.0
16000099,28967.0,108748.0,62699.0
16000100,28967.0,114848.0,62699.0
16000101,39467.0,98548.0,62699.0
16000102,35867.0,98548.0,62699.0
16000103,24817.0,98548.0,62699.0
16000104,24817.0,87048.0,62699.0
16000105,28967.0,87048.0,62699.0
16000106,20667.0,87048.0,62699.0
16000107,13067.0,98548.0,62699.0
16000108,9467.0,98548.0,62699.0
16000109,35867.0,114848.0,62699.0
16000110,24817.0,114848.0,62699.0
16000111,24817.0,126348.0,62699.0
16000112,28967.0,126348.0,62699.0
16000113,20667.0,126348.0,62699.0
16000114,9467.0,114848.0,62699.0
16000115,13067.0,114848.0,62699.0
16000116,39467.0,114848.0,62699.0
16000117,20167.0,107148.0,62699.0
16000118,39467.0,106698.0,62699.0
16000119,35867.0,106698.0,62699.0
16000120,13067.0,106698.0,62699.0
16000121,9467.0,106698.0,62699.0
16000201,17317.0,107148.0,62699.0
16000205,31617.0,107148.0,62699.0
16000510,17817.0,108760.0,62699.0
16000511,18767.0,108773.0,62699.0
16000512,19717.0,108785.0,62699.0
16000513,20667.0,110870.0,62699.0
16000514,20667.0,112748.0,62699.0
16000515,18892.0,113648.0,62699.0
16000516,19467.0,99381.0,62700.0
16000517,19467.0,100214.0,62700.0
16000518,20667.0,99381.0,62700.0
16000519,20667.0,100214.0,62700.0
16000520,24637.0,106767.0,62699.0
17000001,16867.0,114848.0,66300.0
17000002,32067.0,114848.0,66300.0
17000003,26367.0,114848.0,66300.0
17000004,20667.0,114848.0,66300.0
17000005,26367.0,113448.0,66300.0
17000006,26367.0,110448.0,66300.0
17000007,20667.0,111848.0,66300.0
17000008,20667.0,108798.0,66300.0
17000009,23267.0,111848.0,66300.0
17000010,16867.0,108748.0,66300.0
17000011,32067.0,108748.0,66300.0
17000012,23267.0,108798.0,66300.0
17000013,16867.0,107148.0,66300.0
17000014,32067.0,107148.0,66300.0
17000015,20667.0,107148.0,66300.0
17000016,28967.0,107148.0,66300.0
17000017,16867.0,101048.0,66300.0
17000018,17767.0,107148.0,66300.0
17000019,17767.0,101048.0,66300.0
17000020,20667.0,104348.0,66300.0
17000021,28967.0,104348.0,66300.0
17000022,31167.0,107148.0,66300.0
17000023,31167.0,101048.0,66300.0
17000024,32067.0,101048.0,66300.0
17000025,20667.0,101548.0,66300.0
17000026,20667.0,101048.0,66300.0
17000027,28967.0,101548.0,66300.0
17000028,28967.0,101048.0,66300.0
17000029,20667.0,98548.0,66300.0
17000030,28267.0,98548.0,66300.0
17000031,26367.0,98548.0,66300.0
17000032,16867.0,98548.0,66300.0
17000033,32067.0,98548.0,66300.0
17000034,16867.0,110198.0,66300.0
17000035,32067.0,110198.0,66300.0
17000036,23267.0,109893.0,66300.0
17000037,27367.0,110448.0,66300.0
17000038,23267.0,106298.0,66300.0
17000039,26367.0,106298.0,66300.0
17000040,23267.0,99593.0,66300.0
17000041,26367.0,99593.0,66300.0
17000042,18417.0,98548.0,66300.0
17000043,30517.0,98548.0,66300.0
17000044,20667.0,113648.0,66300.0
17000045,16867.0,113648.0,66300.0
17000046,19917.0,113648.0,66300.0
17000047,19917.0,114848.0,66300.0
17000048,17867.0,113648.0,66300.0
17000049,17867.0,114848.0,66300.0
17000050,27767.0,113448.0,66300.0
17000051,19467.0,98548.0,66300.0
17000052,19467.0,101048.0,66300.0
17000053,17767.0,103698.0,66300.0
17000054,16867.0,103698.0,66300.0
17000055,31167.0,103698.0,66300.0
17000056,32067.0,103698.0,66300.0
17000057,20667.0,106298.0,66300.0
17000058,28967.0,106298.0,66300.0
17000059,23267.0,113648.0,66300.0
17000060,20667.0,109893.0,66300.0
17000061,44067.0,98548.0,66300.0
17000062,44067.0,114848.0,66300.0
17000063,44067.0,106698.0,66300.0
17000064,4867.0,98548.0,66300.0
17000065,4867.0,114848.0,66300.0
17000066,4867.0,106698.0,66300.0
17000067,4867.0,126298.0,66300.0
17000068,9467.0,126348.0,66300.0
17000069,13067.0,126348.0,66300.0
17000070,16867.0,126298.0,66300.0
17000071,32067.0,126298.0,66300.0
17000072,35867.0,126348.0,66300.0
17000073,39467.0,126348.0,66300.0
17000074,44067.0,126298.0,66300.0
17000075,4867.0,87098.0,66300.0
17000076,9467.0,87048.0,66300.0
17000077,13067.0,87048.0,66300.0
17000078,16867.0,87098.0,66300.0
17000079,32067.0,87098.0,66300.0
17000080,35867.0,87048.0,66300.0
17000081,39467.0,87048.0,66300.0
17000082,44067.0,87098.0,66300.0
17000083,23267.0,114848.0,66300.0
17000084,23267.0,107148.0,66300.0
17000085,16867.0,106698.0,66300.0
17000086,23267.0,104348.0,66300.0
17000087,23267.0,101548.0,66300.0
17000088,23267.0,98548.0,66300.0
17000089,32067.0,106698.0,66300.0
17000090,28967.0,98548.0,66300.0
17000092,30367.0,101048.0,66300.0
17000093,26367.0,101548.0,66300.0
17000094,26367.0,104348.0,66300.0
17000095,26367.0,107148.0,66300.0
17000096,27767.0,114848.0,66300.0
17000097,28967.0,113448.0,66300.0
17000098,28967.0,110448.0,66300.0
17000099,28967.0,108748.0,66300.0
17000100,28967.0,114848.0,66300.0
17000101,39467.0,98548.0,66300.0
17000102,35867.0,98548.0,66300.0
17000103,24817.0,98548.0,66300.0
17000104,24817.0,87048.0,66300.0
17000105,28967.0,87048.0,66300.0
17000106,20667.0,87048.0,66300.0
17000107,13067.0,98548.0,66300.0
17000108,9467.0,98548.0,66300.0
17000109,35867.0,114848.0,66300.0
17000110,24817.0,114848.0,66300.0
17000111,24817.0,126348.0,66300.0
17000112,28967.0,126348.0,66300.0
17000113,20667.0,126348.0,66300.0
17000114,9467.0,114848.0,66300.0
17000115,13067.0,114848.0,66300.0
17000116,39467.0,114848.0,66300.0
17000117,20167.0,107148.0,66300.0
17000118,39467.0,106698.0,66300.0
17000119,35867.0,106698.0,66300.0
17000120,13067.0,106698.0,66300.0
17000121,9467.0,106698.0,66300.0
17000201,17317.0,107148.0,66300.0
17000205,31617.0,107148.0,66300.0
17000507,17817.0,108760.0,66300.0
17000508,18767.0,108773.0,66300.0
17000509,19717.0,108785.0,66300.0
17000510,20667.0,110870.0,66300.0
17000511,20667.0,112748.0,66300.0
17000512,18892.0,113648.0,66300.0
17000513,19467.0,99381.0,66300.0
17000514,19467.0,100214.0,66300.0
17000515,20667.0,99381.0,66300.0
17000516,20667.0,100214.0,66300.0
17000517,24637.0,106767.0,66299.0
18000001,16867.0,114848.0,69900.0
18000002,32067.0,114848.0,69900.0
18000003,26367.0,114848.0,69900.0
18000004,20667.0,114848.0,69900.0
18000005,26367.0,113448.0,69900.0
18000006,26367.0,110448.0,69900.0
18000007,20667.0,111848.0,69900.0
18000008,20667.0,108798.0,69900.0
18000009,23267.0,111848.0,69900.0
18000010,16867.0,108748.0,69900.0
18000011,32067.0,108748.0,69900.0
18000012,23267.0,108798.0,69900.0
18000013,16867.0,107148.0,69900.0
18000014,32067.0,107148.0,69900.0
18000015,20667.0,107148.0,69900.0
18000016,28967.0,107148.0,69900.0
18000017,16867.0,101048.0,69900.0
18000018,17767.0,107148.0,69900.0
18000019,17767.0,101048.0,69900.0
18000020,20667.0,104348.0,69900.0
18000021,28967.0,104348.0,69900.0
18000022,31167.0,107148.0,69900.0
18000023,31167.0,101048.0,69900.0
18000024,32067.0,101048.0,69900.0
18000025,20667.0,101548.0,69900.0
18000026,20667.0,101048.0,69900.0
18000027,28967.0,101548.0,69900.0
18000028,28967.0,101048.0,69900.0
18000029,20667.0,98548.0,69900.0
18000030,28267.0,98548.0,69900.0
18000031,26367.0,98548.0,69900.0
18000032,16867.0,98548.0,69900.0
18000033,32067.0,98548.0,69900.0
18000034,16867.0,110198.0,69900.0
18000035,32067.0,110198.0,69900.0
18000036,23267.0,109893.0,69900.0
18000037,27367.0,110448.0,69900.0
18000038,23267.0,106298.0,69900.0
18000039,26367.0,106298.0,69900.0
18000040,23267.0,99593.0,69900.0
18000041,26367.0,99593.0,69900.0
18000042,18417.0,98548.0,69900.0
18000043,30517.0,98548.0,69900.0
18000044,20667.0,113648.0,69900.0
18000045,16867.0,113648.0,69900.0
18000046,19917.0,113648.0,69900.0
18000047,19917.0,114848.0,69900.0
18000048,17867.0,113648.0,69900.0
18000049,17867.0,114848.0,69900.0
18000050,27767.0,113448.0,69900.0
18000051,19467.0,98548.0,69900.0
18000052,19467.0,101048.0,69900.0
18000053,17767.0,103698.0,69900.0
18000054,16867.0,103698.0,69900.0
18000055,31167.0,103698.0,69900.0
18000056,32067.0,103698.0,69900.0
18000057,20667.0,106298.0,69900.0
18000058,28967.0,106298.0,69900.0
18000059,23267.0,113648.0,69900.0
18000060,20667.0,109893.0,69900.0
18000061,44067.0,98548.0,69900.0
18000062,44067.0,114848.0,69900.0
18000063,44067.0,106698.0,69900.0
18000064,4867.0,98548.0,69900.0
18000065,4867.0,114848.0,69900.0
18000066,4867.0,106698.0,69900.0
18000067,4867.0,126298.0,69900.0
18000068,9467.0,126348.0,69900.0
18000069,13067.0,126348.0,69900.0
18000070,16867.0,126298.0,69900.0
18000071,32067.0,126298.0,69900.0
18000072,35867.0,126348.0,69900.0
18000073,39467.0,126348.0,69900.0
18000074,44067.0,126298.0,69900.0
18000075,4867.0,87098.0,69900.0
18000076,9467.0,87048.0,69900.0
18000077,13067.0,87048.0,69900.0
18000078,16867.0,87098.0,69900.0
18000079,32067.0,87098.0,69900.0
18000080,35867.0,87048.0,69900.0
18000081,39467.0,87048.0,69900.0
18000082,44067.0,87098.0,69900.0
18000083,23267.0,114848.0,69900.0
18000084,23267.0,107148.0,69900.0
18000085,16867.0,106698.0,69900.0
18000086,23267.0,104348.0,69900.0
18000087,23267.0,101548.0,69900.0
18000088,23267.0,98548.0,69900.0
18000089,32067.0,106698.0,69900.0
18000090,28967.0,98548.0,69900.0
18000092,30367.0,101048.0,69900.0
18000093,26367.0,101548.0,69900.0
18000094,26367.0,104348.0,69900.0
18000095,26367.0,107148.0,69900.0
18000096,27767.0,114848.0,69900.0
18000097,28967.0,113448.0,69900.0
18000098,28967.0,110448.0,69900.0
18000099,28967.0,108748.0,69900.0
18000100,28967.0,114848.0,69900.0
18000101,39467.0,98548.0,69900.0
18000102,35867.0,98548.0,69900.0
18000103,24817.0,98548.0,69900.0
18000104,24817.0,87048.0,69900.0
18000105,28967.0,87048.0,69900.0
18000106,20667.0,87048.0,69900.0
18000107,13067.0,98548.0,69900.0
18000108,9467.0,98548.0,69900.0
18000109,35867.0,114848.0,69900.0
18000110,24817.0,114848.0,69900.0
18000111,24817.0,126348.0,69900.0
18000112,28967.0,126348.0,69900.0
18000113,20667.0,126348.0,69900.0
18000114,9467.0,114848.0,69900.0
18000115,13067.0,114848.0,69900.0
18000116,39467.0,114848.0,69900.0
18000117,20167.0,107148.0,69900.0
18000118,39467.0,106698.0,69900.0
18000119,35867.0,106698.0,69900.0
18000120,13067.0,106698.0,69900.0
18000121,9467.0,106698.0,69900.0
18000201,17317.0,107148.0,69900.0
18000205,31617.0,107148.0,69900.0
18000510,17817.0,108760.0,69900.0
18000511,18767.0,108773.0,69900.0
18000512,19717.0,108785.0,69900.0
18000513,20667.0,110870.0,69900.0
18000514,20667.0,112748.0,69900.0
18000515,18892.0,113648.0,69900.0
18000516,19467.0,99381.0,69900.0
18000517,19467.0,100214.0,69900.0
18000518,20667.0,99381.0,69900.0
18000519,20667.0,100214.0,69900.0
18000520,24637.0,106767.0,69899.0
19000001,16867.0,114848.0,73500.0
19000002,32067.0,114848.0,73500.0
19000003,26367.0,114848.0,73500.0
19000004,20667.0,114848.0,73500.0
19000005,26367.0,113448.0,73500.0
19000006,26367.0,110448.0,73500.0
19000007,20667.0,111848.0,73500.0
19000008,20667.0,108798.0,73500.0
19000009,23267.0,111848.0,73500.0
19000010,16867.0,108748.0,73500.0
19000011,32067.0,108748.0,73500.0
19000012,23267.0,108798.0,73500.0
19000013,16867.0,107148.0,73500.0
19000014,32067.0,107148.0,73500.0
19000015,20667.0,107148.0,73500.0
19000016,28967.0,107148.0,73500.0
19000017,16867.0,101048.0,73500.0
19000018,17767.0,107148.0,73500.0
19000019,17767.0,101048.0,73500.0
19000020,20667.0,104348.0,73500.0
19000021,28967.0,104348.0,73500.0
19000022,31167.0,107148.0,73500.0
19000023,31167.0,101048.0,73500.0
19000024,32067.0,101048.0,73500.0
19000025,20667.0,101548.0,73500.0
19000026,20667.0,101048.0,73500.0
19000027,28967.0,101548.0,73500.0
19000028,28967.0,101048.0,73500.0
19000029,20667.0,98548.0,73500.0
19000030,28267.0,98548.0,73500.0
19000031,26367.0,98548.0,73500.0
19000032,16867.0,98548.0,73500.0
19000033,32067.0,98548.0,73500.0
19000034,16867.0,110198.0,73500.0
19000035,32067.0,110198.0,73500.0
19000036,23267.0,109893.0,73500.0
19000037,27367.0,110448.0,73500.0
19000038,23267.0,106298.0,73500.0
19000039,26367.0,106298.0,73500.0
19000040,23267.0,99593.0,73500.0
19000041,26367.0,99593.0,73500.0
19000042,18417.0,98548.0,73500.0
19000043,30517.0,98548.0,73500.0
19000044,20667.0,113648.0,73500.0
19000045,16867.0,113648.0,73500.0
19000046,19917.0,113648.0,73500.0
19000047,19917.0,114848.0,73500.0
19000048,17867.0,113648.0,73500.0
19000049,17867.0,114848.0,73500.0
19000050,27767.0,113448.0,73500.0
19000051,19467.0,98548.0,73500.0
19000052,19467.0,101048.0,73500.0
19000053,17767.0,103698.0,73500.0
19000054,16867.0,103698.0,73500.0
19000055,31167.0,103698.0,73500.0
19000056,32067.0,103698.0,73500.0
19000057,20667.0,106298.0,73500.0
19000058,28967.0,106298.0,73500.0
19000059,23267.0,113648.0,73500.0
19000060,20667.0,109893.0,73500.0
19000061,44067.0,98548.0,73500.0
19000062,44067.0,114848.0,73500.0
19000063,44067.0,106698.0,73500.0
19000064,4867.0,98548.0,73500.0
19000065,4867.0,114848.0,73500.0
19000066,4867.0,106698.0,73500.0
19000067,4867.0,126298.0,73500.0
19000068,9467.0,126348.0,73500.0
19000069,13067.0,126348.0,73500.0
19000070,16867.0,126298.0,73500.0
19000071,32067.0,126298.0,73500.0
19000072,35867.0,126348.0,73500.0
19000073,39467.0,126348.0,73500.0
19000074,44067.0,126298.0,73500.0
19000075,4867.0,87098.0,73500.0
19000076,9467.0,87048.0,73500.0
19000077,13067.0,87048.0,73500.0
19000078,16867.0,87098.0,73500.0
19000079,32067.0,87098.0,73500.0
19000080,35867.0,87048.0,73500.0
19000081,39467.0,87048.0,73500.0
19000082,44067.0,87098.0,73500.0
19000083,23267.0,114848.0,73500.0
19000084,23267.0,107148.0,73500.0
19000085,16867.0,106698.0,73500.0
19000086,23267.0,104348.0,73500.0
19000087,23267.0,101548.0,73500.0
19000088,23267.0,98548.0,73500.0
19000089,32067.0,106698.0,73500.0
19000090,28967.0,98548.0,73500.0
19000092,30367.0,101048.0,73500.0
19000093,26367.0,101548.0,73500.0
19000094,26367.0,104348.0,73500.0
19000095,26367.0,107148.0,73500.0
19000096,27767.0,114848.0,73500.0
19000097,28967.0,113448.0,73500.0
19000098,28967.0,110448.0,73500.0
19000099,28967.0,108748.0,73500.0
19000100,28967.0,114848.0,73500.0
19000101,39467.0,98548.0,73500.0
19000102,35867.0,98548.0,73500.0
19000103,24817.0,98548.0,73500.0
19000104,24817.0,87048.0,73500.0
19000105,28967.0,87048.0,73500.0
19000106,20667.0,87048.0,73500.0
19000107,13067.0,98548.0,73500.0
19000108,9467.0,98548.0,73500.0
19000109,35867.0,114848.0,73500.0
19000110,24817.0,114848.0,73500.0
19000111,24817.0,126348.0,73500.0
19000112,28967.0,126348.0,73500.0
19000113,20667.0,126348.0,73500.0
19000114,9467.0,114848.0,73500.0
19000115,13067.0,114848.0,73500.0
19000116,39467.0,114848.0,73500.0
19000117,20167.0,107148.0,73500.0
19000118,39467.0,106698.0,73500.0
19000119,35867.0,106698.0,73500.0
19000120,13067.0,106698.0,73500.0
19000121,9467.0,106698.0,73500.0
19000201,17317.0,107148.0,73500.0
19000205,31617.0,107148.0,73500.0
19000510,17817.0,108760.0,73500.0
19000511,18767.0,108773.0,73500.0
19000512,19717.0,108785.0,73500.0
19000513,20667.0,110870.0,73500.0
19000514,20667.0,112748.0,73500.0
19000515,18892.0,113648.0,73500.0
19000516,19467.0,99381.0,73500.0
19000517,19467.0,100214.0,73500.0
19000518,20667.0,99381.0,73500.0
19000519,20667.0,100214.0,73500.0
19000520,24637.0,106767.0,73499.0
20000001,16867.0,114848.0,77100.0
20000002,32067.0,114848.0,77100.0
20000003,26367.0,114848.0,77100.0
20000004,20667.0,114848.0,77100.0
20000005,26367.0,113448.0,77100.0
20000006,26367.0,110448.0,77100.0
20000007,20667.0,111848.0,77100.0
20000008,20667.0,108798.0,77100.0
20000009,23267.0,111848.0,77100.0
20000010,16867.0,108748.0,77100.0
20000011,32067.0,108748.0,77100.0
20000012,23267.0,108798.0,77100.0
20000013,16867.0,107148.0,77100.0
20000014,32067.0,107148.0,77100.0
20000015,20667.0,107148.0,77100.0
20000016,28967.0,107148.0,77100.0
20000017,16867.0,101048.0,77100.0
20000018,17767.0,107148.0,77100.0
20000019,17767.0,101048.0,77100.0
20000020,20667.0,104348.0,77100.0
20000021,28967.0,104348.0,77100.0
20000022,31167.0,107148.0,77100.0
20000023,31167.0,101048.0,77100.0
20000024,32067.0,101048.0,77100.0
20000025,20667.0,101548.0,77100.0
20000026,20667.0,101048.0,77100.0
20000027,28967.0,101548.0,77100.0
20000028,28967.0,101048.0,77100.0
20000029,20667.0,98548.0,77100.0
20000030,28267.0,98548.0,77100.0
20000031,26367.0,98548.0,77100.0
20000032,16867.0,98548.0,77100.0
20000033,32067.0,98548.0,77100.0
20000034,16867.0,110198.0,77100.0
20000035,32067.0,110198.0,77100.0
20000036,23267.0,109893.0,77100.0
20000037,27367.0,110448.0,77100.0
20000038,23267.0,106298.0,77100.0
20000039,26367.0,106298.0,77100.0
20000040,23267.0,99593.0,77100.0
20000041,26367.0,99593.0,77100.0
20000042,18417.0,98548.0,77100.0
20000043,30517.0,98548.0,77100.0
20000044,20667.0,113648.0,77100.0
20000045,16867.0,113648.0,77100.0
20000046,19917.0,113648.0,77100.0
20000047,19917.0,114848.0,77100.0
20000048,17867.0,113648.0,77100.0
20000049,17867.0,114848.0,77100.0
20000050,27767.0,113448.0,77100.0
20000051,19467.0,98548.0,77100.0
20000052,19467.0,101048.0,77100.0
20000053,17767.0,103698.0,77100.0
20000054,16867.0,103698.0,77100.0
20000055,31167.0,103698.0,77100.0
20000056,32067.0,103698.0,77100.0
20000057,20667.0,106298.0,77100.0
20000058,28967.0,106298.0,77100.0
20000059,23267.0,113648.0,77100.0
20000060,20667.0,109893.0,77100.0
20000061,44067.0,98548.0,77100.0
20000062,44067.0,114848.0,77100.0
20000063,44067.0,106698.0,77100.0
20000064,4867.0,98548.0,77100.0
20000065,4867.0,114848.0,77100.0
20000066,4867.0,106698.0,77100.0
20000067,4867.0,126298.0,77100.0
20000068,9467.0,126348.0,77100.0
20000069,13067.0,126348.0,77100.0
20000070,16867.0,126298.0,77100.0
20000071,32067.0,126298.0,77100.0
20000072,35867.0,126348.0,77100.0
20000073,39467.0,126348.0,77100.0
20000074,44067.0,126298.0,77100.0
20000075,4867.0,87098.0,77100.0
20000076,9467.0,87048.0,77100.0
20000077,13067.0,87048.0,77100.0
20000078,16867.0,87098.0,77100.0
20000079,32067.0,87098.0,77100.0
20000080,35867.0,87048.0,77100.0
20000081,39467.0,87048.0,77100.0
20000082,44067.0,87098.0,77100.0
20000083,23267.0,114848.0,77100.0
20000084,23267.0,107148.0,77100.0
20000085,16867.0,106698.0,77100.0
20000086,23267.0,104348.0,77100.0
20000087,23267.0,101548.0,77100.0
20000088,23267.0,98548.0,77100.0
20000089,32067.0,106698.0,77100.0
20000090,28967.0,98548.0,77100.0
20000092,30367.0,101048.0,77100.0
20000093,26367.0,101548.0,77100.0
20000094,26367.0,104348.0,77100.0
20000095,26367.0,107148.0,77100.0
20000096,27767.0,114848.0,77100.0
20000097,28967.0,113448.0,77100.0
20000098,28967.0,110448.0,77100.0
20000099,28967.0,108748.0,77100.0
20000100,28967.0,114848.0,77100.0
20000101,39467.0,98548.0,77100.0
20000102,35867.0,98548.0,77100.0
20000103,24817.0,98548.0,77100.0
20000104,24817.0,87048.0,77100.0
20000105,28967.0,87048.0,77100.0
20000106,20667.0,87048.0,77100.0
20000107,13067.0,98548.0,77100.0
20000108,9467.0,98548.0,77100.0
20000109,35867.0,114848.0,77100.0
20000110,24817.0,114848.0,77100.0
20000111,24817.0,126348.0,77100.0
20000112,28967.0,126348.0,77100.0
20000113,20667.0,126348.0,77100.0
20000114,9467.0,114848.0,77100.0
20000115,13067.0,114848.0,77100.0
20000116,39467.0,114848.0,77100.0
20000117,20167.0,107148.0,77100.0
20000118,39467.0,106698.0,77100.0
20000119,35867.0,106698.0,77100.0
20000120,13067.0,106698.0,77100.0
20000121,9467.0,106698.0,77100.0
20000201,17317.0,107148.0,77100.0
20000205,31617.0,107148.0,77100.0
20000510,17817.0,108760.0,77100.0
20000511,18767.0,108773.0,77100.0
20000512,19717.0,108785.0,77100.0
20000513,20667.0,110870.0,77100.0
20000514,20667.0,112748.0,77100.0
20000515,18892.0,113648.0,77100.0
20000516,19467.0,99381.0,77100.0
20000517,19467.0,100214.0,77100.0
20000518,20667.0,99381.0,77100.0
20000519,20667.0,100214.0,77100.0
20000520,24637.0,106767.0,77099.0
21000001,16867.0,114848.0,80700.0
21000002,32067.0,114848.0,80700.0
21000003,26367.0,114848.0,80700.0
21000004,20667.0,114848.0,80700.0
21000005,26367.0,113448.0,80700.0
21000006,26367.0,110448.0,80700.0
21000007,20667.0,111848.0,80700.0
21000008,20667.0,108798.0,80700.0
21000009,23267.0,111848.0,80700.0
21000010,16867.0,108748.0,80700.0
21000011,32067.0,108748.0,80700.0
21000012,23267.0,108798.0,80700.0
21000013,16867.0,107148.0,80700.0
21000014,32067.0,107148.0,80700.0
21000015,20667.0,107148.0,80700.0
21000016,28967.0,107148.0,80700.0
21000017,16867.0,101048.0,80700.0
21000018,17767.0,107148.0,80700.0
21000019,17767.0,101048.0,80700.0
21000020,20667.0,104348.0,80700.0
21000021,28967.0,104348.0,80700.0
21000022,31167.0,107148.0,80700.0
21000023,31167.0,101048.0,80700.0
21000024,32067.0,101048.0,80700.0
21000025,20667.0,101548.0,80700.0
21000026,20667.0,101048.0,80700.0
21000027,28967.0,101548.0,80700.0
21000028,28967.0,101048.0,80700.0
21000029,20667.0,98548.0,80700.0
21000030,28267.0,98548.0,80700.0
21000031,26367.0,98548.0,80700.0
21000032,16867.0,98548.0,80700.0
21000033,32067.0,98548.0,80700.0
21000034,16867.0,110198.0,80700.0
21000035,32067.0,110198.0,80700.0
21000036,23267.0,109893.0,80700.0
21000037,27367.0,110448.0,80700.0
21000038,23267.0,106298.0,80700.0
21000039,26367.0,106298.0,80700.0
21000040,23267.0,99593.0,80700.0
21000041,26367.0,99593.0,80700.0
21000042,18417.0,98548.0,80700.0
21000043,30517.0,98548.0,80700.0
21000044,20667.0,113648.0,80700.0
21000045,16867.0,113648.0,80700.0
21000046,19917.0,113648.0,80700.0
21000047,19917.0,114848.0,80700.0
21000048,17867.0,113648.0,80700.0
21000049,17867.0,114848.0,80700.0
21000050,27767.0,113448.0,80700.0
21000051,19467.0,98548.0,80700.0
21000052,19467.0,101048.0,80700.0
21000053,17767.0,103698.0,80700.0
21000054,16867.0,103698.0,80700.0
21000055,31167.0,103698.0,80700.0
21000056,32067.0,103698.0,80700.0
21000057,20667.0,106298.0,80700.0
21000058,28967.0,106298.0,80700.0
21000059,23267.0,113648.0,80700.0
21000060,20667.0,109893.0,80700.0
21000061,44067.0,98548.0,80700.0
21000062,44067.0,114848.0,80700.0
21000063,44067.0,106698.0,80700.0
21000064,4867.0,98548.0,80700.0
21000065,4867.0,114848.0,80700.0
21000066,4867.0,106698.0,80700.0
21000067,4867.0,126298.0,80700.0
21000068,9467.0,126348.0,80700.0
21000069,13067.0,126348.0,80700.0
21000070,16867.0,126298.0,80700.0
21000071,32067.0,126298.0,80700.0
21000072,35867.0,126348.0,80700.0
21000073,39467.0,126348.0,80700.0
21000074,44067.0,126298.0,80700.0
21000075,4867.0,87098.0,80700.0
21000076,9467.0,87048.0,80700.0
21000077,13067.0,87048.0,80700.0
21000078,16867.0,87098.0,80700.0
21000079,32067.0,87098.0,80700.0
21000080,35867.0,87048.0,80700.0
21000081,39467.0,87048.0,80700.0
21000082,44067.0,87098.0,80700.0
21000083,23267.0,114848.0,80700.0
21000084,23267.0,107148.0,80700.0
21000085,16867.0,106698.0,80700.0
21000086,23267.0,104348.0,80700.0
21000087,23267.0,101548.0,80700.0
21000088,23267.0,98548.0,80700.0
21000089,32067.0,106698.0,80700.0
21000090,28967.0,98548.0,80700.0
21000092,30367.0,101048.0,80700.0
21000093,26367.0,101548.0,80700.0
21000094,26367.0,104348.0,80700.0
21000095,26367.0,107148.0,80700.0
21000096,27767.0,114848.0,80700.0
21000097,28967.0,113448.0,80700.0
21000098,28967.0,110448.0,80700.0
21000099,28967.0,108748.0,80700.0
21000100,28967.0,114848.0,80700.0
21000101,39467.0,98548.0,80700.0
21000102,35867.0,98548.0,80700.0
21000103,24817.0,98548.0,80700.0
21000104,24817.0,87048.0,80700.0
21000105,28967.0,87048.0,80700.0
21000106,20667.0,87048.0,80700.0
21000107,13067.0,98548.0,80700.0
21000108,9467.0,98548.0,80700.0
21000109,35867.0,114848.0,80700.0
21000110,24817.0,114848.0,80700.0
21000111,24817.0,126348.0,80700.0
21000112,28967.0,126348.0,80700.0
21000113,20667.0,126348.0,80700.0
21000114,9467.0,114848.0,80700.0
21000115,13067.0,114848.0,80700.0
21000116,39467.0,114848.0,80700.0
21000117,20167.0,107148.0,80700.0
21000118,39467.0,106698.0,80700.0
21000119,35867.0,106698.0,80700.0
21000120,13067.0,106698.0,80700.0
21000121,9467.0,106698.0,80700.0
21000201,17317.0,107148.0,80700.0
21000205,31617.0,107148.0,80700.0
21000510,17817.0,108760.0,80700.0
21000511,18767.0,108773.0,80700.0
21000512,19717.0,108785.0,80700.0
21000513,20667.0,110870.0,80700.0
21000514,20667.0,112748.0,80700.0
21000515,18892.0,113648.0,80700.0
21000516,19467.0,99381.0,80700.0
21000517,19467.0,100214.0,80700.0
21000518,20667.0,99381.0,80700.0
21000519,20667.0,100214.0,80700.0
21000520,24637.0,106767.0,80699.0
22000001,16867.0,114848.0,84299.0
22000002,32067.0,114848.0,84299.0
22000003,26367.0,114848.0,84299.0
22000004,20667.0,114848.0,84299.0
22000005,26367.0,113448.0,84299.0
22000006,26367.0,110448.0,84299.0
22000007,20667.0,111848.0,84299.0
22000008,20667.0,108798.0,84299.0
22000009,23267.0,111848.0,84299.0
22000010,16867.0,108748.0,84299.0
22000011,32067.0,108748.0,84299.0
22000012,23267.0,108798.0,84299.0
22000013,16867.0,107148.0,84299.0
22000014,32067.0,107148.0,84299.0
22000015,20667.0,107148.0,84299.0
22000016,28967.0,107148.0,84299.0
22000017,16867.0,101048.0,84299.0
22000018,17767.0,107148.0,84299.0
22000019,17767.0,101048.0,84299.0
22000020,20667.0,104348.0,84299.0
22000021,28967.0,104348.0,84299.0
22000022,31167.0,107148.0,84299.0
22000023,31167.0,101048.0,84299.0
22000024,32067.0,101048.0,84299.0
22000025,20667.0,101548.0,84299.0
22000026,20667.0,101048.0,84299.0
22000027,28967.0,101548.0,84299.0
22000028,28967.0,101048.0,84299.0
22000029,20667.0,98548.0,84299.0
22000030,28267.0,98548.0,84299.0
22000031,26367.0,98548.0,84299.0
22000032,16867.0,98548.0,84299.0
22000033,32067.0,98548.0,84299.0
22000034,16867.0,110198.0,84299.0
22000035,32067.0,110198.0,84299.0
22000036,23267.0,109893.0,84299.0
22000037,27367.0,110448.0,84299.0
22000038,23267.0,106298.0,84299.0
22000039,26367.0,106298.0,84299.0
22000040,23267.0,99593.0,84299.0
22000041,26367.0,99593.0,84299.0
22000042,18417.0,98548.0,84299.0
22000043,30517.0,98548.0,84299.0
22000044,20667.0,113648.0,84299.0
22000045,16867.0,113648.0,84299.0
22000046,19917.0,113648.0,84299.0
22000047,19917.0,114848.0,84299.0
22000048,17867.0,113648.0,84299.0
22000049,17867.0,114848.0,84299.0
22000050,27767.0,113448.0,84299.0
22000051,19467.0,98548.0,84299.0
22000052,19467.0,101048.0,84299.0
22000053,17767.0,103698.0,84299.0
22000054,16867.0,103698.0,84299.0
22000055,31167.0,103698.0,84299.0
22000056,32067.0,103698.0,84299.0
22000057,20667.0,106298.0,84299.0
22000058,28967.0,106298.0,84299.0
22000059,23267.0,113648.0,84299.0
22000060,20667.0,109893.0,84299.0
22000061,44067.0,98548.0,84299.0
22000062,44067.0,114848.0,84299.0
22000063,44067.0,106698.0,84299.0
22000064,4867.0,98548.0,84299.0
22000065,4867.0,114848.0,84299.0
22000066,4867.0,106698.0,84299.0
22000067,4867.0,126298.0,84299.0
22000068,9467.0,126348.0,84299.0
22000069,13067.0,126348.0,84299.0
22000070,16867.0,126298.0,84299.0
22000071,32067.0,126298.0,84299.0
22000072,35867.0,126348.0,84299.0
22000073,39467.0,126348.0,84299.0
22000074,44067.0,126298.0,84299.0
22000075,4867.0,87098.0,84299.0
22000076,9467.0,87048.0,84299.0
22000077,13067.0,87048.0,84299.0
22000078,16867.0,87098.0,84299.0
22000079,32067.0,87098.0,84299.0
22000080,35867.0,87048.0,84299.0
22000081,39467.0,87048.0,84299.0
22000082,44067.0,87098.0,84299.0
22000083,23267.0,114848.0,84299.0
22000084,23267.0,107148.0,84299.0
22000085,16867.0,106698.0,84299.0
22000086,23267.0,104348.0,84299.0
22000087,23267.0,101548.0,84299.0
22000088,23267.0,98548.0,84299.0
22000089,32067.0,106698.0,84299.0
22000090,28967.0,98548.0,84299.0
22000092,30367.0,101048.0,84299.0
22000093,26367.0,101548.0,84299.0
22000094,26367.0,104348.0,84299.0
22000095,26367.0,107148.0,84299.0
22000096,27767.0,114848.0,84299.0
22000097,28967.0,113448.0,84299.0
22000098,28967.0,110448.0,84299.0
22000099,28967.0,108748.0,84299.0
22000100,28967.0,114848.0,84299.0
22000101,39467.0,98548.0,84299.0
22000102,35867.0,98548.0,84299.0
22000103,24817.0,98548.0,84299.0
22000104,24817.0,87048.0,84299.0
22000105,28967.0,87048.0,84299.0
22000106,20667.0,87048.0,84299.0
22000107,13067.0,98548.0,84299.0
22000108,9467.0,98548.0,84299.0
22000109,35867.0,114848.0,84299.0
22000110,24817.0,114848.0,84299.0
22000111,24817.0,126348.0,84299.0
22000112,28967.0,126348.0,84299.0
22000113,20667.0,126348.0,84299.0
22000114,9467.0,114848.0,84299.0
22000115,13067.0,114848.0,84299.0
22000116,39467.0,114848.0,84299.0
22000117,20167.0,107148.0,84299.0
22000118,39467.0,106698.0,84299.0
22000119,35867.0,106698.0,84299.0
22000120,13067.0,106698.0,84299.0
22000121,9467.0,106698.0,84299.0
22000201,17317.0,107148.0,84299.0
22000205,31617.0,107148.0,84299.0
22000510,17817.0,108760.0,84299.0
22000511,18767.0,108773.0,84299.0
22000512,19717.0,108785.0,84299.0
22000513,20667.0,110870.0,84299.0
22000514,20667.0,112748.0,84299.0
22000515,18892.0,113648.0,84299.0
22000516,19467.0,99381.0,84299.0
22000517,19467.0,100214.0,84299.0
22000518,20667.0,99381.0,84299.0
22000519,20667.0,100214.0,84299.0
22000520,24637.0,106767.0,84299.0
23000001,16867.0,114848.0,87900.0
23000002,32067.0,114848.0,87900.0
23000003,26367.0,114848.0,87900.0
23000004,20667.0,114848.0,87900.0
23000005,26367.0,113448.0,87900.0
23000006,26367.0,110448.0,87900.0
23000007,20667.0,111848.0,87900.0
23000008,20667.0,108798.0,87900.0
23000009,23267.0,111848.0,87900.0
23000010,16867.0,108748.0,87900.0
23000011,32067.0,108748.0,87900.0
23000012,23267.0,108798.0,87900.0
23000013,16867.0,107148.0,87900.0
23000014,32067.0,107148.0,87900.0
23000015,20667.0,107148.0,87900.0
23000016,28967.0,107148.0,87900.0
23000017,16867.0,101048.0,87900.0
23000018,17767.0,107148.0,87900.0
23000019,17767.0,101048.0,87900.0
23000020,20667.0,104348.0,87900.0
23000021,28967.0,104348.0,87900.0
23000022,31167.0,107148.0,87900.0
23000023,31167.0,101048.0,87900.0
23000024,32067.0,101048.0,87900.0
23000025,20667.0,101548.0,87900.0
23000026,20667.0,101048.0,87900.0
23000027,28967.0,101548.0,87900.0
23000028,28967.0,101048.0,87900.0
23000029,20667.0,98548.0,87900.0
23000030,28267.0,98548.0,87900.0
23000031,26367.0,98548.0,87900.0
23000032,16867.0,98548.0,87900.0
23000033,32067.0,98548.0,87900.0
23000034,16867.0,110198.0,87900.0
23000035,32067.0,110198.0,87900.0
23000036,23267.0,109893.0,87900.0
23000037,27367.0,110448.0,87900.0
23000038,23267.0,106298.0,87900.0
23000039,26367.0,106298.0,87900.0
23000040,23267.0,99593.0,87900.0
23000041,26367.0,99593.0,87900.0
23000042,18417.0,98548.0,87900.0
23000043,30517.0,98548.0,87900.0
23000044,20667.0,113648.0,87900.0
23000045,16867.0,113648.0,87900.0
23000046,19917.0,113648.0,87900.0
23000047,19917.0,114848.0,87900.0
23000048,17867.0,113648.0,87900.0
23000049,17867.0,114848.0,87900.0
23000050,27767.0,113448.0,87900.0
23000051,19467.0,98548.0,87900.0
23000052,19467.0,101048.0,87900.0
23000053,17767.0,103698.0,87900.0
23000054,16867.0,103698.0,87900.0
23000055,31167.0,103698.0,87900.0
23000056,32067.0,103698.0,87900.0
23000057,20667.0,106298.0,87900.0
23000058,28967.0,106298.0,87900.0
23000059,23267.0,113648.0,87900.0
23000060,20667.0,109893.0,87900.0
23000061,44067.0,98548.0,87900.0
23000062,44067.0,114848.0,87900.0
23000063,44067.0,106698.0,87900.0
23000064,4867.0,98548.0,87900.0
23000065,4867.0,114848.0,87900.0
23000066,4867.0,106698.0,87900.0
23000067,4867.0,126298.0,87900.0
23000068,9467.0,126348.0,87900.0
23000069,13067.0,126348.0,87900.0
23000070,16867.0,126298.0,87900.0
23000071,32067.0,126298.0,87900.0
23000072,35867.0,126348.0,87900.0
23000073,39467.0,126348.0,87900.0
23000074,44067.0,126298.0,87900.0
23000075,4867.0,87098.0,87900.0
23000076,9467.0,87048.0,87900.0
23000077,13067.0,87048.0,87900.0
23000078,16867.0,87098.0,87900.0
23000079,32067.0,87098.0,87900.0
23000080,35867.0,87048.0,87900.0
23000081,39467.0,87048.0,87900.0
23000082,44067.0,87098.0,87900.0
23000083,23267.0,114848.0,87900.0
23000084,23267.0,107148.0,87900.0
23000085,16867.0,106698.0,87900.0
23000086,23267.0,104348.0,87900.0
23000087,23267.0,101548.0,87900.0
23000088,23267.0,98548.0,87900.0
23000089,32067.0,106698.0,87900.0
23000090,28967.0,98548.0,87900.0
23000092,30367.0,101048.0,87900.0
23000093,26367.0,101548.0,87900.0
23000094,26367.0,104348.0,87900.0
23000095,26367.0,107148.0,87900.0
23000096,27767.0,114848.0,87900.0
23000097,28967.0,113448.0,87900.0
23000098,28967.0,110448.0,87900.0
23000099,28967.0,108748.0,87900.0
23000100,28967.0,114848.0,87900.0
23000101,39467.0,98548.0,87900.0
23000102,35867.0,98548.0,87900.0
23000103,24817.0,98548.0,87900.0
23000104,24817.0,87048.0,87900.0
23000105,28967.0,87048.0,87900.0
23000106,20667.0,87048.0,87900.0
23000107,13067.0,98548.0,87900.0
23000108,9467.0,98548.0,87900.0
23000109,35867.0,114848.0,87900.0
23000110,24817.0,114848.0,87900.0
23000111,24817.0,126348.0,87900.0
23000112,28967.0,126348.0,87900.0
23000113,20667.0,126348.0,87900.0
23000114,9467.0,114848.0,87900.0
23000115,13067.0,114848.0,87900.0
23000116,39467.0,114848.0,87900.0
23000117,20167.0,107148.0,87900.0
23000118,39467.0,106698.0,87900.0
23000119,35867.0,106698.0,87900.0
23000120,13067.0,106698.0,87900.0
23000121,9467.0,106698.0,87900.0
23000201,17317.0,107148.0,87900.0
23000205,31617.0,107148.0,87900.0
23000510,17817.0,108760.0,87900.0
23000511,18767.0,108773.0,87900.0
23000512,19717.0,108785.0,87900.0
23000513,20667.0,110870.0,87900.0
23000514,20667.0,112748.0,87900.0
23000515,18892.0,113648.0,87900.0
23000516,19467.0,99381.0,87900.0
23000517,19467.0,100214.0,87900.0
23000518,20667.0,99381.0,87900.0
23000519,20667.0,100214.0,87900.0
23000520,24637.0,106767.0,87899.0
24000001,16867.0,114848.0,91500.0
24000002,32067.0,114848.0,91500.0
24000003,26367.0,114848.0,91500.0
24000004,20667.0,114848.0,91500.0
24000005,26367.0,113448.0,91500.0
24000006,26367.0,110448.0,91500.0
24000007,20667.0,111848.0,91500.0
24000008,20667.0,108798.0,91500.0
24000009,23267.0,111848.0,91500.0
24000010,16867.0,108748.0,91500.0
24000011,32067.0,108748.0,91500.0
24000012,23267.0,108798.0,91500.0
24000013,16867.0,107148.0,91500.0
24000014,32067.0,107148.0,91500.0
24000015,20667.0,107148.0,91500.0
24000016,28967.0,107148.0,91500.0
24000017,16867.0,101048.0,91500.0
24000018,17767.0,107148.0,91500.0
24000019,17767.0,101048.0,91500.0
24000020,20667.0,104348.0,91500.0
24000021,28967.0,104348.0,91500.0
24000022,31167.0,107148.0,91500.0
24000023,31167.0,101048.0,91500.0
24000024,32067.0,101048.0,91500.0
24000025,20667.0,101548.0,91500.0
24000026,20667.0,101048.0,91500.0
24000027,28967.0,101548.0,91500.0
24000028,28967.0,101048.0,91500.0
24000029,20667.0,98548.0,91500.0
24000030,28267.0,98548.0,91500.0
24000031,26367.0,98548.0,91500.0
24000032,16867.0,98548.0,91500.0
24000033,32067.0,98548.0,91500.0
24000034,16867.0,110198.0,91500.0
24000035,32067.0,110198.0,91500.0
24000036,23267.0,109893.0,91500.0
24000037,27367.0,110448.0,91500.0
24000038,23267.0,106298.0,91500.0
24000039,26367.0,106298.0,91500.0
24000040,23267.0,99593.0,91500.0
24000041,26367.0,99593.0,91500.0
24000042,18417.0,98548.0,91500.0
24000043,30517.0,98548.0,91500.0
24000044,20667.0,113648.0,91500.0
24000045,16867.0,113648.0,91500.0
24000046,19917.0,113648.0,91500.0
24000047,19917.0,114848.0,91500.0
24000048,17867.0,113648.0,91500.0
24000049,17867.0,114848.0,91500.0
24000050,27767.0,113448.0,91500.0
24000051,19467.0,98548.0,91500.0
24000052,19467.0,101048.0,91500.0
24000053,17767.0,103698.0,91500.0
24000054,16867.0,103698.0,91500.0
24000055,31167.0,103698.0,91500.0
24000056,32067.0,103698.0,91500.0
24000057,20667.0,106298.0,91500.0
24000058,28967.0,106298.0,91500.0
24000059,23267.0,113648.0,91500.0
24000060,20667.0,109893.0,91500.0
24000061,44067.0,98548.0,91500.0
24000062,44067.0,114848.0,91500.0
24000063,44067.0,106698.0,91500.0
24000064,4867.0,98548.0,91500.0
24000065,4867.0,114848.0,91500.0
24000066,4867.0,106698.0,91500.0
24000067,4867.0,126298.0,91500.0
24000068,9467.0,126348.0,91500.0
24000069,13067.0,126348.0,91500.0
24000070,16867.0,126298.0,91500.0
24000071,32067.0,126298.0,91500.0
24000072,35867.0,126348.0,91500.0
24000073,39467.0,126348.0,91500.0
24000074,44067.0,126298.0,91500.0
24000075,4867.0,87098.0,91500.0
24000076,9467.0,87048.0,91500.0
24000077,13067.0,87048.0,91500.0
24000078,16867.0,87098.0,91500.0
24000079,32067.0,87098.0,91500.0
24000080,35867.0,87048.0,91500.0
24000081,39467.0,87048.0,91500.0
24000082,44067.0,87098.0,91500.0
24000083,23267.0,114848.0,91500.0
24000084,23267.0,107148.0,91500.0
24000085,16867.0,106698.0,91500.0
24000086,23267.0,104348.0,91500.0
24000087,23267.0,101548.0,91500.0
24000088,23267.0,98548.0,91500.0
24000089,32067.0,106698.0,91500.0
24000090,28967.0,98548.0,91500.0
24000092,30367.0,101048.0,91500.0
24000093,26367.0,101548.0,91500.0
24000094,26367.0,104348.0,91500.0
24000095,26367.0,107148.0,91500.0
24000096,27767.0,114848.0,91500.0
24000097,28967.0,113448.0,91500.0
24000098,28967.0,110448.0,91500.0
24000099,28967.0,108748.0,91500.0
24000100,28967.0,114848.0,91500.0
24000101,39467.0,98548.0,91500.0
24000102,35867.0,98548.0,91500.0
24000103,24817.0,98548.0,91500.0
24000104,24817.0,87048.0,91500.0
24000105,28967.0,87048.0,91500.0
24000106,20667.0,87048.0,91500.0
24000107,13067.0,98548.0,91500.0
24000108,9467.0,98548.0,91500.0
24000109,35867.0,114848.0,91500.0
24000110,24817.0,114848.0,91500.0
24000111,24817.0,126348.0,91500.0
24000112,28967.0,126348.0,91500.0
24000113,20667.0,126348.0,91500.0
24000114,9467.0,114848.0,91500.0
24000115,13067.0,114848.0,91500.0
24000116,39467.0,114848.0,91500.0
24000117,20167.0,107148.0,91500.0
24000118,39467.0,106698.0,91500.0
24000119,35867.0,106698.0,91500.0
24000120,13067.0,106698.0,91500.0
24000121,9467.0,106698.0,91500.0
24000201,17317.0,107148.0,91500.0
24000205,31617.0,107148.0,91500.0
24000510,17817.0,108760.0,91500.0
24000511,18767.0,108773.0,91500.0
24000512,19717.0,108785.0,91500.0
24000513,20667.0,110870.0,91500.0
24000514,20667.0,112748.0,91500.0
24000515,18892.0,113648.0,91500.0
24000516,19467.0,99381.0,91500.0
24000517,19467.0,100214.0,91500.0
24000518,20667.0,99381.0,91500.0
24000519,20667.0,100214.0,91500.0
24000520,24637.0,106767.0,91499.0
25000001,16867.0,114848.0,95100.0
25000002,32067.0,114848.0,95100.0
25000003,26367.0,114848.0,95100.0
25000004,20667.0,114848.0,95100.0
25000005,26367.0,113448.0,95100.0
25000006,26367.0,110448.0,95100.0
25000007,20667.0,111848.0,95100.0
25000008,20667.0,108798.0,95100.0
25000009,23267.0,111848.0,95100.0
25000010,16867.0,108748.0,95100.0
25000011,32067.0,108748.0,95100.0
25000012,23267.0,108798.0,95100.0
25000013,16867.0,107148.0,95100.0
25000014,32067.0,107148.0,95100.0
25000015,20667.0,107148.0,95100.0
25000016,28967.0,107148.0,95100.0
25000017,16867.0,101048.0,95100.0
25000018,17767.0,107148.0,95100.0
25000019,17767.0,101048.0,95100.0
25000020,20667.0,104348.0,95100.0
25000021,28967.0,104348.0,95100.0
25000022,31167.0,107148.0,95100.0
25000023,31167.0,101048.0,95100.0
25000024,32067.0,101048.0,95100.0
25000025,20667.0,101548.0,95100.0
25000026,20667.0,101048.0,95100.0
25000027,28967.0,101548.0,95100.0
25000028,28967.0,101048.0,95100.0
25000029,20667.0,98548.0,95100.0
25000030,28267.0,98548.0,95100.0
25000031,26367.0,98548.0,95100.0
25000032,16867.0,98548.0,95100.0
25000033,32067.0,98548.0,95100.0
25000034,16867.0,110198.0,95100.0
25000035,32067.0,110198.0,95100.0
25000036,23267.0,109893.0,95100.0
25000037,27367.0,110448.0,95100.0
25000038,23267.0,106298.0,95100.0
25000039,26367.0,106298.0,95100.0
25000040,23267.0,99593.0,95100.0
25000041,26367.0,99593.0,95100.0
25000042,18417.0,98548.0,95100.0
25000043,30517.0,98548.0,95100.0
25000044,20667.0,113648.0,95100.0
25000045,16867.0,113648.0,95100.0
25000046,19917.0,113648.0,95100.0
25000047,19917.0,114848.0,95100.0
25000048,17867.0,113648.0,95100.0
25000049,17867.0,114848.0,95100.0
25000050,27767.0,113448.0,95100.0
25000051,19467.0,98548.0,95100.0
25000052,19467.0,101048.0,95100.0
25000053,17767.0,103698.0,95100.0
25000054,16867.0,103698.0,95100.0
25000055,31167.0,103698.0,95100.0
25000056,32067.0,103698.0,95100.0
25000057,20667.0,106298.0,95100.0
25000058,28967.0,106298.0,95100.0
25000059,23267.0,113648.0,95100.0
25000060,20667.0,109893.0,95100.0
25000061,44067.0,98548.0,95100.0
25000062,44067.0,114848.0,95100.0
25000063,44067.0,106698.0,95100.0
25000064,4867.0,98548.0,95100.0
25000065,4867.0,114848.0,95100.0
25000066,4867.0,106698.0,95100.0
25000067,4867.0,126298.0,95100.0
25000068,9467.0,126348.0,95100.0
25000069,13067.0,126348.0,95100.0
25000070,16867.0,126298.0,95100.0
25000071,32067.0,126298.0,95100.0
25000072,35867.0,126348.0,95100.0
25000073,39467.0,126348.0,95100.0
25000074,44067.0,126298.0,95100.0
25000075,4867.0,87098.0,95100.0
25000076,9467.0,87048.0,95100.0
25000077,13067.0,87048.0,95100.0
25000078,16867.0,87098.0,95100.0
25000079,32067.0,87098.0,95100.0
25000080,35867.0,87048.0,95100.0
25000081,39467.0,87048.0,95100.0
25000082,44067.0,87098.0,95100.0
25000083,23267.0,114848.0,95100.0
25000084,23267.0,107148.0,95100.0
25000085,16867.0,106698.0,95100.0
25000086,23267.0,104348.0,95100.0
25000087,23267.0,101548.0,95100.0
25000088,23267.0,98548.0,95100.0
25000089,32067.0,106698.0,95100.0
25000090,28967.0,98548.0,95100.0
25000092,30367.0,101048.0,95100.0
25000093,26367.0,101548.0,95100.0
25000094,26367.0,104348.0,95100.0
25000095,26367.0,107148.0,95100.0
25000096,27767.0,114848.0,95100.0
25000097,28967.0,113448.0,95100.0
25000098,28967.0,110448.0,95100.0
25000099,28967.0,108748.0,95100.0
25000100,28967.0,114848.0,95100.0
25000101,39467.0,98548.0,95100.0
25000102,35867.0,98548.0,95100.0
25000103,24817.0,98548.0,95100.0
25000104,24817.0,87048.0,95100.0
25000105,28967.0,87048.0,95100.0
25000106,20667.0,87048.0,95100.0
25000107,13067.0,98548.0,95100.0
25000108,9467.0,98548.0,95100.0
25000109,35867.0,114848.0,95100.0
25000110,24817.0,114848.0,95100.0
25000111,24817.0,126348.0,95100.0
25000112,28967.0,126348.0,95100.0
25000113,20667.0,126348.0,95100.0
25000114,9467.0,114848.0,95100.0
25000115,13067.0,114848.0,95100.0
25000116,39467.0,114848.0,95100.0
25000117,20167.0,107148.0,95100.0
25000118,39467.0,106698.0,95100.0
25000119,35867.0,106698.0,95100.0
25000120,13067.0,106698.0,95100.0
25000121,9467.0,106698.0,95100.0
25000201,17317.0,107148.0,95100.0
25000205,31617.0,107148.0,95100.0
25000510,17817.0,108760.0,95100.0
25000511,18767.0,108773.0,95100.0
25000512,19717.0,108785.0,95100.0
25000513,20667.0,110870.0,95100.0
25000514,20667.0,112748.0,95100.0
25000515,18892.0,113648.0,95100.0
25000516,19467.0,99381.0,95100.0
25000517,19467.0,100214.0,95100.0
25000518,20667.0,99381.0,95100.0
25000519,20667.0,100214.0,95100.0
25000520,24637.0,106767.0,95099.0
26000001,16867.0,114848.0,98700.0
26000002,32067.0,114848.0,98700.0
26000003,26367.0,114848.0,98700.0
26000004,20667.0,114848.0,98700.0
26000005,26367.0,113448.0,98700.0
26000006,26367.0,110448.0,98700.0
26000007,20667.0,111848.0,98700.0
26000008,20667.0,108798.0,98700.0
26000009,23267.0,111848.0,98700.0
26000010,16867.0,108748.0,98700.0
26000011,32067.0,108748.0,98700.0
26000012,23267.0,108798.0,98700.0
26000013,16867.0,107148.0,98700.0
26000014,32067.0,107148.0,98700.0
26000015,20667.0,107148.0,98700.0
26000016,28967.0,107148.0,98700.0
26000017,16867.0,101048.0,98700.0
26000018,17767.0,107148.0,98700.0
26000019,17767.0,101048.0,98700.0
26000020,20667.0,104348.0,98700.0
26000021,28967.0,104348.0,98700.0
26000022,31167.0,107148.0,98700.0
26000023,31167.0,101048.0,98700.0
26000024,32067.0,101048.0,98700.0
26000025,20667.0,101548.0,98700.0
26000026,20667.0,101048.0,98700.0
26000027,28967.0,101548.0,98700.0
26000028,28967.0,101048.0,98700.0
26000029,20667.0,98548.0,98700.0
26000030,28267.0,98548.0,98700.0
26000031,26367.0,98548.0,98700.0
26000032,16867.0,98548.0,98700.0
26000033,32067.0,98548.0,98700.0
26000034,16867.0,110198.0,98700.0
26000035,32067.0,110198.0,98700.0
26000036,23267.0,109893.0,98700.0
26000037,27367.0,110448.0,98700.0
26000038,23267.0,106298.0,98700.0
26000039,26367.0,106298.0,98700.0
26000040,23267.0,99593.0,98700.0
26000041,26367.0,99593.0,98700.0
26000042,18417.0,98548.0,98700.0
26000043,30517.0,98548.0,98700.0
26000044,20667.0,113648.0,98700.0
26000045,16867.0,113648.0,98700.0
26000046,19917.0,113648.0,98700.0
26000047,19917.0,114848.0,98700.0
26000048,17867.0,113648.0,98700.0
26000049,17867.0,114848.0,98700.0
26000050,27767.0,113448.0,98700.0
26000051,19467.0,98548.0,98700.0
26000052,19467.0,101048.0,98700.0
26000053,17767.0,103698.0,98700.0
26000054,16867.0,103698.0,98700.0
26000055,31167.0,103698.0,98700.0
26000056,32067.0,103698.0,98700.0
26000057,20667.0,106298.0,98700.0
26000058,28967.0,106298.0,98700.0
26000059,23267.0,113648.0,98700.0
26000060,20667.0,109893.0,98700.0
26000061,44067.0,98548.0,98700.0
26000062,44067.0,114848.0,98700.0
26000063,44067.0,106698.0,98700.0
26000064,4867.0,98548.0,98700.0
26000065,4867.0,114848.0,98700.0
26000066,4867.0,106698.0,98700.0
26000067,4867.0,126298.0,98700.0
26000068,9467.0,126348.0,98700.0
26000069,13067.0,126348.0,98700.0
26000070,16867.0,126298.0,98700.0
26000071,32067.0,126298.0,98700.0
26000072,35867.0,126348.0,98700.0
26000073,39467.0,126348.0,98700.0
26000074,44067.0,126298.0,98700.0
26000075,4867.0,87098.0,98700.0
26000076,9467.0,87048.0,98700.0
26000077,13067.0,87048.0,98700.0
26000078,16867.0,87098.0,98700.0
26000079,32067.0,87098.0,98700.0
26000080,35867.0,87048.0,98700.0
26000081,39467.0,87048.0,98700.0
26000082,44067.0,87098.0,98700.0
26000083,23267.0,114848.0,98700.0
26000084,23267.0,107148.0,98700.0
26000085,16867.0,106698.0,98700.0
26000086,23267.0,104348.0,98700.0
26000087,23267.0,101548.0,98700.0
26000088,23267.0,98548.0,98700.0
26000089,32067.0,106698.0,98700.0
26000090,28967.0,98548.0,98700.0
26000092,30367.0,101048.0,98700.0
26000093,26367.0,101548.0,98700.0
26000094,26367.0,104348.0,98700.0
26000095,26367.0,107148.0,98700.0
26000096,27767.0,114848.0,98700.0
26000097,28967.0,113448.0,98700.0
26000098,28967.0,110448.0,98700.0
26000099,28967.0,108748.0,98700.0
26000100,28967.0,114848.0,98700.0
26000101,39467.0,98548.0,98700.0
26000102,35867.0,98548.0,98700.0
26000103,24817.0,98548.0,98700.0
26000104,24817.0,87048.0,98700.0
26000105,28967.0,87048.0,98700.0
26000106,20667.0,87048.0,98700.0
26000107,13067.0,98548.0,98700.0
26000108,9467.0,98548.0,98700.0
26000109,35867.0,114848.0,98700.0
26000110,24817.0,114848.0,98700.0
26000111,24817.0,126348.0,98700.0
26000112,28967.0,126348.0,98700.0
26000113,20667.0,126348.0,98700.0
26000114,9467.0,114848.0,98700.0
26000115,13067.0,114848.0,98700.0
26000116,39467.0,114848.0,98700.0
26000117,20167.0,107148.0,98700.0
26000118,39467.0,106698.0,98700.0
26000119,35867.0,106698.0,98700.0
26000120,13067.0,106698.0,98700.0
26000121,9467.0,106698.0,98700.0
26000201,17317.0,107148.0,98700.0
26000205,31617.0,107148.0,98700.0
26000510,17817.0,108760.0,98700.0
26000511,18767.0,108773.0,98700.0
26000512,19717.0,108785.0,98700.0
26000513,20667.0,110870.0,98700.0
26000514,20667.0,112748.0,98700.0
26000515,18892.0,113648.0,98700.0
26000516,19467.0,99381.0,98700.0
26000517,19467.0,100214.0,98700.0
26000518,20667.0,99381.0,98700.0
26000519,20667.0,100214.0,98700.0
26000520,24637.0,106767.0,98699.0
27000001,16867.0,114848.0,102299.0
27000002,32067.0,114848.0,102299.0
27000003,26367.0,114848.0,102299.0
27000004,20667.0,114848.0,102299.0
27000005,26367.0,113448.0,102299.0
27000006,26367.0,110448.0,102299.0
27000007,20667.0,111848.0,102299.0
27000008,20667.0,108798.0,102299.0
27000009,23267.0,111848.0,102299.0
27000010,16867.0,108748.0,102299.0
27000011,32067.0,108748.0,102299.0
27000012,23267.0,108798.0,102299.0
27000013,16867.0,107148.0,102299.0
27000014,32067.0,107148.0,102299.0
27000015,20667.0,107148.0,102299.0
27000016,28967.0,107148.0,102299.0
27000017,16867.0,101048.0,102299.0
27000018,17767.0,107148.0,102299.0
27000019,17767.0,101048.0,102299.0
27000020,20667.0,104348.0,102299.0
27000021,28967.0,104348.0,102299.0
27000022,31167.0,107148.0,102299.0
27000023,31167.0,101048.0,102299.0
27000024,32067.0,101048.0,102299.0
27000025,20667.0,101548.0,102299.0
27000026,20667.0,101048.0,102299.0
27000027,28967.0,101548.0,102299.0
27000028,28967.0,101048.0,102299.0
27000029,20667.0,98548.0,102299.0
27000030,28267.0,98548.0,102299.0
27000031,26367.0,98548.0,102299.0
27000032,16867.0,98548.0,102299.0
27000033,32067.0,98548.0,102299.0
27000034,16867.0,110198.0,102299.0
27000035,32067.0,110198.0,102299.0
27000036,23267.0,109893.0,102299.0
27000037,27367.0,110448.0,102299.0
27000038,23267.0,106298.0,102299.0
27000039,26367.0,106298.0,102299.0
27000040,20167.0,107148.0,102299.0
27000041,23267.0,99593.0,102299.0
27000042,26367.0,99593.0,102299.0
27000043,18417.0,98548.0,102299.0
27000044,30517.0,98548.0,102299.0
27000045,20667.0,113648.0,102299.0
27000046,16867.0,113648.0,102299.0
27000047,19917.0,113648.0,102299.0
27000048,19917.0,114848.0,102299.0
27000049,17867.0,113648.0,102299.0
27000050,17867.0,114848.0,102299.0
27000051,27767.0,113448.0,102299.0
27000052,19467.0,98548.0,102299.0
27000053,19467.0,101048.0,102299.0
27000054,17767.0,103698.0,102299.0
27000055,16867.0,103698.0,102299.0
27000056,31167.0,103698.0,102299.0
27000057,32067.0,103698.0,102299.0
27000058,20667.0,106298.0,102299.0
27000059,28967.0,106298.0,102299.0
27000060,23267.0,113648.0,102299.0
27000061,20667.0,109893.0,102299.0
27000062,44067.0,98548.0,102299.0
27000063,44067.0,106698.0,102299.0
27000064,44067.0,114848.0,102299.0
27000065,4867.0,98548.0,102299.0
27000066,4867.0,106698.0,102299.0
27000067,4867.0,114848.0,102299.0
27000068,4867.0,126298.0,102299.0
27000069,9467.0,126348.0,102299.0
27000070,13067.0,126348.0,102299.0
27000071,16867.0,126298.0,102299.0
27000072,32067.0,126298.0,102299.0
27000073,35867.0,126348.0,102299.0
27000074,39467.0,126348.0,102299.0
27000075,44067.0,126298.0,102299.0
27000076,4867.0,87098.0,102299.0
27000077,9467.0,87048.0,102299.0
27000078,13067.0,87048.0,102299.0
27000079,16867.0,87098.0,102299.0
27000080,32067.0,87098.0,102299.0
27000081,35867.0,87048.0,102299.0
27000082,39467.0,87048.0,102299.0
27000083,44067.0,87098.0,102299.0
27000084,23267.0,114848.0,102299.0
27000085,23267.0,107148.0,102299.0
27000086,16867.0,106698.0,102299.0
27000087,23267.0,104348.0,102299.0
27000088,23267.0,101548.0,102299.0
27000089,23267.0,98548.0,102299.0
27000090,32067.0,106698.0,102299.0
27000091,28967.0,98548.0,102299.0
27000093,30367.0,101048.0,102299.0
27000094,26367.0,104348.0,102299.0
27000095,26367.0,107148.0,102299.0
27000096,26367.0,101548.0,102299.0
27000097,27767.0,114848.0,102299.0
27000098,28967.0,113448.0,102299.0
27000099,28967.0,110448.0,102299.0
27000100,28967.0,114848.0,102299.0
27000101,28967.0,108748.0,102299.0
27000102,13067.0,98548.0,102299.0
27000103,9467.0,98548.0,102299.0
27000104,28967.0,87048.0,102299.0
27000105,20667.0,87048.0,102299.0
27000106,39467.0,98548.0,102299.0
27000107,35867.0,98548.0,102299.0
27000108,35867.0,114848.0,102299.0
27000109,39467.0,114848.0,102299.0
27000110,28967.0,126348.0,102299.0
27000111,20667.0,126348.0,102299.0
27000112,13067.0,114848.0,102299.0
27000113,9467.0,114848.0,102299.0
27000114,24817.0,98548.0,102299.0
27000115,24817.0,87048.0,102299.0
27000116,24817.0,114848.0,102299.0
27000117,24817.0,126348.0,102299.0
27000118,29367.0,107148.0,102299.0
27000119,13067.0,106698.0,102299.0
27000120,9467.0,106698.0,102299.0
27000121,39467.0,106698.0,102299.0
27000122,35867.0,106698.0,102299.0
27000501,17817.0,108760.0,102299.0
27000502,18767.0,108773.0,102299.0
27000503,19717.0,108785.0,102299.0
27000504,20667.0,110870.0,102299.0
27000505,20667.0,112748.0,102299.0
27000506,18892.0,113648.0,102299.0
27000507,19467.0,99381.0,102300.0
27000508,19467.0,100214.0,102299.0
27000509,20667.0,99381.0,102300.0
27000510,20667.0,100214.0,102299.0
27000511,24648.0,106743.0,102299.0
28000001,16867.0,114848.0,105900.0
28000002,32067.0,114848.0,105900.0
28000003,26367.0,114848.0,105900.0
28000004,20667.0,114848.0,105900.0
28000005,26367.0,113448.0,105900.0
28000006,26367.0,110448.0,105900.0
28000007,20667.0,111848.0,105900.0
28000008,20667.0,108798.0,105900.0
28000009,23267.0,111848.0,105900.0
28000010,16867.0,108748.0,105900.0
28000011,32067.0,108748.0,105900.0
28000012,23267.0,108798.0,105900.0
28000013,16867.0,107148.0,105900.0
28000014,32067.0,107148.0,105900.0
28000015,20667.0,107148.0,105900.0
28000016,28967.0,107148.0,105900.0
28000017,16867.0,101048.0,105900.0
28000018,17767.0,107148.0,105900.0
28000019,17767.0,101048.0,105900.0
28000020,20667.0,104348.0,105900.0
28000021,28967.0,104348.0,105900.0
28000022,31167.0,107148.0,105900.0
28000023,31167.0,101048.0,105900.0
28000024,32067.0,101048.0,105900.0
28000025,20667.0,101548.0,105900.0
28000026,20667.0,101048.0,105900.0
28000027,28967.0,101548.0,105900.0
28000028,28967.0,101048.0,105900.0
28000029,20667.0,98548.0,105900.0
28000030,28267.0,98548.0,105900.0
28000031,26367.0,98548.0,105900.0
28000032,16867.0,98548.0,105900.0
28000033,32067.0,98548.0,105900.0
28000034,16867.0,110198.0,105900.0
28000035,32067.0,110198.0,105900.0
28000036,23267.0,109893.0,105900.0
28000037,27367.0,110448.0,105900.0
28000038,23267.0,106298.0,105900.0
28000039,26367.0,106298.0,105900.0
28000040,20167.0,107148.0,105900.0
28000041,23267.0,99593.0,105900.0
28000042,26367.0,99593.0,105900.0
28000043,18417.0,98548.0,105900.0
28000044,30517.0,98548.0,105900.0
28000045,20667.0,113648.0,105900.0
28000046,16867.0,113648.0,105900.0
28000047,19917.0,113648.0,105900.0
28000048,19917.0,114848.0,105900.0
28000049,17867.0,113648.0,105900.0
28000050,17867.0,114848.0,105900.0
28000051,27767.0,113448.0,105900.0
28000052,19467.0,98548.0,105900.0
28000053,19467.0,101048.0,105900.0
28000054,17767.0,103698.0,105900.0
28000055,16867.0,103698.0,105900.0
28000056,31167.0,103698.0,105900.0
28000057,32067.0,103698.0,105900.0
28000058,20667.0,106298.0,105900.0
28000059,28967.0,106298.0,105900.0
28000060,23267.0,113648.0,105900.0
28000061,20667.0,109893.0,105900.0
28000062,44067.0,98548.0,105900.0
28000063,44067.0,106698.0,105900.0
28000064,44067.0,114848.0,105900.0
28000065,4867.0,98548.0,105900.0
28000066,4867.0,106698.0,105900.0
28000067,4867.0,114848.0,105900.0
28000068,4867.0,126298.0,105900.0
28000069,9467.0,126348.0,105900.0
28000070,13067.0,126348.0,105900.0
28000071,16867.0,126298.0,105900.0
28000072,32067.0,126298.0,105900.0
28000073,35867.0,126348.0,105900.0
28000074,39467.0,126348.0,105900.0
28000075,44067.0,126298.0,105900.0
28000076,4867.0,87098.0,105900.0
28000077,9467.0,87048.0,105900.0
28000078,13067.0,87048.0,105900.0
28000079,16867.0,87098.0,105900.0
28000080,32067.0,87098.0,105900.0
28000081,35867.0,87048.0,105900.0
28000082,39467.0,87048.0,105900.0
28000083,44067.0,87098.0,105900.0
28000084,23267.0,114848.0,105900.0
28000085,23267.0,107148.0,105900.0
28000086,16867.0,106698.0,105900.0
28000087,23267.0,104348.0,105900.0
28000088,23267.0,101548.0,105900.0
28000089,23267.0,98548.0,105900.0
28000090,32067.0,106698.0,105900.0
28000091,28967.0,98548.0,105900.0
28000093,30367.0,101048.0,105900.0
28000094,26367.0,104348.0,105900.0
28000095,26367.0,107148.0,105900.0
28000096,26367.0,101548.0,105900.0
28000097,27767.0,114848.0,105900.0
28000098,28967.0,113448.0,105900.0
28000099,28967.0,110448.0,105900.0
28000100,28967.0,114848.0,105900.0
28000101,28967.0,108748.0,105900.0
28000102,13067.0,98548.0,105900.0
28000103,9467.0,98548.0,105900.0
28000104,28967.0,87048.0,105900.0
28000105,20667.0,87048.0,105900.0
28000106,39467.0,98548.0,105900.0
28000107,35867.0,98548.0,105900.0
28000108,35867.0,114848.0,105900.0
28000109,39467.0,114848.0,105900.0
28000110,28967.0,126348.0,105900.0
28000111,20667.0,126348.0,105900.0
28000112,13067.0,114848.0,105900.0
28000113,9467.0,114848.0,105900.0
28000114,24817.0,98548.0,105900.0
28000115,24817.0,87048.0,105900.0
28000116,24817.0,114848.0,105900.0
28000117,24817.0,126348.0,105900.0
28000118,29367.0,107148.0,105900.0
28000119,13067.0,106698.0,105900.0
28000120,9467.0,106698.0,105900.0
28000121,39467.0,106698.0,105900.0
28000122,35867.0,106698.0,105900.0
28000498,17817.0,108760.0,105900.0
28000499,18767.0,108773.0,105900.0
28000500,19717.0,108785.0,105900.0
28000501,20667.0,110870.0,105900.0
28000502,20667.0,112748.0,105900.0
28000503,18892.0,113648.0,105900.0
28000504,19467.0,99381.0,105900.0
28000505,19467.0,100214.0,105900.0
28000506,20667.0,99381.0,105900.0
28000507,20667.0,100214.0,105900.0
28000508,24648.0,106743.0,105899.0
29000001,16867.0,114848.0,109500.0
29000002,32067.0,114848.0,109500.0
29000003,26367.0,114848.0,109500.0
29000004,20667.0,114848.0,109500.0
29000005,26367.0,113448.0,109500.0
29000006,26367.0,110448.0,109500.0
29000007,20667.0,111848.0,109500.0
29000008,20667.0,108798.0,109500.0
29000009,23267.0,111848.0,109500.0
29000010,16867.0,108748.0,109500.0
29000011,32067.0,108748.0,109500.0
29000012,23267.0,108798.0,109500.0
29000013,16867.0,107148.0,109500.0
29000014,32067.0,107148.0,109500.0
29000015,20667.0,107148.0,109500.0
29000016,28967.0,107148.0,109500.0
29000017,16867.0,101048.0,109500.0
29000018,17767.0,107148.0,109500.0
29000019,17767.0,101048.0,109500.0
29000020,20667.0,104348.0,109500.0
29000021,28967.0,104348.0,109500.0
29000022,31167.0,107148.0,109500.0
29000023,31167.0,101048.0,109500.0
29000024,32067.0,101048.0,109500.0
29000025,20667.0,101548.0,109500.0
29000026,20667.0,101048.0,109500.0
29000027,28967.0,101548.0,109500.0
29000028,28967.0,101048.0,109500.0
29000029,20667.0,98548.0,109500.0
29000030,28267.0,98548.0,109500.0
29000031,26367.0,98548.0,109500.0
29000032,16867.0,98548.0,109500.0
29000033,32067.0,98548.0,109500.0
29000034,16867.0,110198.0,109500.0
29000035,32067.0,110198.0,109500.0
29000036,23267.0,109893.0,109500.0
29000037,27367.0,110448.0,109500.0
29000038,23267.0,106298.0,109500.0
29000039,26367.0,106298.0,109500.0
29000040,20167.0,107148.0,109500.0
29000041,23267.0,99593.0,109500.0
29000042,26367.0,99593.0,109500.0
29000043,18417.0,98548.0,109500.0
29000044,30517.0,98548.0,109500.0
29000045,20667.0,113648.0,109500.0
29000046,16867.0,113648.0,109500.0
29000047,19917.0,113648.0,109500.0
29000048,19917.0,114848.0,109500.0
29000049,17867.0,113648.0,109500.0
29000050,17867.0,114848.0,109500.0
29000051,27767.0,113448.0,109500.0
29000052,19467.0,98548.0,109500.0
29000053,19467.0,101048.0,109500.0
29000054,17767.0,103698.0,109500.0
29000055,16867.0,103698.0,109500.0
29000056,31167.0,103698.0,109500.0
29000057,32067.0,103698.0,109500.0
29000058,20667.0,106298.0,109500.0
29000059,28967.0,106298.0,109500.0
29000060,23267.0,113648.0,109500.0
29000061,20667.0,109893.0,109500.0
29000062,44067.0,98548.0,109500.0
29000063,44067.0,106698.0,109500.0
29000064,44067.0,114848.0,109500.0
29000065,4867.0,98548.0,109500.0
29000066,4867.0,106698.0,109500.0
29000067,4867.0,114848.0,109500.0
29000068,4867.0,126298.0,109500.0
29000069,9467.0,126348.0,109500.0
29000070,13067.0,126348.0,109500.0
29000071,16867.0,126298.0,109500.0
29000072,32067.0,126298.0,109500.0
29000073,35867.0,126348.0,109500.0
29000074,39467.0,126348.0,109500.0
29000075,44067.0,126298.0,109500.0
29000076,4867.0,87098.0,109500.0
29000077,9467.0,87048.0,109500.0
29000078,13067.0,87048.0,109500.0
29000079,16867.0,87098.0,109500.0
29000080,32067.0,87098.0,109500.0
29000081,35867.0,87048.0,109500.0
29000082,39467.0,87048.0,109500.0
29000083,44067.0,87098.0,109500.0
29000084,23267.0,114848.0,109500.0
29000085,23267.0,107148.0,109500.0
29000086,16867.0,106698.0,109500.0
29000087,23267.0,104348.0,109500.0
29000088,23267.0,101548.0,109500.0
29000089,23267.0,98548.0,109500.0
29000090,32067.0,106698.0,109500.0
29000091,28967.0,98548.0,109500.0
29000093,30367.0,101048.0,109500.0
29000094,26367.0,104348.0,109500.0
29000095,26367.0,107148.0,109500.0
29000096,26367.0,101548.0,109500.0
29000097,27767.0,114848.0,109500.0
29000098,28967.0,113448.0,109500.0
29000099,28967.0,110448.0,109500.0
29000100,28967.0,114848.0,109500.0
29000101,28967.0,108748.0,109500.0
29000102,13067.0,98548.0,109500.0
29000103,9467.0,98548.0,109500.0
29000104,28967.0,87048.0,109500.0
29000105,20667.0,87048.0,109500.0
29000106,39467.0,98548.0,109500.0
29000107,35867.0,98548.0,109500.0
29000108,35867.0,114848.0,109500.0
29000109,39467.0,114848.0,109500.0
29000110,28967.0,126348.0,109500.0
29000111,20667.0,126348.0,109500.0
29000112,13067.0,114848.0,109500.0
29000113,9467.0,114848.0,109500.0
29000114,24817.0,98548.0,109500.0
29000115,24817.0,87048.0,109500.0
29000116,24817.0,114848.0,109500.0
29000117,24817.0,126348.0,109500.0
29000118,29367.0,107148.0,109500.0
29000119,13067.0,106698.0,109500.0
29000120,9467.0,106698.0,109500.0
29000121,39467.0,106698.0,109500.0
29000122,35867.0,106698.0,109500.0
29000501,17817.0,108760.0,109500.0
29000502,18767.0,108773.0,109500.0
29000503,19717.0,108785.0,109500.0
29000504,20667.0,110870.0,109500.0
29000505,20667.0,112748.0,109500.0
29000506,18892.0,113648.0,109500.0
29000507,19467.0,99381.0,109500.0
29000508,19467.0,100214.0,109500.0
29000509,20667.0,99381.0,109500.0
29000510,20667.0,100214.0,109500.0
29000511,24648.0,106743.0,109499.0
30000001,16867.0,114848.0,113100.0
30000002,32067.0,114848.0,113100.0
30000003,26367.0,114848.0,113100.0
30000004,20667.0,114848.0,113100.0
30000005,26367.0,113448.0,113100.0
30000006,26367.0,110448.0,113100.0
30000007,20667.0,111848.0,113100.0
30000008,20667.0,108798.0,113100.0
30000009,23267.0,111848.0,113100.0
30000010,16867.0,108748.0,113100.0
30000011,32067.0,108748.0,113100.0
30000012,23267.0,108798.0,113100.0
30000013,16867.0,107148.0,113100.0
30000014,32067.0,107148.0,113100.0
30000015,20667.0,107148.0,113100.0
30000016,28967.0,107148.0,113100.0
30000017,16867.0,101048.0,113100.0
30000018,17767.0,107148.0,113100.0
30000019,17767.0,101048.0,113100.0
30000020,20667.0,104348.0,113100.0
30000021,28967.0,104348.0,113100.0
30000022,31167.0,107148.0,113100.0
30000023,31167.0,101048.0,113100.0
30000024,32067.0,101048.0,113100.0
30000025,20667.0,101548.0,113100.0
30000026,20667.0,101048.0,113100.0
30000027,28967.0,101548.0,113100.0
30000028,28967.0,101048.0,113100.0
30000029,20667.0,98548.0,113100.0
30000030,28267.0,98548.0,113100.0
30000031,26367.0,98548.0,113100.0
30000032,16867.0,98548.0,113100.0
30000033,32067.0,98548.0,113100.0
30000034,16867.0,110198.0,113100.0
30000035,32067.0,110198.0,113100.0
30000036,23267.0,109893.0,113100.0
30000037,27367.0,110448.0,113100.0
30000038,23267.0,106298.0,113100.0
30000039,26367.0,106298.0,113100.0
30000040,20167.0,107148.0,113100.0
30000041,23267.0,99593.0,113100.0
30000042,26367.0,99593.0,113100.0
30000043,18417.0,98548.0,113100.0
30000044,30517.0,98548.0,113100.0
30000045,20667.0,113648.0,113100.0
30000046,16867.0,113648.0,113100.0
30000047,19917.0,113648.0,113100.0
30000048,19917.0,114848.0,113100.0
30000049,17867.0,113648.0,113100.0
30000050,17867.0,114848.0,113100.0
30000051,27767.0,113448.0,113100.0
30000052,19467.0,98548.0,113100.0
30000053,19467.0,101048.0,113100.0
30000054,17767.0,103698.0,113100.0
30000055,16867.0,103698.0,113100.0
30000056,31167.0,103698.0,113100.0
30000057,32067.0,103698.0,113100.0
30000058,20667.0,106298.0,113100.0
30000059,28967.0,106298.0,113100.0
30000060,23267.0,113648.0,113100.0
30000061,20667.0,109893.0,113100.0
30000062,44067.0,98548.0,113100.0
30000063,44067.0,106698.0,113100.0
30000064,44067.0,114848.0,113100.0
30000065,4867.0,98548.0,113100.0
30000066,4867.0,106698.0,113100.0
30000067,4867.0,114848.0,113100.0
30000068,4867.0,126298.0,113100.0
30000069,9467.0,126348.0,113100.0
30000070,13067.0,126348.0,113100.0
30000071,16867.0,126298.0,113100.0
30000072,32067.0,126298.0,113100.0
30000073,35867.0,126348.0,113100.0
30000074,39467.0,126348.0,113100.0
30000075,44067.0,126298.0,113100.0
30000076,4867.0,87098.0,113100.0
30000077,9467.0,87048.0,113100.0
30000078,13067.0,87048.0,113100.0
30000079,16867.0,87098.0,113100.0
30000080,32067.0,87098.0,113100.0
30000081,35867.0,87048.0,113100.0
30000082,39467.0,87048.0,113100.0
30000083,44067.0,87098.0,113100.0
30000084,23267.0,114848.0,113100.0
30000085,23267.0,107148.0,113100.0
30000086,16867.0,106698.0,113100.0
30000087,23267.0,104348.0,113100.0
30000088,23267.0,101548.0,113100.0
30000089,23267.0,98548.0,113100.0
30000090,32067.0,106698.0,113100.0
30000091,28967.0,98548.0,113100.0
30000093,30367.0,101048.0,113100.0
30000094,26367.0,104348.0,113100.0
30000095,26367.0,107148.0,113100.0
30000096,26367.0,101548.0,113100.0
30000097,27767.0,114848.0,113100.0
30000098,28967.0,113448.0,113100.0
30000099,28967.0,110448.0,113100.0
30000100,28967.0,114848.0,113100.0
30000101,28967.0,108748.0,113100.0
30000102,13067.0,98548.0,113100.0
30000103,9467.0,98548.0,113100.0
30000104,28967.0,87048.0,113100.0
30000105,20667.0,87048.0,113100.0
30000106,39467.0,98548.0,113100.0
30000107,35867.0,98548.0,113100.0
30000108,35867.0,114848.0,113100.0
30000109,39467.0,114848.0,113100.0
30000110,28967.0,126348.0,113100.0
30000111,20667.0,126348.0,113100.0
30000112,13067.0,114848.0,113100.0
30000113,9467.0,114848.0,113100.0
30000114,24817.0,98548.0,113100.0
30000115,24817.0,87048.0,113100.0
30000116,24817.0,114848.0,113100.0
30000117,24817.0,126348.0,113100.0
30000118,29367.0,107148.0,113100.0
30000119,13067.0,106698.0,113100.0
30000120,9467.0,106698.0,113100.0
30000121,39467.0,106698.0,113100.0
30000122,35867.0,106698.0,113100.0
30000501,17817.0,108760.0,113100.0
30000502,18767.0,108773.0,113100.0
30000503,19717.0,108785.0,113100.0
30000504,20667.0,110870.0,113100.0
30000505,20667.0,112748.0,113100.0
30000506,18892.0,113648.0,113100.0
30000507,19467.0,99381.0,113100.0
30000508,19467.0,100214.0,113100.0
30000509,20667.0,99381.0,113100.0
30000510,20667.0,100214.0,113100.0
30000511,24648.0,106743.0,113099.0
31000001,16867.0,114848.0,116700.0
31000002,32067.0,114848.0,116700.0
31000003,26367.0,114848.0,116700.0
31000004,20667.0,114848.0,116700.0
31000005,26367.0,113448.0,116700.0
31000006,26367.0,110448.0,116700.0
31000007,20667.0,111848.0,116700.0
31000008,20667.0,108798.0,116700.0
31000009,23267.0,111848.0,116700.0
31000010,16867.0,108748.0,116700.0
31000011,32067.0,108748.0,116700.0
31000012,23267.0,108798.0,116700.0
31000013,16867.0,107148.0,116700.0
31000014,32067.0,107148.0,116700.0
31000015,20667.0,107148.0,116700.0
31000016,28967.0,107148.0,116700.0
31000017,16867.0,101048.0,116700.0
31000018,17767.0,107148.0,116700.0
31000019,17767.0,101048.0,116700.0
31000020,20667.0,104348.0,116700.0
31000021,28967.0,104348.0,116700.0
31000022,31167.0,107148.0,116700.0
31000023,31167.0,101048.0,116700.0
31000024,32067.0,101048.0,116700.0
31000025,20667.0,101548.0,116700.0
31000026,20667.0,101048.0,116700.0
31000027,28967.0,101548.0,116700.0
31000028,28967.0,101048.0,116700.0
31000029,20667.0,98548.0,116700.0
31000030,28267.0,98548.0,116700.0
31000031,26367.0,98548.0,116700.0
31000032,16867.0,98548.0,116700.0
31000033,32067.0,98548.0,116700.0
31000034,16867.0,110198.0,116700.0
31000035,32067.0,110198.0,116700.0
31000036,23267.0,109893.0,116700.0
31000037,27367.0,110448.0,116700.0
31000038,23267.0,106298.0,116700.0
31000039,26367.0,106298.0,116700.0
31000040,20167.0,107148.0,116700.0
31000041,23267.0,99593.0,116700.0
31000042,26367.0,99593.0,116700.0
31000043,18417.0,98548.0,116700.0
31000044,30517.0,98548.0,116700.0
31000045,20667.0,113648.0,116700.0
31000046,16867.0,113648.0,116700.0
31000047,19917.0,113648.0,116700.0
31000048,19917.0,114848.0,116700.0
31000049,17867.0,113648.0,116700.0
31000050,17867.0,114848.0,116700.0
31000051,27767.0,113448.0,116700.0
31000052,19467.0,98548.0,116700.0
31000053,19467.0,101048.0,116700.0
31000054,17767.0,103698.0,116700.0
31000055,16867.0,103698.0,116700.0
31000056,31167.0,103698.0,116700.0
31000057,32067.0,103698.0,116700.0
31000058,20667.0,106298.0,116700.0
31000059,28967.0,106298.0,116700.0
31000060,23267.0,113648.0,116700.0
31000061,20667.0,109893.0,116700.0
31000062,44067.0,98548.0,116700.0
31000063,44067.0,106698.0,116700.0
31000064,44067.0,114848.0,116700.0
31000065,4867.0,98548.0,116700.0
31000066,4867.0,106698.0,116700.0
31000067,4867.0,114848.0,116700.0
31000068,4867.0,126298.0,116700.0
31000069,9467.0,126348.0,116700.0
31000070,13067.0,126348.0,116700.0
31000071,16867.0,126298.0,116700.0
31000072,32067.0,126298.0,116700.0
31000073,35867.0,126348.0,116700.0
31000074,39467.0,126348.0,116700.0
31000075,44067.0,126298.0,116700.0
31000076,4867.0,87098.0,116700.0
31000077,9467.0,87048.0,116700.0
31000078,13067.0,87048.0,116700.0
31000079,16867.0,87098.0,116700.0
31000080,32067.0,87098.0,116700.0
31000081,35867.0,87048.0,116700.0
31000082,39467.0,87048.0,116700.0
31000083,44067.0,87098.0,116700.0
31000084,23267.0,114848.0,116700.0
31000085,23267.0,107148.0,116700.0
31000086,16867.0,106698.0,116700.0
31000087,23267.0,104348.0,116700.0
31000088,23267.0,101548.0,116700.0
31000089,23267.0,98548.0,116700.0
31000090,32067.0,106698.0,116700.0
31000091,28967.0,98548.0,116700.0
31000093,30367.0,101048.0,116700.0
31000094,26367.0,104348.0,116700.0
31000095,26367.0,107148.0,116700.0
31000096,26367.0,101548.0,116700.0
31000097,27767.0,114848.0,116700.0
31000098,28967.0,113448.0,116700.0
31000099,28967.0,110448.0,116700.0
31000100,28967.0,114848.0,116700.0
31000101,28967.0,108748.0,116700.0
31000102,13067.0,98548.0,116700.0
31000103,9467.0,98548.0,116700.0
31000104,28967.0,87048.0,116700.0
31000105,20667.0,87048.0,116700.0
31000106,39467.0,98548.0,116700.0
31000107,35867.0,98548.0,116700.0
31000108,35867.0,114848.0,116700.0
31000109,39467.0,114848.0,116700.0
31000110,28967.0,126348.0,116700.0
31000111,20667.0,126348.0,116700.0
31000112,13067.0,114848.0,116700.0
31000113,9467.0,114848.0,116700.0
31000114,24817.0,98548.0,116700.0
31000115,24817.0,87048.0,116700.0
31000116,24817.0,114848.0,116700.0
31000117,24817.0,126348.0,116700.0
31000118,29367.0,107148.0,116700.0
31000119,13067.0,106698.0,116700.0
31000120,9467.0,106698.0,116700.0
31000121,39467.0,106698.0,116700.0
31000122,35867.0,106698.0,116700.0
31000501,17817.0,108760.0,116700.0
31000502,18767.0,108773.0,116700.0
31000503,19717.0,108785.0,116700.0
31000504,20667.0,110870.0,116700.0
31000505,20667.0,112748.0,116700.0
31000506,18892.0,113648.0,116700.0
31000507,19467.0,99381.0,116700.0
31000508,19467.0,100214.0,116700.0
31000509,20667.0,99381.0,116700.0
31000510,20667.0,100214.0,116700.0
31000511,24648.0,106743.0,116699.0
32000001,16867.0,114848.0,120299.0
32000002,32067.0,114848.0,120299.0
32000003,26367.0,114848.0,120299.0
32000004,20667.0,114848.0,120299.0
32000005,26367.0,113448.0,120299.0
32000006,26367.0,110448.0,120299.0
32000007,20667.0,111848.0,120299.0
32000008,20667.0,108798.0,120299.0
32000009,23267.0,111848.0,120299.0
32000010,16867.0,108748.0,120299.0
32000011,32067.0,108748.0,120299.0
32000012,23267.0,108798.0,120299.0
32000013,16867.0,107148.0,120299.0
32000014,32067.0,107148.0,120299.0
32000015,20667.0,107148.0,120299.0
32000016,28967.0,107148.0,120299.0
32000017,16867.0,101048.0,120299.0
32000018,17767.0,107148.0,120299.0
32000019,17767.0,101048.0,120299.0
32000020,20667.0,104348.0,120299.0
32000021,28967.0,104348.0,120299.0
32000022,31167.0,107148.0,120299.0
32000023,31167.0,101048.0,120299.0
32000024,32067.0,101048.0,120299.0
32000025,20667.0,101548.0,120299.0
32000026,20667.0,101048.0,120299.0
32000027,28967.0,101548.0,120299.0
32000028,28967.0,101048.0,120299.0
32000029,20667.0,98548.0,120299.0
32000030,28267.0,98548.0,120299.0
32000031,26367.0,98548.0,120299.0
32000032,16867.0,98548.0,120299.0
32000033,32067.0,98548.0,120299.0
32000034,16867.0,110198.0,120299.0
32000035,32067.0,110198.0,120299.0
32000036,23267.0,109893.0,120299.0
32000037,27367.0,110448.0,120299.0
32000038,23267.0,106298.0,120299.0
32000039,26367.0,106298.0,120299.0
32000040,20167.0,107148.0,120299.0
32000041,23267.0,99593.0,120299.0
32000042,26367.0,99593.0,120299.0
32000043,18417.0,98548.0,120299.0
32000044,30517.0,98548.0,120299.0
32000045,20667.0,113648.0,120299.0
32000046,16867.0,113648.0,120299.0
32000047,19917.0,113648.0,120299.0
32000048,19917.0,114848.0,120299.0
32000049,17867.0,113648.0,120299.0
32000050,17867.0,114848.0,120299.0
32000051,27767.0,113448.0,120299.0
32000052,19467.0,98548.0,120299.0
32000053,19467.0,101048.0,120299.0
32000054,17767.0,103698.0,120299.0
32000055,16867.0,103698.0,120299.0
32000056,31167.0,103698.0,120299.0
32000057,32067.0,103698.0,120299.0
32000058,20667.0,106298.0,120299.0
32000059,28967.0,106298.0,120299.0
32000060,23267.0,113648.0,120299.0
32000061,20667.0,109893.0,120299.0
32000062,44067.0,98548.0,120299.0
32000063,44067.0,106698.0,120299.0
32000064,44067.0,114848.0,120299.0
32000065,4867.0,98548.0,120299.0
32000066,4867.0,106698.0,120299.0
32000067,4867.0,114848.0,120299.0
32000068,4867.0,126298.0,120299.0
32000069,9467.0,126348.0,120299.0
32000070,13067.0,126348.0,120299.0
32000071,16867.0,126298.0,120299.0
32000072,32067.0,126298.0,120299.0
32000073,35867.0,126348.0,120299.0
32000074,39467.0,126348.0,120299.0
32000075,44067.0,126298.0,120299.0
32000076,4867.0,87098.0,120299.0
32000077,9467.0,87048.0,120299.0
32000078,13067.0,87048.0,120299.0
32000079,16867.0,87098.0,120299.0
32000080,32067.0,87098.0,120299.0
32000081,35867.0,87048.0,120299.0
32000082,39467.0,87048.0,120299.0
32000083,44067.0,87098.0,120299.0
32000084,23267.0,114848.0,120299.0
32000085,23267.0,107148.0,120299.0
32000086,16867.0,106698.0,120299.0
32000087,23267.0,104348.0,120299.0
32000088,23267.0,101548.0,120299.0
32000089,23267.0,98548.0,120299.0
32000090,32067.0,106698.0,120299.0
32000091,28967.0,98548.0,120299.0
32000093,30367.0,101048.0,120299.0
32000094,26367.0,104348.0,120299.0
32000095,26367.0,107148.0,120299.0
32000096,26367.0,101548.0,120299.0
32000097,27767.0,114848.0,120299.0
32000098,28967.0,113448.0,120299.0
32000099,28967.0,110448.0,120299.0
32000100,28967.0,114848.0,120299.0
32000101,28967.0,108748.0,120299.0
32000102,13067.0,98548.0,120299.0
32000103,9467.0,98548.0,120299.0
32000104,28967.0,87048.0,120299.0
32000105,20667.0,87048.0,120299.0
32000106,39467.0,98548.0,120299.0
32000107,35867.0,98548.0,120299.0
32000108,35867.0,114848.0,120299.0
32000109,39467.0,114848.0,120299.0
32000110,28967.0,126348.0,120299.0
32000111,20667.0,126348.0,120299.0
32000112,13067.0,114848.0,120299.0
32000113,9467.0,114848.0,120299.0
32000114,24817.0,98548.0,120299.0
32000115,24817.0,87048.0,120299.0
32000116,24817.0,114848.0,120299.0
32000117,24817.0,126348.0,120299.0
32000118,29367.0,107148.0,120299.0
32000119,13067.0,106698.0,120299.0
32000120,9467.0,106698.0,120299.0
32000121,39467.0,106698.0,120299.0
32000122,35867.0,106698.0,120299.0
32000501,17817.0,108760.0,120299.0
32000502,18767.0,108773.0,120299.0
32000503,19717.0,108785.0,120299.0
32000504,20667.0,110870.0,120299.0
32000505,20667.0,112748.0,120299.0
32000506,18892.0,113648.0,120299.0
32000507,19467.0,99381.0,120300.0
32000508,19467.0,100214.0,120300.0
32000509,20667.0,99381.0,120300.0
32000510,20667.0,100214.0,120300.0
32000511,24648.0,106743.0,120299.0
33000001,16867.0,114848.0,123900.0
33000002,32067.0,114848.0,123900.0
33000003,26367.0,114848.0,123900.0
33000004,20667.0,114848.0,123900.0
33000005,26367.0,113448.0,123900.0
33000006,26367.0,110448.0,123900.0
33000007,20667.0,111848.0,123900.0
33000008,20667.0,108798.0,123900.0
33000009,23267.0,111848.0,123900.0
33000010,16867.0,108748.0,123900.0
33000011,32067.0,108748.0,123900.0
33000012,23267.0,108798.0,123900.0
33000013,16867.0,107148.0,123900.0
33000014,32067.0,107148.0,123900.0
33000015,20667.0,107148.0,123900.0
33000016,28967.0,107148.0,123900.0
33000017,16867.0,101048.0,123900.0
33000018,17767.0,107148.0,123900.0
33000019,17767.0,101048.0,123900.0
33000020,20667.0,104348.0,123900.0
33000021,28967.0,104348.0,123900.0
33000022,31167.0,107148.0,123900.0
33000023,31167.0,101048.0,123900.0
33000024,32067.0,101048.0,123900.0
33000025,20667.0,101548.0,123900.0
33000026,20667.0,101048.0,123900.0
33000027,28967.0,101548.0,123900.0
33000028,28967.0,101048.0,123900.0
33000029,20667.0,98548.0,123900.0
33000030,28267.0,98548.0,123900.0
33000031,26367.0,98548.0,123900.0
33000032,16867.0,98548.0,123900.0
33000033,32067.0,98548.0,123900.0
33000034,16867.0,110198.0,123900.0
33000035,32067.0,110198.0,123900.0
33000036,23267.0,109893.0,123900.0
33000037,27367.0,110448.0,123900.0
33000038,23267.0,106298.0,123900.0
33000039,26367.0,106298.0,123900.0
33000040,20167.0,107148.0,123900.0
33000041,23267.0,99593.0,123900.0
33000042,26367.0,99593.0,123900.0
33000043,18417.0,98548.0,123900.0
33000044,30517.0,98548.0,123900.0
33000045,20667.0,113648.0,123900.0
33000046,16867.0,113648.0,123900.0
33000047,19917.0,113648.0,123900.0
33000048,19917.0,114848.0,123900.0
33000049,17867.0,113648.0,123900.0
33000050,17867.0,114848.0,123900.0
33000051,27767.0,113448.0,123900.0
33000052,19467.0,98548.0,123900.0
33000053,19467.0,101048.0,123900.0
33000054,17767.0,103698.0,123900.0
33000055,16867.0,103698.0,123900.0
33000056,31167.0,103698.0,123900.0
33000057,32067.0,103698.0,123900.0
33000058,20667.0,106298.0,123900.0
33000059,28967.0,106298.0,123900.0
33000060,23267.0,113648.0,123900.0
33000061,20667.0,109893.0,123900.0
33000062,44067.0,98548.0,123900.0
33000063,44067.0,106698.0,123900.0
33000064,44067.0,114848.0,123900.0
33000065,4867.0,98548.0,123900.0
33000066,4867.0,106698.0,123900.0
33000067,4867.0,114848.0,123900.0
33000068,4867.0,126298.0,123900.0
33000069,9467.0,126348.0,123900.0
33000070,13067.0,126348.0,123900.0
33000071,16867.0,126298.0,123900.0
33000072,32067.0,126298.0,123900.0
33000073,35867.0,126348.0,123900.0
33000074,39467.0,126348.0,123900.0
33000075,44067.0,126298.0,123900.0
33000076,4867.0,87098.0,123900.0
33000077,9467.0,87048.0,123900.0
33000078,13067.0,87048.0,123900.0
33000079,16867.0,87098.0,123900.0
33000080,32067.0,87098.0,123900.0
33000081,35867.0,87048.0,123900.0
33000082,39467.0,87048.0,123900.0
33000083,44067.0,87098.0,123900.0
33000084,23267.0,114848.0,123900.0
33000085,23267.0,107148.0,123900.0
33000086,16867.0,106698.0,123900.0
33000087,23267.0,104348.0,123900.0
33000088,23267.0,101548.0,123900.0
33000089,23267.0,98548.0,123900.0
33000090,32067.0,106698.0,123900.0
33000091,28967.0,98548.0,123900.0
33000093,30367.0,101048.0,123900.0
33000094,26367.0,104348.0,123900.0
33000095,26367.0,107148.0,123900.0
33000096,26367.0,101548.0,123900.0
33000097,27767.0,114848.0,123900.0
33000098,28967.0,113448.0,123900.0
33000099,28967.0,110448.0,123900.0
33000100,28967.0,114848.0,123900.0
33000101,28967.0,108748.0,123900.0
33000102,13067.0,98548.0,123900.0
33000103,9467.0,98548.0,123900.0
33000104,28967.0,87048.0,123900.0
33000105,20667.0,87048.0,123900.0
33000106,39467.0,98548.0,123900.0
33000107,35867.0,98548.0,123900.0
33000108,35867.0,114848.0,123900.0
33000109,39467.0,114848.0,123900.0
33000110,28967.0,126348.0,123900.0
33000111,20667.0,126348.0,123900.0
33000112,13067.0,114848.0,123900.0
33000113,9467.0,114848.0,123900.0
33000114,24817.0,98548.0,123900.0
33000115,24817.0,87048.0,123900.0
33000116,24817.0,114848.0,123900.0
33000117,24817.0,126348.0,123900.0
33000118,29367.0,107148.0,123900.0
33000119,13067.0,106698.0,123900.0
33000120,9467.0,106698.0,123900.0
33000121,39467.0,106698.0,123900.0
33000122,35867.0,106698.0,123900.0
33000501,17817.0,108760.0,123900.0
33000502,18767.0,108773.0,123900.0
33000503,19717.0,108785.0,123900.0
33000504,20667.0,110870.0,123900.0
33000505,20667.0,112748.0,123900.0
33000506,18892.0,113648.0,123900.0
33000507,19467.0,99381.0,123900.0
33000508,19467.0,100214.0,123900.0
33000509,20667.0,99381.0,123900.0
33000510,20667.0,100214.0,123900.0
33000511,24648.0,106743.0,123899.0
34000001,16867.0,114848.0,127500.0
34000002,32067.0,114848.0,127500.0
34000003,26367.0,114848.0,127500.0
34000004,20667.0,114848.0,127500.0
34000005,26367.0,113448.0,127500.0
34000006,26367.0,110448.0,127500.0
34000007,20667.0,111848.0,127500.0
34000008,20667.0,108798.0,127500.0
34000009,23267.0,111848.0,127500.0
34000010,16867.0,108748.0,127500.0
34000011,32067.0,108748.0,127500.0
34000012,23267.0,108798.0,127500.0
34000013,16867.0,107148.0,127500.0
34000014,32067.0,107148.0,127500.0
34000015,20667.0,107148.0,127500.0
34000016,28967.0,107148.0,127500.0
34000017,16867.0,101048.0,127500.0
34000018,17767.0,107148.0,127500.0
34000019,17767.0,101048.0,127500.0
34000020,20667.0,104348.0,127500.0
34000021,28967.0,104348.0,127500.0
34000022,31167.0,107148.0,127500.0
34000023,31167.0,101048.0,127500.0
34000024,32067.0,101048.0,127500.0
34000025,20667.0,101548.0,127500.0
34000026,20667.0,101048.0,127500.0
34000027,28967.0,101548.0,127500.0
34000028,28967.0,101048.0,127500.0
34000029,20667.0,98548.0,127500.0
34000030,28267.0,98548.0,127500.0
34000031,26367.0,98548.0,127500.0
34000032,16867.0,98548.0,127500.0
34000033,32067.0,98548.0,127500.0
34000034,16867.0,110198.0,127500.0
34000035,32067.0,110198.0,127500.0
34000036,23267.0,109893.0,127500.0
34000037,27367.0,110448.0,127500.0
34000038,23267.0,106298.0,127500.0
34000039,26367.0,106298.0,127500.0
34000040,20167.0,107148.0,127500.0
34000041,23267.0,99593.0,127500.0
34000042,26367.0,99593.0,127500.0
34000043,18417.0,98548.0,127500.0
34000044,30517.0,98548.0,127500.0
34000045,20667.0,113648.0,127500.0
34000046,16867.0,113648.0,127500.0
34000047,19917.0,113648.0,127500.0
34000048,19917.0,114848.0,127500.0
34000049,17867.0,113648.0,127500.0
34000050,17867.0,114848.0,127500.0
34000051,27767.0,113448.0,127500.0
34000052,19467.0,98548.0,127500.0
34000053,19467.0,101048.0,127500.0
34000054,17767.0,103698.0,127500.0
34000055,16867.0,103698.0,127500.0
34000056,31167.0,103698.0,127500.0
34000057,32067.0,103698.0,127500.0
34000058,20667.0,106298.0,127500.0
34000059,28967.0,106298.0,127500.0
34000060,23267.0,113648.0,127500.0
34000061,20667.0,109893.0,127500.0
34000062,44067.0,98548.0,127500.0
34000063,44067.0,106698.0,127500.0
34000064,44067.0,114848.0,127500.0
34000065,4867.0,98548.0,127500.0
34000066,4867.0,106698.0,127500.0
34000067,4867.0,114848.0,127500.0
34000068,4867.0,126298.0,127500.0
34000069,9467.0,126348.0,127500.0
34000070,13067.0,126348.0,127500.0
34000071,16867.0,126298.0,127500.0
34000072,32067.0,126298.0,127500.0
34000073,35867.0,126348.0,127500.0
34000074,39467.0,126348.0,127500.0
34000075,44067.0,126298.0,127500.0
34000076,4867.0,87098.0,127500.0
34000077,9467.0,87048.0,127500.0
34000078,13067.0,87048.0,127500.0
34000079,16867.0,87098.0,127500.0
34000080,32067.0,87098.0,127500.0
34000081,35867.0,87048.0,127500.0
34000082,39467.0,87048.0,127500.0
34000083,44067.0,87098.0,127500.0
34000084,23267.0,114848.0,127500.0
34000085,23267.0,107148.0,127500.0
34000086,16867.0,106698.0,127500.0
34000087,23267.0,104348.0,127500.0
34000088,23267.0,101548.0,127500.0
34000089,23267.0,98548.0,127500.0
34000090,32067.0,106698.0,127500.0
34000091,28967.0,98548.0,127500.0
34000093,30367.0,101048.0,127500.0
34000094,26367.0,104348.0,127500.0
34000095,26367.0,107148.0,127500.0
34000096,26367.0,101548.0,127500.0
34000097,27767.0,114848.0,127500.0
34000098,28967.0,113448.0,127500.0
34000099,28967.0,110448.0,127500.0
34000100,28967.0,114848.0,127500.0
34000101,28967.0,108748.0,127500.0
34000102,13067.0,98548.0,127500.0
34000103,9467.0,98548.0,127500.0
34000104,28967.0,87048.0,127500.0
34000105,20667.0,87048.0,127500.0
34000106,39467.0,98548.0,127500.0
34000107,35867.0,98548.0,127500.0
34000108,35867.0,114848.0,127500.0
34000109,39467.0,114848.0,127500.0
34000110,28967.0,126348.0,127500.0
34000111,20667.0,126348.0,127500.0
34000112,13067.0,114848.0,127500.0
34000113,9467.0,114848.0,127500.0
34000114,24817.0,98548.0,127500.0
34000115,24817.0,87048.0,127500.0
34000116,24817.0,114848.0,127500.0
34000117,24817.0,126348.0,127500.0
34000118,29367.0,107148.0,127500.0
34000119,13067.0,106698.0,127500.0
34000120,9467.0,106698.0,127500.0
34000121,39467.0,106698.0,127500.0
34000122,35867.0,106698.0,127500.0
34000501,17817.0,108760.0,127500.0
34000502,18767.0,108773.0,127500.0
34000503,19717.0,108785.0,127500.0
34000504,20667.0,110870.0,127500.0
34000505,20667.0,112748.0,127500.0
34000506,18892.0,113648.0,127500.0
34000507,19467.0,99381.0,127500.0
34000508,19467.0,100214.0,127500.0
34000509,20667.0,99381.0,127500.0
34000510,20667.0,100214.0,127500.0
34000511,24648.0,106743.0,127499.0
35000001,16867.0,114848.0,131100.0
35000002,32067.0,114848.0,131100.0
35000003,26367.0,114848.0,131100.0
35000004,20667.0,114848.0,131100.0
35000005,26367.0,113448.0,131100.0
35000006,26367.0,110448.0,131100.0
35000007,20667.0,111848.0,131100.0
35000008,20667.0,108798.0,131100.0
35000009,23267.0,111848.0,131100.0
35000010,16867.0,108748.0,131100.0
35000011,32067.0,108748.0,131100.0
35000012,23267.0,108798.0,131100.0
35000013,16867.0,107148.0,131100.0
35000014,32067.0,107148.0,131100.0
35000015,20667.0,107148.0,131100.0
35000016,28967.0,107148.0,131100.0
35000017,16867.0,101048.0,131100.0
35000018,17767.0,107148.0,131100.0
35000019,17767.0,101048.0,131100.0
35000020,20667.0,104348.0,131100.0
35000021,28967.0,104348.0,131100.0
35000022,31167.0,107148.0,131100.0
35000023,31167.0,101048.0,131100.0
35000024,32067.0,101048.0,131100.0
35000025,20667.0,101548.0,131100.0
35000026,20667.0,101048.0,131100.0
35000027,28967.0,101548.0,131100.0
35000028,28967.0,101048.0,131100.0
35000029,20667.0,98548.0,131100.0
35000030,28267.0,98548.0,131100.0
35000031,26367.0,98548.0,131100.0
35000032,16867.0,98548.0,131100.0
35000033,32067.0,98548.0,131100.0
35000034,16867.0,110198.0,131100.0
35000035,32067.0,110198.0,131100.0
35000036,23267.0,109893.0,131100.0
35000037,27367.0,110448.0,131100.0
35000038,23267.0,106298.0,131100.0
35000039,26367.0,106298.0,131100.0
35000040,20167.0,107148.0,131100.0
35000041,23267.0,99593.0,131100.0
35000042,26367.0,99593.0,131100.0
35000043,18417.0,98548.0,131100.0
35000044,30517.0,98548.0,131100.0
35000045,20667.0,113648.0,131100.0
35000046,16867.0,113648.0,131100.0
35000047,19917.0,113648.0,131100.0
35000048,19917.0,114848.0,131100.0
35000049,17867.0,113648.0,131100.0
35000050,17867.0,114848.0,131100.0
35000051,27767.0,113448.0,131100.0
35000052,19467.0,98548.0,131100.0
35000053,19467.0,101048.0,131100.0
35000054,17767.0,103698.0,131100.0
35000055,16867.0,103698.0,131100.0
35000056,31167.0,103698.0,131100.0
35000057,32067.0,103698.0,131100.0
35000058,20667.0,106298.0,131100.0
35000059,28967.0,106298.0,131100.0
35000060,23267.0,113648.0,131100.0
35000061,20667.0,109893.0,131100.0
35000062,44067.0,98548.0,131100.0
35000063,44067.0,106698.0,131100.0
35000064,44067.0,114848.0,131100.0
35000065,4867.0,98548.0,131100.0
35000066,4867.0,106698.0,131100.0
35000067,4867.0,114848.0,131100.0
35000068,4867.0,126298.0,131100.0
35000069,9467.0,126348.0,131100.0
35000070,13067.0,126348.0,131100.0
35000071,16867.0,126298.0,131100.0
35000072,32067.0,126298.0,131100.0
35000073,35867.0,126348.0,131100.0
35000074,39467.0,126348.0,131100.0
35000075,44067.0,126298.0,131100.0
35000076,4867.0,87098.0,131100.0
35000077,9467.0,87048.0,131100.0
35000078,13067.0,87048.0,131100.0
35000079,16867.0,87098.0,131100.0
35000080,32067.0,87098.0,131100.0
35000081,35867.0,87048.0,131100.0
35000082,39467.0,87048.0,131100.0
35000083,44067.0,87098.0,131100.0
35000084,23267.0,114848.0,131100.0
35000085,23267.0,107148.0,131100.0
35000086,16867.0,106698.0,131100.0
35000087,23267.0,104348.0,131100.0
35000088,23267.0,101548.0,131100.0
35000089,23267.0,98548.0,131100.0
35000090,32067.0,106698.0,131100.0
35000091,28967.0,98548.0,131100.0
35000093,30367.0,101048.0,131100.0
35000094,26367.0,104348.0,131100.0
35000095,26367.0,107148.0,131100.0
35000096,26367.0,101548.0,131100.0
35000097,27767.0,114848.0,131100.0
35000098,28967.0,113448.0,131100.0
35000099,28967.0,110448.0,131100.0
35000100,28967.0,114848.0,131100.0
35000101,28967.0,108748.0,131100.0
35000102,13067.0,98548.0,131100.0
35000103,9467.0,98548.0,131100.0
35000104,28967.0,87048.0,131100.0
35000105,20667.0,87048.0,131100.0
35000106,39467.0,98548.0,131100.0
35000107,35867.0,98548.0,131100.0
35000108,35867.0,114848.0,131100.0
35000109,39467.0,114848.0,131100.0
35000110,28967.0,126348.0,131100.0
35000111,20667.0,126348.0,131100.0
35000112,13067.0,114848.0,131100.0
35000113,9467.0,114848.0,131100.0
35000114,24817.0,98548.0,131100.0
35000115,24817.0,87048.0,131100.0
35000116,24817.0,114848.0,131100.0
35000117,24817.0,126348.0,131100.0
35000118,29367.0,107148.0,131100.0
35000119,13067.0,106698.0,131100.0
35000120,9467.0,106698.0,131100.0
35000121,39467.0,106698.0,131100.0
35000122,35867.0,106698.0,131100.0
35000501,17817.0,108760.0,131100.0
35000502,18767.0,108773.0,131100.0
35000503,19717.0,108785.0,131100.0
35000504,20667.0,110870.0,131100.0
35000505,20667.0,112748.0,131100.0
35000506,18892.0,113648.0,131100.0
35000507,19467.0,99381.0,131100.0
35000508,19467.0,100214.0,131100.0
35000509,20667.0,99381.0,131100.0
35000510,20667.0,100214.0,131100.0
35000511,24648.0,106743.0,131099.0
36000001,16867.0,114848.0,134700.0
36000002,32067.0,114848.0,134700.0
36000003,26367.0,114848.0,134700.0
36000004,20667.0,114848.0,134700.0
36000005,26367.0,113448.0,134700.0
36000006,26367.0,110448.0,134700.0
36000007,20667.0,111848.0,134700.0
36000008,20667.0,108798.0,134700.0
36000009,23267.0,111848.0,134700.0
36000010,16867.0,108748.0,134700.0
36000011,32067.0,108748.0,134700.0
36000012,23267.0,108798.0,134700.0
36000013,16867.0,107148.0,134700.0
36000014,32067.0,107148.0,134700.0
36000015,20667.0,107148.0,134700.0
36000016,28967.0,107148.0,134700.0
36000017,16867.0,101048.0,134700.0
36000018,17767.0,107148.0,134700.0
36000019,17767.0,101048.0,134700.0
36000020,20667.0,104348.0,134700.0
36000021,28967.0,104348.0,134700.0
36000022,31167.0,107148.0,134700.0
36000023,31167.0,101048.0,134700.0
36000024,32067.0,101048.0,134700.0
36000025,20667.0,101548.0,134700.0
36000026,20667.0,101048.0,134700.0
36000027,28967.0,101548.0,134700.0
36000028,28967.0,101048.0,134700.0
36000029,20667.0,98548.0,134700.0
36000030,28267.0,98548.0,134700.0
36000031,26367.0,98548.0,134700.0
36000032,16867.0,98548.0,134700.0
36000033,32067.0,98548.0,134700.0
36000034,16867.0,110198.0,134700.0
36000035,32067.0,110198.0,134700.0
36000036,23267.0,109893.0,134700.0
36000037,27367.0,110448.0,134700.0
36000038,23267.0,106298.0,134700.0
36000039,26367.0,106298.0,134700.0
36000040,20167.0,107148.0,134700.0
36000041,23267.0,99593.0,134700.0
36000042,26367.0,99593.0,134700.0
36000043,18417.0,98548.0,134700.0
36000044,30517.0,98548.0,134700.0
36000045,20667.0,113648.0,134700.0
36000046,16867.0,113648.0,134700.0
36000047,19917.0,113648.0,134700.0
36000048,19917.0,114848.0,134700.0
36000049,17867.0,113648.0,134700.0
36000050,17867.0,114848.0,134700.0
36000051,27767.0,113448.0,134700.0
36000052,19467.0,98548.0,134700.0
36000053,19467.0,101048.0,134700.0
36000054,17767.0,103698.0,134700.0
36000055,16867.0,103698.0,134700.0
36000056,31167.0,103698.0,134700.0
36000057,32067.0,103698.0,134700.0
36000058,20667.0,106298.0,134700.0
36000059,28967.0,106298.0,134700.0
36000060,23267.0,113648.0,134700.0
36000061,20667.0,109893.0,134700.0
36000062,44067.0,98548.0,134700.0
36000063,44067.0,106698.0,134700.0
36000064,44067.0,114848.0,134700.0
36000065,4867.0,98548.0,134700.0
36000066,4867.0,106698.0,134700.0
36000067,4867.0,114848.0,134700.0
36000068,4867.0,126298.0,134700.0
36000069,9467.0,126348.0,134700.0
36000070,13067.0,126348.0,134700.0
36000071,16867.0,126298.0,134700.0
36000072,32067.0,126298.0,134700.0
36000073,35867.0,126348.0,134700.0
36000074,39467.0,126348.0,134700.0
36000075,44067.0,126298.0,134700.0
36000076,4867.0,87098.0,134700.0
36000077,9467.0,87048.0,134700.0
36000078,13067.0,87048.0,134700.0
36000079,16867.0,87098.0,134700.0
36000080,32067.0,87098.0,134700.0
36000081,35867.0,87048.0,134700.0
36000082,39467.0,87048.0,134700.0
36000083,44067.0,87098.0,134700.0
36000084,23267.0,114848.0,134700.0
36000085,23267.0,107148.0,134700.0
36000086,16867.0,106698.0,134700.0
36000087,23267.0,104348.0,134700.0
36000088,23267.0,101548.0,134700.0
36000089,23267.0,98548.0,134700.0
36000090,32067.0,106698.0,134700.0
36000091,28967.0,98548.0,134700.0
36000093,30367.0,101048.0,134700.0
36000094,26367.0,104348.0,134700.0
36000095,26367.0,107148.0,134700.0
36000096,26367.0,101548.0,134700.0
36000097,27767.0,114848.0,134700.0
36000098,28967.0,113448.0,134700.0
36000099,28967.0,110448.0,134700.0
36000100,28967.0,114848.0,134700.0
36000101,28967.0,108748.0,134700.0
36000102,13067.0,98548.0,134700.0
36000103,9467.0,98548.0,134700.0
36000104,28967.0,87048.0,134700.0
36000105,20667.0,87048.0,134700.0
36000106,39467.0,98548.0,134700.0
36000107,35867.0,98548.0,134700.0
36000108,35867.0,114848.0,134700.0
36000109,39467.0,114848.0,134700.0
36000110,28967.0,126348.0,134700.0
36000111,20667.0,126348.0,134700.0
36000112,13067.0,114848.0,134700.0
36000113,9467.0,114848.0,134700.0
36000114,24817.0,98548.0,134700.0
36000115,24817.0,87048.0,134700.0
36000116,24817.0,114848.0,134700.0
36000117,24817.0,126348.0,134700.0
36000118,29367.0,107148.0,134700.0
36000119,13067.0,106698.0,134700.0
36000120,9467.0,106698.0,134700.0
36000121,39467.0,106698.0,134700.0
36000122,35867.0,106698.0,134700.0
36000501,17817.0,108760.0,134700.0
36000502,18767.0,108773.0,134700.0
36000503,19717.0,108785.0,134700.0
36000504,20667.0,110870.0,134700.0
36000505,20667.0,112748.0,134700.0
36000506,18892.0,113648.0,134700.0
36000507,19467.0,99381.0,134700.0
36000508,19467.0,100214.0,134700.0
36000509,20667.0,99381.0,134700.0
36000510,20667.0,100214.0,134700.0
36000511,24648.0,106743.0,134700.0
37000001,16867.0,114848.0,138300.0
37000002,32067.0,114848.0,138300.0
37000003,26367.0,114848.0,138300.0
37000004,20667.0,114848.0,138300.0
37000005,26367.0,113448.0,138300.0
37000006,26367.0,110448.0,138300.0
37000007,20667.0,111848.0,138300.0
37000008,20667.0,108798.0,138300.0
37000009,23267.0,111848.0,138300.0
37000010,16867.0,108748.0,138300.0
37000011,32067.0,108748.0,138300.0
37000012,23267.0,108798.0,138300.0
37000013,16867.0,107148.0,138300.0
37000014,32067.0,107148.0,138300.0
37000015,20667.0,107148.0,138300.0
37000016,28967.0,107148.0,138300.0
37000017,16867.0,101048.0,138300.0
37000018,17767.0,107148.0,138300.0
37000019,17767.0,101048.0,138300.0
37000020,20667.0,104348.0,138300.0
37000021,28967.0,104348.0,138300.0
37000022,31167.0,107148.0,138300.0
37000023,31167.0,101048.0,138300.0
37000024,32067.0,101048.0,138300.0
37000025,20667.0,101548.0,138300.0
37000026,20667.0,101048.0,138300.0
37000027,28967.0,101548.0,138300.0
37000028,28967.0,101048.0,138300.0
37000029,20667.0,98548.0,138300.0
37000030,28267.0,98548.0,138300.0
37000031,26367.0,98548.0,138300.0
37000032,16867.0,98548.0,138300.0
37000033,32067.0,98548.0,138300.0
37000034,16867.0,110198.0,138300.0
37000035,32067.0,110198.0,138300.0
37000036,23267.0,109893.0,138300.0
37000037,27367.0,110448.0,138300.0
37000038,23267.0,106298.0,138300.0
37000039,26367.0,106298.0,138300.0
37000040,20167.0,107148.0,138300.0
37000041,23267.0,99593.0,138300.0
37000042,26367.0,99593.0,138300.0
37000043,18417.0,98548.0,138300.0
37000044,30517.0,98548.0,138300.0
37000045,20667.0,113648.0,138300.0
37000046,16867.0,113648.0,138300.0
37000047,19917.0,113648.0,138300.0
37000048,19917.0,114848.0,138300.0
37000049,17867.0,113648.0,138300.0
37000050,17867.0,114848.0,138300.0
37000051,27767.0,113448.0,138300.0
37000052,19467.0,98548.0,138300.0
37000053,19467.0,101048.0,138300.0
37000054,17767.0,103698.0,138300.0
37000055,16867.0,103698.0,138300.0
37000056,31167.0,103698.0,138300.0
37000057,32067.0,103698.0,138300.0
37000058,20667.0,106298.0,138300.0
37000059,28967.0,106298.0,138300.0
37000060,23267.0,113648.0,138300.0
37000061,20667.0,109893.0,138300.0
37000062,44067.0,98548.0,138300.0
37000063,44067.0,106698.0,138300.0
37000064,44067.0,114848.0,138300.0
37000065,4867.0,98548.0,138300.0
37000066,4867.0,106698.0,138300.0
37000067,4867.0,114848.0,138300.0
37000068,4867.0,126298.0,138300.0
37000069,9467.0,126348.0,138300.0
37000070,13067.0,126348.0,138300.0
37000071,16867.0,126298.0,138300.0
37000072,32067.0,126298.0,138300.0
37000073,35867.0,126348.0,138300.0
37000074,39467.0,126348.0,138300.0
37000075,44067.0,126298.0,138300.0
37000076,4867.0,87098.0,138300.0
37000077,9467.0,87048.0,138300.0
37000078,13067.0,87048.0,138300.0
37000079,16867.0,87098.0,138300.0
37000080,32067.0,87098.0,138300.0
37000081,35867.0,87048.0,138300.0
37000082,39467.0,87048.0,138300.0
37000083,44067.0,87098.0,138300.0
37000084,23267.0,114848.0,138300.0
37000085,23267.0,107148.0,138300.0
37000086,16867.0,106698.0,138300.0
37000087,23267.0,104348.0,138300.0
37000088,23267.0,101548.0,138300.0
37000089,23267.0,98548.0,138300.0
37000090,32067.0,106698.0,138300.0
37000091,28967.0,98548.0,138300.0
37000093,30367.0,101048.0,138300.0
37000094,26367.0,104348.0,138300.0
37000095,26367.0,107148.0,138300.0
37000096,26367.0,101548.0,138300.0
37000097,27767.0,114848.0,138300.0
37000098,28967.0,113448.0,138300.0
37000099,28967.0,110448.0,138300.0
37000100,28967.0,114848.0,138300.0
37000101,28967.0,108748.0,138300.0
37000102,13067.0,98548.0,138300.0
37000103,9467.0,98548.0,138300.0
37000104,28967.0,87048.0,138300.0
37000105,20667.0,87048.0,138300.0
37000106,39467.0,98548.0,138300.0
37000107,35867.0,98548.0,138300.0
37000108,35867.0,114848.0,138300.0
37000109,39467.0,114848.0,138300.0
37000110,28967.0,126348.0,138300.0
37000111,20667.0,126348.0,138300.0
37000112,13067.0,114848.0,138300.0
37000113,9467.0,114848.0,138300.0
37000114,24817.0,98548.0,138300.0
37000115,24817.0,87048.0,138300.0
37000116,24817.0,114848.0,138300.0
37000117,24817.0,126348.0,138300.0
37000118,29367.0,107148.0,138300.0
37000119,13067.0,106698.0,138300.0
37000120,9467.0,106698.0,138300.0
37000121,39467.0,106698.0,138300.0
37000122,35867.0,106698.0,138300.0
37000501,17817.0,108760.0,138300.0
37000502,18767.0,108773.0,138300.0
37000503,19717.0,108785.0,138300.0
37000504,20667.0,110870.0,138300.0
37000505,20667.0,112748.0,138300.0
37000506,18892.0,113648.0,138300.0
37000507,19467.0,99381.0,138300.0
37000508,19467.0,100214.0,138300.0
37000509,20667.0,99381.0,138300.0
37000510,20667.0,100214.0,138300.0
37000511,24648.0,106743.0,138299.0
38000001,16867.0,114848.0,141900.0
38000002,32067.0,114848.0,141900.0
38000003,26367.0,114848.0,141900.0
38000004,20667.0,114848.0,141900.0
38000005,26367.0,113448.0,141900.0
38000006,26367.0,110448.0,141900.0
38000007,20667.0,111848.0,141900.0
38000008,20667.0,108798.0,141900.0
38000009,23267.0,111848.0,141900.0
38000010,16867.0,108748.0,141900.0
38000011,32067.0,108748.0,141900.0
38000012,23267.0,108798.0,141900.0
38000013,16867.0,107148.0,141900.0
38000014,32067.0,107148.0,141900.0
38000015,20667.0,107148.0,141900.0
38000016,28967.0,107148.0,141900.0
38000017,16867.0,101048.0,141900.0
38000018,17767.0,107148.0,141900.0
38000019,17767.0,101048.0,141900.0
38000020,20667.0,104348.0,141900.0
38000021,28967.0,104348.0,141900.0
38000022,31167.0,107148.0,141900.0
38000023,31167.0,101048.0,141900.0
38000024,32067.0,101048.0,141900.0
38000025,20667.0,101548.0,141900.0
38000026,20667.0,101048.0,141900.0
38000027,28967.0,101548.0,141900.0
38000028,28967.0,101048.0,141900.0
38000029,20667.0,98548.0,141900.0
38000030,28267.0,98548.0,141900.0
38000031,26367.0,98548.0,141900.0
38000032,16867.0,98548.0,141900.0
38000033,32067.0,98548.0,141900.0
38000034,16867.0,110198.0,141900.0
38000035,32067.0,110198.0,141900.0
38000036,23267.0,109893.0,141900.0
38000037,27367.0,110448.0,141900.0
38000038,23267.0,106298.0,141900.0
38000039,26367.0,106298.0,141900.0
38000040,20167.0,107148.0,141900.0
38000041,23267.0,99593.0,141900.0
38000042,26367.0,99593.0,141900.0
38000043,18417.0,98548.0,141900.0
38000044,30517.0,98548.0,141900.0
38000045,20667.0,113648.0,141900.0
38000046,16867.0,113648.0,141900.0
38000047,19917.0,113648.0,141900.0
38000048,19917.0,114848.0,141900.0
38000049,17867.0,113648.0,141900.0
38000050,17867.0,114848.0,141900.0
38000051,27767.0,113448.0,141900.0
38000052,19467.0,98548.0,141900.0
38000053,19467.0,101048.0,141900.0
38000054,17767.0,103698.0,141900.0
38000055,16867.0,103698.0,141900.0
38000056,31167.0,103698.0,141900.0
38000057,32067.0,103698.0,141900.0
38000058,20667.0,106298.0,141900.0
38000059,28967.0,106298.0,141900.0
38000060,23267.0,113648.0,141900.0
38000061,20667.0,109893.0,141900.0
38000062,44067.0,98548.0,141900.0
38000063,44067.0,106698.0,141900.0
38000064,44067.0,114848.0,141900.0
38000065,4867.0,98548.0,141900.0
38000066,4867.0,106698.0,141900.0
38000067,4867.0,114848.0,141900.0
38000068,4867.0,126298.0,141900.0
38000069,9467.0,126348.0,141900.0
38000070,13067.0,126348.0,141900.0
38000071,16867.0,126298.0,141900.0
38000072,32067.0,126298.0,141900.0
38000073,35867.0,126348.0,141900.0
38000074,39467.0,126348.0,141900.0
38000075,44067.0,126298.0,141900.0
38000076,4867.0,87098.0,141900.0
38000077,9467.0,87048.0,141900.0
38000078,13067.0,87048.0,141900.0
38000079,16867.0,87098.0,141900.0
38000080,32067.0,87098.0,141900.0
38000081,35867.0,87048.0,141900.0
38000082,39467.0,87048.0,141900.0
38000083,44067.0,87098.0,141900.0
38000084,23267.0,114848.0,141900.0
38000085,23267.0,107148.0,141900.0
38000086,16867.0,106698.0,141900.0
38000087,23267.0,104348.0,141900.0
38000088,23267.0,101548.0,141900.0
38000089,23267.0,98548.0,141900.0
38000090,32067.0,106698.0,141900.0
38000091,28967.0,98548.0,141900.0
38000093,30367.0,101048.0,141900.0
38000094,26367.0,104348.0,141900.0
38000095,26367.0,107148.0,141900.0
38000096,26367.0,101548.0,141900.0
38000097,27767.0,114848.0,141900.0
38000098,28967.0,113448.0,141900.0
38000099,28967.0,110448.0,141900.0
38000100,28967.0,114848.0,141900.0
38000101,28967.0,108748.0,141900.0
38000102,13067.0,98548.0,141900.0
38000103,9467.0,98548.0,141900.0
38000104,28967.0,87048.0,141900.0
38000105,20667.0,87048.0,141900.0
38000106,39467.0,98548.0,141900.0
38000107,35867.0,98548.0,141900.0
38000108,35867.0,114848.0,141900.0
38000109,39467.0,114848.0,141900.0
38000110,28967.0,126348.0,141900.0
38000111,20667.0,126348.0,141900.0
38000112,13067.0,114848.0,141900.0
38000113,9467.0,114848.0,141900.0
38000114,24817.0,98548.0,141900.0
38000115,24817.0,87048.0,141900.0
38000116,24817.0,114848.0,141900.0
38000117,24817.0,126348.0,141900.0
38000118,29367.0,107148.0,141900.0
38000119,13067.0,106698.0,141900.0
38000120,9467.0,106698.0,141900.0
38000121,39467.0,106698.0,141900.0
38000122,35867.0,106698.0,141900.0
38000123,17767.0,114848.0,141900.0
38000124,16867.0,104348.0,141900.0
38000125,32067.0,101948.0,141900.0
38000127,16867.0,111798.0,141900.0
38000128,32067.0,105848.0,141900.0
38000130,27067.0,107148.0,141900.0
38000131,29767.0,101048.0,141900.0
38000510,17817.0,108760.0,141900.0
38000511,18767.0,108773.0,141900.0
38000512,19717.0,108785.0,141900.0
38000513,20667.0,110870.0,141900.0
38000514,20667.0,112748.0,141900.0
38000515,18892.0,113648.0,141900.0
38000516,19467.0,99381.0,141900.0
38000517,19467.0,100214.0,141900.0
38000518,20667.0,99381.0,141900.0
38000519,20667.0,100214.0,141900.0
38000520,24648.0,106744.0,141900.0
39000001,16867.0,114848.0,145500.0
39000002,20667.0,114848.0,145500.0
39000003,32067.0,114848.0,145500.0
39000004,26367.0,114848.0,145500.0
39000005,26367.0,113448.0,145500.0
39000006,26367.0,110448.0,145500.0
39000007,20667.0,111848.0,145500.0
39000008,20667.0,108798.0,145500.0
39000009,23267.0,111848.0,145500.0
39000010,16867.0,108748.0,145500.0
39000011,32067.0,108748.0,145500.0
39000012,23267.0,108798.0,145500.0
39000013,29367.0,107148.0,145500.0
39000014,20667.0,107148.0,145500.0
39000015,27067.0,107148.0,145500.0
39000016,28967.0,107148.0,145500.0
39000017,16867.0,101048.0,145500.0
39000018,20667.0,104348.0,145500.0
39000019,28967.0,104348.0,145500.0
39000020,32067.0,101048.0,145500.0
39000021,20667.0,101548.0,145500.0
39000022,20667.0,101048.0,145500.0
39000023,28967.0,101548.0,145500.0
39000024,28967.0,101048.0,145500.0
39000025,26367.0,98548.0,145500.0
39000026,16867.0,98548.0,145500.0
39000027,20667.0,98548.0,145500.0
39000028,32067.0,98548.0,145500.0
39000029,16867.0,110198.0,145500.0
39000030,32067.0,110198.0,145500.0
39000031,23267.0,109893.0,145500.0
39000032,27367.0,110448.0,145500.0
39000033,23267.0,106298.0,145500.0
39000034,26367.0,106298.0,145500.0
39000035,20167.0,107148.0,145500.0
39000036,23267.0,99593.0,145500.0
39000037,26367.0,99593.0,145500.0
39000038,18417.0,98548.0,145500.0
39000039,30517.0,98548.0,145500.0
39000040,35867.0,98548.0,145500.0
39000041,39667.0,98548.0,145500.0
39000042,35867.0,114848.0,145500.0
39000043,39667.0,114848.0,145500.0
39000044,9267.0,114848.0,145500.0
39000045,13067.0,114848.0,145500.0
39000046,9267.0,98548.0,145500.0
39000047,13067.0,98548.0,145500.0
39000048,16867.0,113648.0,145500.0
39000049,27767.0,113448.0,145500.0
39000050,19467.0,98548.0,145500.0
39000051,19467.0,101048.0,145500.0
39000053,17767.0,108748.0,145500.0
39000054,17767.0,114848.0,145500.0
39000055,17767.0,111798.0,145500.0
39000056,17767.0,113648.0,145500.0
39000057,16867.0,111798.0,145500.0
39000058,16867.0,105248.0,145500.0
39000059,20667.0,105248.0,145500.0
39000060,16867.0,104348.0,145500.0
39000061,18417.0,104348.0,145500.0
39000062,18417.0,105248.0,145500.0
39000063,19117.0,104348.0,145500.0
39000064,19117.0,105248.0,145500.0
39000065,32067.0,101948.0,145500.0
39000066,28967.0,101948.0,145500.0
39000067,29767.0,101048.0,145500.0
39000068,28967.0,105848.0,145500.0
39000069,32067.0,105848.0,145500.0
39000070,16867.0,107148.0,145500.0
39000071,32067.0,107148.0,145500.0
39000072,17767.0,107148.0,145500.0
39000073,31167.0,107148.0,145500.0
39000074,20667.0,106298.0,145500.0
39000075,28967.0,106298.0,145500.0
39000076,23267.0,113648.0,145500.0
39000077,20667.0,113648.0,145500.0
39000078,20667.0,109893.0,145500.0
39000079,4867.0,98548.0,145500.0
39000080,4867.0,106698.0,145500.0
39000081,4867.0,114848.0,145500.0
39000082,44067.0,98548.0,145500.0
39000083,44067.0,106698.0,145500.0
39000084,44067.0,114848.0,145500.0
39000085,4867.0,126298.0,145500.0
39000086,9267.0,126348.0,145500.0
39000087,13067.0,126348.0,145500.0
39000088,16867.0,126298.0,145500.0
39000089,20667.0,126348.0,145500.0
39000090,32067.0,126298.0,145500.0
39000091,35867.0,126348.0,145500.0
39000092,39667.0,126348.0,145500.0
39000093,44067.0,126298.0,145500.0
39000094,4867.0,87098.0,145500.0
39000095,9267.0,87048.0,145500.0
39000096,13067.0,87048.0,145500.0
39000097,16867.0,87098.0,145500.0
39000098,20667.0,87048.0,145500.0
39000099,32067.0,87098.0,145500.0
39000100,35867.0,87048.0,145500.0
39000101,39667.0,87048.0,145500.0
39000102,44067.0,87098.0,145500.0
39000103,23267.0,114848.0,145500.0
39000104,16867.0,106698.0,145500.0
39000105,23267.0,107148.0,145500.0
39000106,23267.0,104348.0,145500.0
39000107,23267.0,101548.0,145500.0
39000108,23267.0,98548.0,145500.0
39000109,25667.0,107148.0,145500.0
39000110,25667.0,104348.0,145500.0
39000111,25667.0,101548.0,145500.0
39000112,32067.0,106698.0,145500.0
39000113,28967.0,98548.0,145500.0
39000115,30367.0,101048.0,145500.0
39000116,29767.0,101948.0,145500.0
39000117,30517.0,105848.0,145500.0
39000118,30517.0,107148.0,145500.0
39000119,26367.0,101548.0,145500.0
39000120,26367.0,104348.0,145500.0
39000121,26367.0,107148.0,145500.0
39000122,27767.0,114848.0,145500.0
39000123,28967.0,113448.0,145500.0
39000124,28967.0,110448.0,145500.0
39000125,28967.0,114848.0,145500.0
39000126,28967.0,108748.0,145500.0
39000127,28967.0,87048.0,145500.0
39000128,24817.0,98548.0,145500.0
39000129,24817.0,87048.0,145500.0
39000130,28967.0,126348.0,145500.0
39000131,24817.0,114848.0,145500.0
39000132,24817.0,126348.0,145500.0
39000133,28267.0,98548.0,145500.0
39000134,13067.0,106698.0,145500.0
39000135,9267.0,106698.0,145500.0
39000136,39667.0,106698.0,145500.0
39000137,35867.0,106698.0,145500.0
39000461,19467.0,99381.0,145500.0
39000462,19467.0,100214.0,145500.0
39000463,20667.0,99381.0,145500.0
39000464,20667.0,100214.0,145500.0
39000465,17767.0,112723.0,145500.0
39000466,20667.0,102481.0,145500.0
39000467,20667.0,103414.0,145500.0
39000468,19892.0,104348.0,145500.0
39000469,17642.0,104348.0,145500.0
39000470,17642.0,105248.0,145500.0
39000471,18733.0,108764.0,145500.0
39000472,19700.0,108781.0,145500.0
39000473,16867.0,107948.0,145500.0
39000474,19892.0,105248.0,145500.0
39000475,24665.0,106714.0,145500.0
40000001,16867.0,114848.0,149100.0
40000002,20667.0,114848.0,149100.0
40000003,32067.0,114848.0,149100.0
40000004,26367.0,114848.0,149100.0
40000005,26367.0,113448.0,149100.0
40000006,26367.0,110448.0,149100.0
40000007,20667.0,111848.0,149100.0
40000008,20667.0,108798.0,149100.0
40000009,23267.0,111848.0,149100.0
40000010,16867.0,108748.0,149100.0
40000011,32067.0,108748.0,149100.0
40000012,23267.0,108798.0,149100.0
40000013,29367.0,107148.0,149100.0
40000014,20667.0,107148.0,149100.0
40000015,27067.0,107148.0,149100.0
40000016,28967.0,107148.0,149100.0
40000017,16867.0,101048.0,149100.0
40000018,20667.0,104348.0,149100.0
40000019,28967.0,104348.0,149100.0
40000020,32067.0,101048.0,149100.0
40000021,20667.0,101548.0,149100.0
40000022,20667.0,101048.0,149100.0
40000023,28967.0,101548.0,149100.0
40000024,28967.0,101048.0,149100.0
40000025,26367.0,98548.0,149100.0
40000026,16867.0,98548.0,149100.0
40000027,20667.0,98548.0,149100.0
40000028,32067.0,98548.0,149100.0
40000029,16867.0,110198.0,149100.0
40000030,32067.0,110198.0,149100.0
40000031,23267.0,109893.0,149100.0
40000032,27367.0,110448.0,149100.0
40000033,23267.0,106298.0,149100.0
40000034,26367.0,106298.0,149100.0
40000035,20167.0,107148.0,149100.0
40000036,23267.0,99593.0,149100.0
40000037,26367.0,99593.0,149100.0
40000038,18417.0,98548.0,149100.0
40000039,30517.0,98548.0,149100.0
40000040,35867.0,98548.0,149100.0
40000041,39667.0,98548.0,149100.0
40000042,35867.0,114848.0,149100.0
40000043,39667.0,114848.0,149100.0
40000044,9267.0,114848.0,149100.0
40000045,13067.0,114848.0,149100.0
40000046,9267.0,98548.0,149100.0
40000047,13067.0,98548.0,149100.0
40000048,16867.0,113648.0,149100.0
40000049,27767.0,113448.0,149100.0
40000050,19467.0,98548.0,149100.0
40000051,19467.0,101048.0,149100.0
40000053,17767.0,108748.0,149100.0
40000054,17767.0,114848.0,149100.0
40000055,17767.0,111798.0,149100.0
40000056,17767.0,113648.0,149100.0
40000057,16867.0,111798.0,149100.0
40000058,16867.0,105248.0,149100.0
40000059,20667.0,105248.0,149100.0
40000060,16867.0,104348.0,149100.0
40000061,18417.0,104348.0,149100.0
40000062,18417.0,105248.0,149100.0
40000063,19117.0,104348.0,149100.0
40000064,19117.0,105248.0,149100.0
40000065,32067.0,101948.0,149100.0
40000066,28967.0,101948.0,149100.0
40000067,29767.0,101048.0,149100.0
40000068,28967.0,105848.0,149100.0
40000069,32067.0,105848.0,149100.0
40000070,16867.0,107148.0,149100.0
40000071,32067.0,107148.0,149100.0
40000072,17767.0,107148.0,149100.0
40000073,31167.0,107148.0,149100.0
40000074,20667.0,106298.0,149100.0
40000075,28967.0,106298.0,149100.0
40000076,23267.0,113648.0,149100.0
40000077,20667.0,113648.0,149100.0
40000078,20667.0,109893.0,149100.0
40000079,4867.0,98548.0,149100.0
40000080,4867.0,106698.0,149100.0
40000081,4867.0,114848.0,149100.0
40000082,44067.0,98548.0,149100.0
40000083,44067.0,106698.0,149100.0
40000084,44067.0,114848.0,149100.0
40000085,4867.0,126298.0,149100.0
40000086,9267.0,126348.0,149100.0
40000087,13067.0,126348.0,149100.0
40000088,16867.0,126298.0,149100.0
40000089,20667.0,126348.0,149100.0
40000090,32067.0,126298.0,149100.0
40000091,35867.0,126348.0,149100.0
40000092,39667.0,126348.0,149100.0
40000093,44067.0,126298.0,149100.0
40000094,4867.0,87098.0,149100.0
40000095,9267.0,87048.0,149100.0
40000096,13067.0,87048.0,149100.0
40000097,16867.0,87098.0,149100.0
40000098,20667.0,87048.0,149100.0
40000099,32067.0,87098.0,149100.0
40000100,35867.0,87048.0,149100.0
40000101,39667.0,87048.0,149100.0
40000102,44067.0,87098.0,149100.0
40000103,23267.0,114848.0,149100.0
40000104,16867.0,106698.0,149100.0
40000105,23267.0,107148.0,149100.0
40000106,23267.0,104348.0,149100.0
40000107,23267.0,101548.0,149100.0
40000108,23267.0,98548.0,149100.0
40000109,25667.0,107148.0,149100.0
40000110,25667.0,104348.0,149100.0
40000111,25667.0,101548.0,149100.0
40000112,32067.0,106698.0,149100.0
40000113,28967.0,98548.0,149100.0
40000115,30367.0,101048.0,149100.0
40000116,29767.0,101948.0,149100.0
40000117,30517.0,105848.0,149100.0
40000118,30517.0,107148.0,149100.0
40000119,26367.0,101548.0,149100.0
40000120,26367.0,104348.0,149100.0
40000121,26367.0,107148.0,149100.0
40000122,27767.0,114848.0,149100.0
40000123,28967.0,113448.0,149100.0
40000124,28967.0,110448.0,149100.0
40000125,28967.0,114848.0,149100.0
40000126,28967.0,108748.0,149100.0
40000127,28967.0,87048.0,149100.0
40000128,24817.0,98548.0,149100.0
40000129,24817.0,87048.0,149100.0
40000130,28967.0,126348.0,149100.0
40000131,24817.0,114848.0,149100.0
40000132,24817.0,126348.0,149100.0
40000133,28267.0,98548.0,149100.0
40000134,13067.0,106698.0,149100.0
40000135,9267.0,106698.0,149100.0
40000136,39667.0,106698.0,149100.0
40000137,35867.0,106698.0,149100.0
40000461,19467.0,99381.0,149100.0
40000462,19467.0,100214.0,149100.0
40000463,20667.0,99381.0,149100.0
40000464,20667.0,100214.0,149100.0
40000465,17767.0,112723.0,149100.0
40000466,20667.0,102481.0,149100.0
40000467,20667.0,103414.0,149100.0
40000468,19892.0,104348.0,149100.0
40000469,17642.0,104348.0,149100.0
40000470,17642.0,105248.0,149100.0
40000471,18733.0,108764.0,149100.0
40000472,19700.0,108781.0,149100.0
40000473,16867.0,107948.0,149100.0
40000474,19892.0,105248.0,149100.0
40000475,24665.0,106714.0,149100.0
41000001,16867.0,114848.0,152700.0
41000002,20667.0,114848.0,152700.0
41000003,32067.0,114848.0,152700.0
41000004,26367.0,114848.0,152700.0
41000005,26367.0,113448.0,152700.0
41000006,26367.0,110448.0,152700.0
41000007,20667.0,111848.0,152700.0
41000008,20667.0,108798.0,152700.0
41000009,23267.0,111848.0,152700.0
41000010,16867.0,108748.0,152700.0
41000011,32067.0,108748.0,152700.0
41000012,23267.0,108798.0,152700.0
41000013,29367.0,107148.0,152700.0
41000014,20667.0,107148.0,152700.0
41000015,27067.0,107148.0,152700.0
41000016,28967.0,107148.0,152700.0
41000017,16867.0,101048.0,152700.0
41000018,20667.0,104348.0,152700.0
41000019,28967.0,104348.0,152700.0
41000020,32067.0,101048.0,152700.0
41000021,20667.0,101548.0,152700.0
41000022,20667.0,101048.0,152700.0
41000023,28967.0,101548.0,152700.0
41000024,28967.0,101048.0,152700.0
41000025,26367.0,98548.0,152700.0
41000026,16867.0,98548.0,152700.0
41000027,20667.0,98548.0,152700.0
41000028,32067.0,98548.0,152700.0
41000029,16867.0,110198.0,152700.0
41000030,32067.0,110198.0,152700.0
41000031,23267.0,109893.0,152700.0
41000032,27367.0,110448.0,152700.0
41000033,23267.0,106298.0,152700.0
41000034,26367.0,106298.0,152700.0
41000035,20167.0,107148.0,152700.0
41000036,23267.0,99593.0,152700.0
41000037,26367.0,99593.0,152700.0
41000038,18417.0,98548.0,152700.0
41000039,30517.0,98548.0,152700.0
41000040,35867.0,98548.0,152700.0
41000041,39667.0,98548.0,152700.0
41000042,35867.0,114848.0,152700.0
41000043,39667.0,114848.0,152700.0
41000044,9267.0,114848.0,152700.0
41000045,13067.0,114848.0,152700.0
41000046,9267.0,98548.0,152700.0
41000047,13067.0,98548.0,152700.0
41000048,16867.0,113648.0,152700.0
41000049,27767.0,113448.0,152700.0
41000050,19467.0,98548.0,152700.0
41000051,19467.0,101048.0,152700.0
41000053,17767.0,108748.0,152700.0
41000054,17767.0,114848.0,152700.0
41000055,17767.0,111798.0,152700.0
41000056,17767.0,113648.0,152700.0
41000057,16867.0,111798.0,152700.0
41000058,16867.0,105248.0,152700.0
41000059,20667.0,105248.0,152700.0
41000060,16867.0,104348.0,152700.0
41000061,18417.0,104348.0,152700.0
41000062,18417.0,105248.0,152700.0
41000063,19117.0,104348.0,152700.0
41000064,19117.0,105248.0,152700.0
41000065,32067.0,101948.0,152700.0
41000066,28967.0,101948.0,152700.0
41000067,29767.0,101048.0,152700.0
41000068,28967.0,105848.0,152700.0
41000069,32067.0,105848.0,152700.0
41000070,16867.0,107148.0,152700.0
41000071,32067.0,107148.0,152700.0
41000072,17767.0,107148.0,152700.0
41000073,31167.0,107148.0,152700.0
41000074,20667.0,106298.0,152700.0
41000075,28967.0,106298.0,152700.0
41000076,23267.0,113648.0,152700.0
41000077,20667.0,113648.0,152700.0
41000078,20667.0,109893.0,152700.0
41000079,4867.0,98548.0,152700.0
41000080,4867.0,106698.0,152700.0
41000081,4867.0,114848.0,152700.0
41000082,44067.0,98548.0,152700.0
41000083,44067.0,106698.0,152700.0
41000084,44067.0,114848.0,152700.0
41000085,4867.0,126298.0,152700.0
41000086,9267.0,126348.0,152700.0
41000087,13067.0,126348.0,152700.0
41000088,16867.0,126298.0,152700.0
41000089,20667.0,126348.0,152700.0
41000090,32067.0,126298.0,152700.0
41000091,35867.0,126348.0,152700.0
41000092,39667.0,126348.0,152700.0
41000093,44067.0,126298.0,152700.0
41000094,4867.0,87098.0,152700.0
41000095,9267.0,87048.0,152700.0
41000096,13067.0,87048.0,152700.0
41000097,16867.0,87098.0,152700.0
41000098,20667.0,87048.0,152700.0
41000099,32067.0,87098.0,152700.0
41000100,35867.0,87048.0,152700.0
41000101,39667.0,87048.0,152700.0
41000102,44067.0,87098.0,152700.0
41000103,23267.0,114848.0,152700.0
41000104,16867.0,106698.0,152700.0
41000105,23267.0,107148.0,152700.0
41000106,23267.0,104348.0,152700.0
41000107,23267.0,101548.0,152700.0
41000108,23267.0,98548.0,152700.0
41000109,25667.0,107148.0,152700.0
41000110,25667.0,104348.0,152700.0
41000111,25667.0,101548.0,152700.0
41000112,32067.0,106698.0,152700.0
41000113,28967.0,98548.0,152700.0
41000115,30367.0,101048.0,152700.0
41000116,29767.0,101948.0,152700.0
41000117,30517.0,105848.0,152700.0
41000118,30517.0,107148.0,152700.0
41000119,26367.0,101548.0,152700.0
41000120,26367.0,104348.0,152700.0
41000121,26367.0,107148.0,152700.0
41000122,27767.0,114848.0,152700.0
41000123,28967.0,113448.0,152700.0
41000124,28967.0,110448.0,152700.0
41000125,28967.0,114848.0,152700.0
41000126,28967.0,108748.0,152700.0
41000127,28967.0,87048.0,152700.0
41000128,24817.0,98548.0,152700.0
41000129,24817.0,87048.0,152700.0
41000130,28967.0,126348.0,152700.0
41000131,24817.0,114848.0,152700.0
41000132,24817.0,126348.0,152700.0
41000133,28267.0,98548.0,152700.0
41000134,13067.0,106698.0,152700.0
41000135,9267.0,106698.0,152700.0
41000136,39667.0,106698.0,152700.0
41000137,35867.0,106698.0,152700.0
41000461,19467.0,99381.0,152700.0
41000462,19467.0,100214.0,152700.0
41000463,20667.0,99381.0,152700.0
41000464,20667.0,100214.0,152700.0
41000465,17767.0,112723.0,152700.0
41000466,20667.0,102481.0,152700.0
41000467,20667.0,103414.0,152700.0
41000468,19892.0,104348.0,152700.0
41000469,17642.0,104348.0,152700.0
41000470,17642.0,105248.0,152700.0
41000471,18733.0,108764.0,152700.0
41000472,19700.0,108781.0,152700.0
41000473,16867.0,107948.0,152700.0
41000474,19892.0,105248.0,152700.0
41000475,24665.0,106714.0,152700.0
42000001,16867.0,114848.0,156300.0
42000002,20667.0,114848.0,156300.0
42000003,32067.0,114848.0,156300.0
42000004,26367.0,114848.0,156300.0
42000005,26367.0,113448.0,156300.0
42000006,26367.0,110448.0,156300.0
42000007,20667.0,111848.0,156300.0
42000008,20667.0,108798.0,156300.0
42000009,23267.0,111848.0,156300.0
42000010,16867.0,108748.0,156300.0
42000011,32067.0,108748.0,156300.0
42000012,23267.0,108798.0,156300.0
42000013,29367.0,107148.0,156300.0
42000014,20667.0,107148.0,156300.0
42000015,27067.0,107148.0,156300.0
42000016,28967.0,107148.0,156300.0
42000017,16867.0,101048.0,156300.0
42000018,20667.0,104348.0,156300.0
42000019,28967.0,104348.0,156300.0
42000020,32067.0,101048.0,156300.0
42000021,20667.0,101548.0,156300.0
42000022,20667.0,101048.0,156300.0
42000023,28967.0,101548.0,156300.0
42000024,28967.0,101048.0,156300.0
42000025,26367.0,98548.0,156300.0
42000026,16867.0,98548.0,156300.0
42000027,20667.0,98548.0,156300.0
42000028,32067.0,98548.0,156300.0
42000029,16867.0,110198.0,156300.0
42000030,32067.0,110198.0,156300.0
42000031,23267.0,109893.0,156300.0
42000032,27367.0,110448.0,156300.0
42000033,23267.0,106298.0,156300.0
42000034,26367.0,106298.0,156300.0
42000035,20167.0,107148.0,156300.0
42000036,23267.0,99593.0,156300.0
42000037,26367.0,99593.0,156300.0
42000038,18417.0,98548.0,156300.0
42000039,30517.0,98548.0,156300.0
42000040,35867.0,98548.0,156300.0
42000041,39667.0,98548.0,156300.0
42000042,35867.0,114848.0,156300.0
42000043,39667.0,114848.0,156300.0
42000044,9267.0,114848.0,156300.0
42000045,13067.0,114848.0,156300.0
42000046,9267.0,98548.0,156300.0
42000047,13067.0,98548.0,156300.0
42000048,16867.0,113648.0,156300.0
42000049,27767.0,113448.0,156300.0
42000050,19467.0,98548.0,156300.0
42000051,19467.0,101048.0,156300.0
42000053,17767.0,108748.0,156300.0
42000054,17767.0,114848.0,156300.0
42000055,17767.0,111798.0,156300.0
42000056,17767.0,113648.0,156300.0
42000057,16867.0,111798.0,156300.0
42000058,16867.0,105248.0,156300.0
42000059,20667.0,105248.0,156300.0
42000060,16867.0,104348.0,156300.0
42000061,18417.0,104348.0,156300.0
42000062,18417.0,105248.0,156300.0
42000063,19117.0,104348.0,156300.0
42000064,19117.0,105248.0,156300.0
42000065,32067.0,101948.0,156300.0
42000066,28967.0,101948.0,156300.0
42000067,29767.0,101048.0,156300.0
42000068,28967.0,105848.0,156300.0
42000069,32067.0,105848.0,156300.0
42000070,16867.0,107148.0,156300.0
42000071,32067.0,107148.0,156300.0
42000072,17767.0,107148.0,156300.0
42000073,31167.0,107148.0,156300.0
42000074,20667.0,106298.0,156300.0
42000075,28967.0,106298.0,156300.0
42000076,23267.0,113648.0,156300.0
42000077,20667.0,113648.0,156300.0
42000078,20667.0,109893.0,156300.0
42000079,4867.0,98548.0,156300.0
42000080,4867.0,106698.0,156300.0
42000081,4867.0,114848.0,156300.0
42000082,44067.0,98548.0,156300.0
42000083,44067.0,106698.0,156300.0
42000084,44067.0,114848.0,156300.0
42000085,4867.0,126298.0,156300.0
42000086,9267.0,126348.0,156300.0
42000087,13067.0,126348.0,156300.0
42000088,16867.0,126298.0,156300.0
42000089,20667.0,126348.0,156300.0
42000090,32067.0,126298.0,156300.0
42000091,35867.0,126348.0,156300.0
42000092,39667.0,126348.0,156300.0
42000093,44067.0,126298.0,156300.0
42000094,4867.0,87098.0,156300.0
42000095,9267.0,87048.0,156300.0
42000096,13067.0,87048.0,156300.0
42000097,16867.0,87098.0,156300.0
42000098,20667.0,87048.0,156300.0
42000099,32067.0,87098.0,156300.0
42000100,35867.0,87048.0,156300.0
42000101,39667.0,87048.0,156300.0
42000102,44067.0,87098.0,156300.0
42000103,23267.0,114848.0,156300.0
42000104,16867.0,106698.0,156300.0
42000105,23267.0,107148.0,156300.0
42000106,23267.0,104348.0,156300.0
42000107,23267.0,101548.0,156300.0
42000108,23267.0,98548.0,156300.0
42000109,25667.0,107148.0,156300.0
42000110,25667.0,104348.0,156300.0
42000111,25667.0,101548.0,156300.0
42000112,32067.0,106698.0,156300.0
42000113,28967.0,98548.0,156300.0
42000115,30367.0,101048.0,156300.0
42000116,29767.0,101948.0,156300.0
42000117,30517.0,105848.0,156300.0
42000118,30517.0,107148.0,156300.0
42000119,26367.0,101548.0,156300.0
42000120,26367.0,104348.0,156300.0
42000121,26367.0,107148.0,156300.0
42000122,27767.0,114848.0,156300.0
42000123,28967.0,113448.0,156300.0
42000124,28967.0,110448.0,156300.0
42000125,28967.0,114848.0,156300.0
42000126,28967.0,108748.0,156300.0
42000127,28967.0,87048.0,156300.0
42000128,24817.0,98548.0,156300.0
42000129,24817.0,87048.0,156300.0
42000130,28967.0,126348.0,156300.0
42000131,24817.0,114848.0,156300.0
42000132,24817.0,126348.0,156300.0
42000133,28267.0,98548.0,156300.0
42000134,13067.0,106698.0,156300.0
42000135,9267.0,106698.0,156300.0
42000136,39667.0,106698.0,156300.0
42000137,35867.0,106698.0,156300.0
42000461,19467.0,99381.0,156300.0
42000462,19467.0,100214.0,156300.0
42000463,20667.0,99381.0,156300.0
42000464,20667.0,100214.0,156300.0
42000465,17767.0,112723.0,156300.0
42000466,20667.0,102481.0,156300.0
42000467,20667.0,103414.0,156300.0
42000468,19892.0,104348.0,156300.0
42000469,17642.0,104348.0,156300.0
42000470,17642.0,105248.0,156300.0
42000471,18733.0,108764.0,156300.0
42000472,19700.0,108781.0,156300.0
42000473,16867.0,107948.0,156300.0
42000474,19892.0,105248.0,156300.0
42000475,24665.0,106714.0,156300.0
43000001,16867.0,114848.0,159900.0
43000002,20667.0,114848.0,159900.0
43000003,32067.0,114848.0,159900.0
43000004,26367.0,114848.0,159900.0
43000005,26367.0,113448.0,159900.0
43000006,26367.0,110448.0,159900.0
43000007,20667.0,111848.0,159900.0
43000008,20667.0,108798.0,159900.0
43000009,23267.0,111848.0,159900.0
43000010,16867.0,108748.0,159900.0
43000011,32067.0,108748.0,159900.0
43000012,23267.0,108798.0,159900.0
43000013,29367.0,107148.0,159900.0
43000014,20667.0,107148.0,159900.0
43000015,27067.0,107148.0,159900.0
43000016,28967.0,107148.0,159900.0
43000017,16867.0,101048.0,159900.0
43000018,20667.0,104348.0,159900.0
43000019,28967.0,104348.0,159900.0
43000020,32067.0,101048.0,159900.0
43000021,20667.0,101548.0,159900.0
43000022,20667.0,101048.0,159900.0
43000023,28967.0,101548.0,159900.0
43000024,28967.0,101048.0,159900.0
43000025,26367.0,98548.0,159900.0
43000026,16867.0,98548.0,159900.0
43000027,20667.0,98548.0,159900.0
43000028,32067.0,98548.0,159900.0
43000029,16867.0,110198.0,159900.0
43000030,32067.0,110198.0,159900.0
43000031,23267.0,109893.0,159900.0
43000032,27367.0,110448.0,159900.0
43000033,23267.0,106298.0,159900.0
43000034,26367.0,106298.0,159900.0
43000035,20167.0,107148.0,159900.0
43000036,23267.0,99593.0,159900.0
43000037,26367.0,99593.0,159900.0
43000038,18417.0,98548.0,159900.0
43000039,30517.0,98548.0,159900.0
43000040,35867.0,98548.0,159900.0
43000041,39667.0,98548.0,159900.0
43000042,35867.0,114848.0,159900.0
43000043,39667.0,114848.0,159900.0
43000044,9267.0,114848.0,159900.0
43000045,13067.0,114848.0,159900.0
43000046,9267.0,98548.0,159900.0
43000047,13067.0,98548.0,159900.0
43000048,16867.0,113648.0,159900.0
43000049,27767.0,113448.0,159900.0
43000050,19467.0,98548.0,159900.0
43000051,19467.0,101048.0,159900.0
43000053,17767.0,108748.0,159900.0
43000054,17767.0,114848.0,159900.0
43000055,17767.0,111798.0,159900.0
43000056,17767.0,113648.0,159900.0
43000057,16867.0,111798.0,159900.0
43000058,16867.0,105248.0,159900.0
43000059,20667.0,105248.0,159900.0
43000060,16867.0,104348.0,159900.0
43000061,18417.0,104348.0,159900.0
43000062,18417.0,105248.0,159900.0
43000063,19117.0,104348.0,159900.0
43000064,19117.0,105248.0,159900.0
43000065,32067.0,101948.0,159900.0
43000066,28967.0,101948.0,159900.0
43000067,29767.0,101048.0,159900.0
43000068,28967.0,105848.0,159900.0
43000069,32067.0,105848.0,159900.0
43000070,16867.0,107148.0,159900.0
43000071,32067.0,107148.0,159900.0
43000072,17767.0,107148.0,159900.0
43000073,31167.0,107148.0,159900.0
43000074,20667.0,106298.0,159900.0
43000075,28967.0,106298.0,159900.0
43000076,23267.0,113648.0,159900.0
43000077,20667.0,113648.0,159900.0
43000078,20667.0,109893.0,159900.0
43000079,4867.0,98548.0,159900.0
43000080,4867.0,106698.0,159900.0
43000081,4867.0,114848.0,159900.0
43000082,44067.0,98548.0,159900.0
43000083,44067.0,106698.0,159900.0
43000084,44067.0,114848.0,159900.0
43000085,4867.0,126298.0,159900.0
43000086,9267.0,126348.0,159900.0
43000087,13067.0,126348.0,159900.0
43000088,16867.0,126298.0,159900.0
43000089,20667.0,126348.0,159900.0
43000090,32067.0,126298.0,159900.0
43000091,35867.0,126348.0,159900.0
43000092,39667.0,126348.0,159900.0
43000093,44067.0,126298.0,159900.0
43000094,4867.0,87098.0,159900.0
43000095,9267.0,87048.0,159900.0
43000096,13067.0,87048.0,159900.0
43000097,16867.0,87098.0,159900.0
43000098,20667.0,87048.0,159900.0
43000099,32067.0,87098.0,159900.0
43000100,35867.0,87048.0,159900.0
43000101,39667.0,87048.0,159900.0
43000102,44067.0,87098.0,159900.0
43000103,23267.0,114848.0,159900.0
43000104,16867.0,106698.0,159900.0
43000105,23267.0,107148.0,159900.0
43000106,23267.0,104348.0,159900.0
43000107,23267.0,101548.0,159900.0
43000108,23267.0,98548.0,159900.0
43000109,25667.0,107148.0,159900.0
43000110,25667.0,104348.0,159900.0
43000111,25667.0,101548.0,159900.0
43000112,32067.0,106698.0,159900.0
43000113,28967.0,98548.0,159900.0
43000115,30367.0,101048.0,159900.0
43000116,29767.0,101948.0,159900.0
43000117,30517.0,105848.0,159900.0
43000118,30517.0,107148.0,159900.0
43000119,26367.0,101548.0,159900.0
43000120,26367.0,104348.0,159900.0
43000121,26367.0,107148.0,159900.0
43000122,27767.0,114848.0,159900.0
43000123,28967.0,113448.0,159900.0
43000124,28967.0,110448.0,159900.0
43000125,28967.0,114848.0,159900.0
43000126,28967.0,108748.0,159900.0
43000127,28967.0,87048.0,159900.0
43000128,24817.0,98548.0,159900.0
43000129,24817.0,87048.0,159900.0
43000130,28967.0,126348.0,159900.0
43000131,24817.0,114848.0,159900.0
43000132,24817.0,126348.0,159900.0
43000133,28267.0,98548.0,159900.0
43000134,13067.0,106698.0,159900.0
43000135,9267.0,106698.0,159900.0
43000136,39667.0,106698.0,159900.0
43000137,35867.0,106698.0,159900.0
43000461,19467.0,99381.0,159900.0
43000462,19467.0,100214.0,159900.0
43000463,20667.0,99381.0,159900.0
43000464,20667.0,100214.0,159900.0
43000465,17767.0,112723.0,159900.0
43000466,20667.0,102481.0,159900.0
43000467,20667.0,103414.0,159900.0
43000468,19892.0,104348.0,159900.0
43000469,17642.0,104348.0,159900.0
43000470,17642.0,105248.0,159900.0
43000471,18733.0,108764.0,159900.0
43000472,19700.0,108781.0,159900.0
43000473,16867.0,107948.0,159900.0
43000474,19892.0,105248.0,159900.0
43000475,24665.0,106714.0,159900.0
44000001,16867.0,114848.0,163500.0
44000002,20667.0,114848.0,163500.0
44000003,32067.0,114848.0,163500.0
44000004,26367.0,114848.0,163500.0
44000005,26367.0,113448.0,163500.0
44000006,26367.0,110448.0,163500.0
44000007,20667.0,111848.0,163500.0
44000008,20667.0,108798.0,163500.0
44000009,23267.0,111848.0,163500.0
44000010,16867.0,108748.0,163500.0
44000011,32067.0,108748.0,163500.0
44000012,23267.0,108798.0,163500.0
44000013,29367.0,107148.0,163500.0
44000014,20667.0,107148.0,163500.0
44000015,27067.0,107148.0,163500.0
44000016,28967.0,107148.0,163500.0
44000017,16867.0,101048.0,163500.0
44000018,20667.0,104348.0,163500.0
44000019,28967.0,104348.0,163500.0
44000020,32067.0,101048.0,163500.0
44000021,20667.0,101548.0,163500.0
44000022,20667.0,101048.0,163500.0
44000023,28967.0,101548.0,163500.0
44000024,28967.0,101048.0,163500.0
44000025,26367.0,98548.0,163500.0
44000026,16867.0,98548.0,163500.0
44000027,20667.0,98548.0,163500.0
44000028,32067.0,98548.0,163500.0
44000029,16867.0,110198.0,163500.0
44000030,32067.0,110198.0,163500.0
44000031,23267.0,109893.0,163500.0
44000032,27367.0,110448.0,163500.0
44000033,23267.0,106298.0,163500.0
44000034,26367.0,106298.0,163500.0
44000035,20167.0,107148.0,163500.0
44000036,23267.0,99593.0,163500.0
44000037,26367.0,99593.0,163500.0
44000038,18417.0,98548.0,163500.0
44000039,30517.0,98548.0,163500.0
44000040,35867.0,98548.0,163500.0
44000041,39667.0,98548.0,163500.0
44000042,35867.0,114848.0,163500.0
44000043,39667.0,114848.0,163500.0
44000044,9267.0,114848.0,163500.0
44000045,13067.0,114848.0,163500.0
44000046,9267.0,98548.0,163500.0
44000047,13067.0,98548.0,163500.0
44000048,16867.0,113648.0,163500.0
44000049,27767.0,113448.0,163500.0
44000050,19467.0,98548.0,163500.0
44000051,19467.0,101048.0,163500.0
44000053,17767.0,108748.0,163500.0
44000054,17767.0,114848.0,163500.0
44000055,17767.0,111798.0,163500.0
44000056,17767.0,113648.0,163500.0
44000057,16867.0,111798.0,163500.0
44000058,16867.0,105248.0,163500.0
44000059,20667.0,105248.0,163500.0
44000060,16867.0,104348.0,163500.0
44000061,18417.0,104348.0,163500.0
44000062,18417.0,105248.0,163500.0
44000063,19117.0,104348.0,163500.0
44000064,19117.0,105248.0,163500.0
44000065,32067.0,101948.0,163500.0
44000066,28967.0,101948.0,163500.0
44000067,29767.0,101048.0,163500.0
44000068,28967.0,105848.0,163500.0
44000069,32067.0,105848.0,163500.0
44000070,16867.0,107148.0,163500.0
44000071,32067.0,107148.0,163500.0
44000072,17767.0,107148.0,163500.0
44000073,31167.0,107148.0,163500.0
44000074,20667.0,106298.0,163500.0
44000075,28967.0,106298.0,163500.0
44000076,23267.0,113648.0,163500.0
44000077,20667.0,113648.0,163500.0
44000078,20667.0,109893.0,163500.0
44000079,4867.0,98548.0,163500.0
44000080,4867.0,106698.0,163500.0
44000081,4867.0,114848.0,163500.0
44000082,44067.0,98548.0,163500.0
44000083,44067.0,106698.0,163500.0
44000084,44067.0,114848.0,163500.0
44000085,4867.0,126298.0,163500.0
44000086,9267.0,126348.0,163500.0
44000087,13067.0,126348.0,163500.0
44000088,16867.0,126298.0,163500.0
44000089,20667.0,126348.0,163500.0
44000090,32067.0,126298.0,163500.0
44000091,35867.0,126348.0,163500.0
44000092,39667.0,126348.0,163500.0
44000093,44067.0,126298.0,163500.0
44000094,4867.0,87098.0,163500.0
44000095,9267.0,87048.0,163500.0
44000096,13067.0,87048.0,163500.0
44000097,16867.0,87098.0,163500.0
44000098,20667.0,87048.0,163500.0
44000099,32067.0,87098.0,163500.0
44000100,35867.0,87048.0,163500.0
44000101,39667.0,87048.0,163500.0
44000102,44067.0,87098.0,163500.0
44000103,23267.0,114848.0,163500.0
44000104,16867.0,106698.0,163500.0
44000105,23267.0,107148.0,163500.0
44000106,23267.0,104348.0,163500.0
44000107,23267.0,101548.0,163500.0
44000108,23267.0,98548.0,163500.0
44000109,25667.0,107148.0,163500.0
44000110,25667.0,104348.0,163500.0
44000111,25667.0,101548.0,163500.0
44000112,32067.0,106698.0,163500.0
44000113,28967.0,98548.0,163500.0
44000115,30367.0,101048.0,163500.0
44000116,29767.0,101948.0,163500.0
44000117,30517.0,105848.0,163500.0
44000118,30517.0,107148.0,163500.0
44000119,26367.0,101548.0,163500.0
44000120,26367.0,104348.0,163500.0
44000121,26367.0,107148.0,163500.0
44000122,27767.0,114848.0,163500.0
44000123,28967.0,113448.0,163500.0
44000124,28967.0,110448.0,163500.0
44000125,28967.0,114848.0,163500.0
44000126,28967.0,108748.0,163500.0
44000127,28967.0,87048.0,163500.0
44000128,24817.0,98548.0,163500.0
44000129,24817.0,87048.0,163500.0
44000130,28967.0,126348.0,163500.0
44000131,24817.0,114848.0,163500.0
44000132,24817.0,126348.0,163500.0
44000133,28267.0,98548.0,163500.0
44000134,13067.0,106698.0,163500.0
44000135,9267.0,106698.0,163500.0
44000136,39667.0,106698.0,163500.0
44000137,35867.0,106698.0,163500.0
44000461,19467.0,99381.0,163500.0
44000462,19467.0,100214.0,163500.0
44000463,20667.0,99381.0,163500.0
44000464,20667.0,100214.0,163500.0
44000465,17767.0,112723.0,163500.0
44000466,20667.0,102481.0,163500.0
44000467,20667.0,103414.0,163500.0
44000468,19892.0,104348.0,163500.0
44000469,17642.0,104348.0,163500.0
44000470,17642.0,105248.0,163500.0
44000471,18733.0,108764.0,163500.0
44000472,19700.0,108781.0,163500.0
44000473,16867.0,107948.0,163500.0
44000474,19892.0,105248.0,163500.0
44000475,24665.0,106714.0,163500.0
45000001,16867.0,114848.0,167100.0
45000002,20667.0,114848.0,167100.0
45000003,32067.0,114848.0,167100.0
45000004,26367.0,114848.0,167100.0
45000005,26367.0,113448.0,167100.0
45000006,26367.0,110448.0,167100.0
45000007,20667.0,111848.0,167100.0
45000008,20667.0,108798.0,167100.0
45000009,23267.0,111848.0,167100.0
45000010,16867.0,108748.0,167100.0
45000011,32067.0,108748.0,167100.0
45000012,23267.0,108798.0,167100.0
45000013,29367.0,107148.0,167100.0
45000014,20667.0,107148.0,167100.0
45000015,27067.0,107148.0,167100.0
45000016,28967.0,107148.0,167100.0
45000017,16867.0,101048.0,167100.0
45000018,20667.0,104348.0,167100.0
45000019,28967.0,104348.0,167100.0
45000020,32067.0,101048.0,167100.0
45000021,20667.0,101548.0,167100.0
45000022,20667.0,101048.0,167100.0
45000023,28967.0,101548.0,167100.0
45000024,28967.0,101048.0,167100.0
45000025,26367.0,98548.0,167100.0
45000026,16867.0,98548.0,167100.0
45000027,20667.0,98548.0,167100.0
45000028,32067.0,98548.0,167100.0
45000029,16867.0,110198.0,167100.0
45000030,32067.0,110198.0,167100.0
45000031,23267.0,109893.0,167100.0
45000032,27367.0,110448.0,167100.0
45000033,23267.0,106298.0,167100.0
45000034,26367.0,106298.0,167100.0
45000035,20167.0,107148.0,167100.0
45000036,23267.0,99593.0,167100.0
45000037,26367.0,99593.0,167100.0
45000038,18417.0,98548.0,167100.0
45000039,30517.0,98548.0,167100.0
45000040,35867.0,98548.0,167100.0
45000041,39667.0,98548.0,167100.0
45000042,35867.0,114848.0,167100.0
45000043,39667.0,114848.0,167100.0
45000044,9267.0,114848.0,167100.0
45000045,13067.0,114848.0,167100.0
45000046,9267.0,98548.0,167100.0
45000047,13067.0,98548.0,167100.0
45000048,16867.0,113648.0,167100.0
45000049,27767.0,113448.0,167100.0
45000050,19467.0,98548.0,167100.0
45000051,19467.0,101048.0,167100.0
45000053,17767.0,108748.0,167100.0
45000054,17767.0,114848.0,167100.0
45000055,17767.0,111798.0,167100.0
45000056,17767.0,113648.0,167100.0
45000057,16867.0,111798.0,167100.0
45000058,16867.0,105248.0,167100.0
45000059,20667.0,105248.0,167100.0
45000060,16867.0,104348.0,167100.0
45000061,18417.0,104348.0,167100.0
45000062,18417.0,105248.0,167100.0
45000063,19117.0,104348.0,167100.0
45000064,19117.0,105248.0,167100.0
45000065,32067.0,101948.0,167100.0
45000066,28967.0,101948.0,167100.0
45000067,29767.0,101048.0,167100.0
45000068,28967.0,105848.0,167100.0
45000069,32067.0,105848.0,167100.0
45000070,16867.0,107148.0,167100.0
45000071,32067.0,107148.0,167100.0
45000072,17767.0,107148.0,167100.0
45000073,31167.0,107148.0,167100.0
45000074,20667.0,106298.0,167100.0
45000075,28967.0,106298.0,167100.0
45000076,23267.0,113648.0,167100.0
45000077,20667.0,113648.0,167100.0
45000078,20667.0,109893.0,167100.0
45000079,4867.0,98548.0,167100.0
45000080,4867.0,106698.0,167100.0
45000081,4867.0,114848.0,167100.0
45000082,44067.0,98548.0,167100.0
45000083,44067.0,106698.0,167100.0
45000084,44067.0,114848.0,167100.0
45000085,4867.0,126298.0,167100.0
45000086,9267.0,126348.0,167100.0
45000087,13067.0,126348.0,167100.0
45000088,16867.0,126298.0,167100.0
45000089,20667.0,126348.0,167100.0
45000090,32067.0,126298.0,167100.0
45000091,35867.0,126348.0,167100.0
45000092,39667.0,126348.0,167100.0
45000093,44067.0,126298.0,167100.0
45000094,4867.0,87098.0,167100.0
45000095,9267.0,87048.0,167100.0
45000096,13067.0,87048.0,167100.0
45000097,16867.0,87098.0,167100.0
45000098,20667.0,87048.0,167100.0
45000099,32067.0,87098.0,167100.0
45000100,35867.0,87048.0,167100.0
45000101,39667.0,87048.0,167100.0
45000102,44067.0,87098.0,167100.0
45000103,23267.0,114848.0,167100.0
45000104,16867.0,106698.0,167100.0
45000105,23267.0,107148.0,167100.0
45000106,23267.0,104348.0,167100.0
45000107,23267.0,101548.0,167100.0
45000108,23267.0,98548.0,167100.0
45000109,25667.0,107148.0,167100.0
45000110,25667.0,104348.0,167100.0
45000111,25667.0,101548.0,167100.0
45000112,32067.0,106698.0,167100.0
45000113,28967.0,98548.0,167100.0
45000115,30367.0,101048.0,167100.0
45000116,29767.0,101948.0,167100.0
45000117,30517.0,105848.0,167100.0
45000118,30517.0,107148.0,167100.0
45000119,26367.0,101548.0,167100.0
45000120,26367.0,104348.0,167100.0
45000121,26367.0,107148.0,167100.0
45000122,27767.0,114848.0,167100.0
45000123,28967.0,113448.0,167100.0
45000124,28967.0,110448.0,167100.0
45000125,28967.0,114848.0,167100.0
45000126,28967.0,108748.0,167100.0
45000127,28967.0,87048.0,167100.0
45000128,24817.0,98548.0,167100.0
45000129,24817.0,87048.0,167100.0
45000130,28967.0,126348.0,167100.0
45000131,24817.0,114848.0,167100.0
45000132,24817.0,126348.0,167100.0
45000133,28267.0,98548.0,167100.0
45000134,13067.0,106698.0,167100.0
45000135,9267.0,106698.0,167100.0
45000136,39667.0,106698.0,167100.0
45000137,35867.0,106698.0,167100.0
45000461,19467.0,99381.0,167100.0
45000462,19467.0,100214.0,167100.0
45000463,20667.0,99381.0,167100.0
45000464,20667.0,100214.0,167100.0
45000465,17767.0,112723.0,167100.0
45000466,20667.0,102481.0,167100.0
45000467,20667.0,103414.0,167100.0
45000468,19892.0,104348.0,167100.0
45000469,17642.0,104348.0,167100.0
45000470,17642.0,105248.0,167100.0
45000471,18733.0,108764.0,167100.0
45000472,19700.0,108781.0,167100.0
45000473,16867.0,107948.0,167100.0
45000474,19892.0,105248.0,167100.0
45000475,24665.0,106714.0,167100.0
46000001,16867.0,114848.0,170700.0
46000002,20667.0,114848.0,170700.0
46000003,32067.0,114848.0,170700.0
46000004,26367.0,114848.0,170700.0
46000005,26367.0,113448.0,170700.0
46000006,26367.0,110448.0,170700.0
46000007,20667.0,111848.0,170700.0
46000008,20667.0,108798.0,170700.0
46000009,23267.0,111848.0,170700.0
46000010,16867.0,108748.0,170700.0
46000011,32067.0,108748.0,170700.0
46000012,23267.0,108798.0,170700.0
46000013,29367.0,107148.0,170700.0
46000014,20667.0,107148.0,170700.0
46000015,27067.0,107148.0,170700.0
46000016,28967.0,107148.0,170700.0
46000017,16867.0,101048.0,170700.0
46000018,20667.0,104348.0,170700.0
46000019,28967.0,104348.0,170700.0
46000020,32067.0,101048.0,170700.0
46000021,20667.0,101548.0,170700.0
46000022,20667.0,101048.0,170700.0
46000023,28967.0,101548.0,170700.0
46000024,28967.0,101048.0,170700.0
46000025,26367.0,98548.0,170700.0
46000026,16867.0,98548.0,170700.0
46000027,20667.0,98548.0,170700.0
46000028,32067.0,98548.0,170700.0
46000029,16867.0,110198.0,170700.0
46000030,32067.0,110198.0,170700.0
46000031,23267.0,109893.0,170700.0
46000032,27367.0,110448.0,170700.0
46000033,23267.0,106298.0,170700.0
46000034,26367.0,106298.0,170700.0
46000035,20167.0,107148.0,170700.0
46000036,23267.0,99593.0,170700.0
46000037,26367.0,99593.0,170700.0
46000038,18417.0,98548.0,170700.0
46000039,30517.0,98548.0,170700.0
46000040,35867.0,98548.0,170700.0
46000041,39667.0,98548.0,170700.0
46000042,35867.0,114848.0,170700.0
46000043,39667.0,114848.0,170700.0
46000044,9267.0,114848.0,170700.0
46000045,13067.0,114848.0,170700.0
46000046,9267.0,98548.0,170700.0
46000047,13067.0,98548.0,170700.0
46000048,16867.0,113648.0,170700.0
46000049,27767.0,113448.0,170700.0
46000050,19467.0,98548.0,170700.0
46000051,19467.0,101048.0,170700.0
46000053,17767.0,108748.0,170700.0
46000054,17767.0,114848.0,170700.0
46000055,17767.0,111798.0,170700.0
46000056,17767.0,113648.0,170700.0
46000057,16867.0,111798.0,170700.0
46000058,16867.0,105248.0,170700.0
46000059,20667.0,105248.0,170700.0
46000060,16867.0,104348.0,170700.0
46000061,18417.0,104348.0,170700.0
46000062,18417.0,105248.0,170700.0
46000063,19117.0,104348.0,170700.0
46000064,19117.0,105248.0,170700.0
46000065,32067.0,101948.0,170700.0
46000066,28967.0,101948.0,170700.0
46000067,29767.0,101048.0,170700.0
46000068,28967.0,105848.0,170700.0
46000069,32067.0,105848.0,170700.0
46000070,16867.0,107148.0,170700.0
46000071,32067.0,107148.0,170700.0
46000072,17767.0,107148.0,170700.0
46000073,31167.0,107148.0,170700.0
46000074,20667.0,106298.0,170700.0
46000075,28967.0,106298.0,170700.0
46000076,23267.0,113648.0,170700.0
46000077,20667.0,113648.0,170700.0
46000078,20667.0,109893.0,170700.0
46000079,4867.0,98548.0,170700.0
46000080,4867.0,106698.0,170700.0
46000081,4867.0,114848.0,170700.0
46000082,44067.0,98548.0,170700.0
46000083,44067.0,106698.0,170700.0
46000084,44067.0,114848.0,170700.0
46000085,4867.0,126298.0,170700.0
46000086,9267.0,126348.0,170700.0
46000087,13067.0,126348.0,170700.0
46000088,16867.0,126298.0,170700.0
46000089,20667.0,126348.0,170700.0
46000090,32067.0,126298.0,170700.0
46000091,35867.0,126348.0,170700.0
46000092,39667.0,126348.0,170700.0
46000093,44067.0,126298.0,170700.0
46000094,4867.0,87098.0,170700.0
46000095,9267.0,87048.0,170700.0
46000096,13067.0,87048.0,170700.0
46000097,16867.0,87098.0,170700.0
46000098,20667.0,87048.0,170700.0
46000099,32067.0,87098.0,170700.0
46000100,35867.0,87048.0,170700.0
46000101,39667.0,87048.0,170700.0
46000102,44067.0,87098.0,170700.0
46000103,23267.0,114848.0,170700.0
46000104,16867.0,106698.0,170700.0
46000105,23267.0,107148.0,170700.0
46000106,23267.0,104348.0,170700.0
46000107,23267.0,101548.0,170700.0
46000108,23267.0,98548.0,170700.0
46000109,25667.0,107148.0,170700.0
46000110,25667.0,104348.0,170700.0
46000111,25667.0,101548.0,170700.0
46000112,32067.0,106698.0,170700.0
46000113,28967.0,98548.0,170700.0
46000115,30367.0,101048.0,170700.0
46000116,29767.0,101948.0,170700.0
46000117,30517.0,105848.0,170700.0
46000118,30517.0,107148.0,170700.0
46000119,26367.0,101548.0,170700.0
46000120,26367.0,104348.0,170700.0
46000121,26367.0,107148.0,170700.0
46000122,27767.0,114848.0,170700.0
46000123,28967.0,113448.0,170700.0
46000124,28967.0,110448.0,170700.0
46000125,28967.0,114848.0,170700.0
46000126,28967.0,108748.0,170700.0
46000127,28967.0,87048.0,170700.0
46000128,24817.0,98548.0,170700.0
46000129,24817.0,87048.0,170700.0
46000130,28967.0,126348.0,170700.0
46000131,24817.0,114848.0,170700.0
46000132,24817.0,126348.0,170700.0
46000133,28267.0,98548.0,170700.0
46000134,13067.0,106698.0,170700.0
46000135,9267.0,106698.0,170700.0
46000136,39667.0,106698.0,170700.0
46000137,35867.0,106698.0,170700.0
46000461,19467.0,99381.0,170700.0
46000462,19467.0,100214.0,170700.0
46000463,20667.0,99381.0,170700.0
46000464,20667.0,100214.0,170700.0
46000465,17767.0,112723.0,170700.0
46000466,20667.0,102481.0,170700.0
46000467,20667.0,103414.0,170700.0
46000468,19892.0,104348.0,170700.0
46000469,17642.0,104348.0,170700.0
46000470,17642.0,105248.0,170700.0
46000471,18733.0,108764.0,170700.0
46000472,19700.0,108781.0,170700.0
46000473,16867.0,107948.0,170700.0
46000474,19892.0,105248.0,170700.0
46000475,24665.0,106714.0,170700.0
47000001,16867.0,114848.0,174300.0
47000002,20667.0,114848.0,174300.0
47000003,32067.0,114848.0,174300.0
47000004,26367.0,114848.0,174300.0
47000005,26367.0,113448.0,174300.0
47000006,26367.0,110448.0,174300.0
47000007,20667.0,111848.0,174300.0
47000008,20667.0,108798.0,174300.0
47000009,23267.0,111848.0,174300.0
47000010,16867.0,108748.0,174300.0
47000011,32067.0,108748.0,174300.0
47000012,23267.0,108798.0,174300.0
47000013,29367.0,107148.0,174300.0
47000014,20667.0,107148.0,174300.0
47000015,27067.0,107148.0,174300.0
47000016,28967.0,107148.0,174300.0
47000017,16867.0,101048.0,174300.0
47000018,20667.0,104348.0,174300.0
47000019,28967.0,104348.0,174300.0
47000020,32067.0,101048.0,174300.0
47000021,20667.0,101548.0,174300.0
47000022,20667.0,101048.0,174300.0
47000023,28967.0,101548.0,174300.0
47000024,28967.0,101048.0,174300.0
47000025,26367.0,98548.0,174300.0
47000026,16867.0,98548.0,174300.0
47000027,20667.0,98548.0,174300.0
47000028,32067.0,98548.0,174300.0
47000029,16867.0,110198.0,174300.0
47000030,32067.0,110198.0,174300.0
47000031,23267.0,109893.0,174300.0
47000032,27367.0,110448.0,174300.0
47000033,23267.0,106298.0,174300.0
47000034,26367.0,106298.0,174300.0
47000035,20167.0,107148.0,174300.0
47000036,23267.0,99593.0,174300.0
47000037,26367.0,99593.0,174300.0
47000038,18417.0,98548.0,174300.0
47000039,30517.0,98548.0,174300.0
47000040,35867.0,98548.0,174300.0
47000041,39667.0,98548.0,174300.0
47000042,35867.0,114848.0,174300.0
47000043,39667.0,114848.0,174300.0
47000044,9267.0,114848.0,174300.0
47000045,13067.0,114848.0,174300.0
47000046,9267.0,98548.0,174300.0
47000047,13067.0,98548.0,174300.0
47000048,16867.0,113648.0,174300.0
47000049,27767.0,113448.0,174300.0
47000050,19467.0,98548.0,174300.0
47000051,19467.0,101048.0,174300.0
47000053,17767.0,108748.0,174300.0
47000054,17767.0,114848.0,174300.0
47000055,17767.0,111798.0,174300.0
47000056,17767.0,113648.0,174300.0
47000057,16867.0,111798.0,174300.0
47000058,16867.0,105248.0,174300.0
47000059,20667.0,105248.0,174300.0
47000060,16867.0,104348.0,174300.0
47000061,18417.0,104348.0,174300.0
47000062,18417.0,105248.0,174300.0
47000063,19117.0,104348.0,174300.0
47000064,19117.0,105248.0,174300.0
47000065,32067.0,101948.0,174300.0
47000066,28967.0,101948.0,174300.0
47000067,29767.0,101048.0,174300.0
47000068,28967.0,105848.0,174300.0
47000069,32067.0,105848.0,174300.0
47000070,16867.0,107148.0,174300.0
47000071,32067.0,107148.0,174300.0
47000072,17767.0,107148.0,174300.0
47000073,31167.0,107148.0,174300.0
47000074,20667.0,106298.0,174300.0
47000075,28967.0,106298.0,174300.0
47000076,23267.0,113648.0,174300.0
47000077,20667.0,113648.0,174300.0
47000078,20667.0,109893.0,174300.0
47000079,4867.0,98548.0,174300.0
47000080,4867.0,106698.0,174300.0
47000081,4867.0,114848.0,174300.0
47000082,44067.0,98548.0,174300.0
47000083,44067.0,106698.0,174300.0
47000084,44067.0,114848.0,174300.0
47000085,4867.0,126298.0,174300.0
47000086,9267.0,126348.0,174300.0
47000087,13067.0,126348.0,174300.0
47000088,16867.0,126298.0,174300.0
47000089,20667.0,126348.0,174300.0
47000090,32067.0,126298.0,174300.0
47000091,35867.0,126348.0,174300.0
47000092,39667.0,126348.0,174300.0
47000093,44067.0,126298.0,174300.0
47000094,4867.0,87098.0,174300.0
47000095,9267.0,87048.0,174300.0
47000096,13067.0,87048.0,174300.0
47000097,16867.0,87098.0,174300.0
47000098,20667.0,87048.0,174300.0
47000099,32067.0,87098.0,174300.0
47000100,35867.0,87048.0,174300.0
47000101,39667.0,87048.0,174300.0
47000102,44067.0,87098.0,174300.0
47000103,23267.0,114848.0,174300.0
47000104,16867.0,106698.0,174300.0
47000105,23267.0,107148.0,174300.0
47000106,23267.0,104348.0,174300.0
47000107,23267.0,101548.0,174300.0
47000108,23267.0,98548.0,174300.0
47000109,25667.0,107148.0,174300.0
47000110,25667.0,104348.0,174300.0
47000111,25667.0,101548.0,174300.0
47000112,32067.0,106698.0,174300.0
47000113,28967.0,98548.0,174300.0
47000115,30367.0,101048.0,174300.0
47000116,29767.0,101948.0,174300.0
47000117,30517.0,105848.0,174300.0
47000118,30517.0,107148.0,174300.0
47000119,26367.0,101548.0,174300.0
47000120,26367.0,104348.0,174300.0
47000121,26367.0,107148.0,174300.0
47000122,27767.0,114848.0,174300.0
47000123,28967.0,113448.0,174300.0
47000124,28967.0,110448.0,174300.0
47000125,28967.0,114848.0,174300.0
47000126,28967.0,108748.0,174300.0
47000127,28967.0,87048.0,174300.0
47000128,24817.0,98548.0,174300.0
47000129,24817.0,87048.0,174300.0
47000130,28967.0,126348.0,174300.0
47000131,24817.0,114848.0,174300.0
47000132,24817.0,126348.0,174300.0
47000133,28267.0,98548.0,174300.0
47000134,13067.0,106698.0,174300.0
47000135,9267.0,106698.0,174300.0
47000136,39667.0,106698.0,174300.0
47000137,35867.0,106698.0,174300.0
47000138,21767.0,108798.0,174300.0
47000139,21767.0,107148.0,174300.0
47000140,16867.0,103798.0,174300.0
47000141,32067.0,103798.0,174300.0
47000142,27367.0,107148.0,174300.0
47000143,17217.0,107148.0,174300.0
47000144,31717.0,107148.0,174300.0
47000468,19467.0,99381.0,174300.0
47000469,19467.0,100214.0,174300.0
47000470,20667.0,99381.0,174300.0
47000471,20667.0,100214.0,174300.0
47000472,17767.0,112723.0,174300.0
47000473,20667.0,102481.0,174300.0
47000474,20667.0,103414.0,174300.0
47000475,19892.0,104348.0,174300.0
47000476,17642.0,104348.0,174300.0
47000477,17642.0,105248.0,174300.0
47000478,18733.0,108764.0,174300.0
47000479,19700.0,108781.0,174300.0
47000480,16867.0,107948.0,174300.0
47000481,19892.0,105248.0,174300.0
47000482,24665.0,106714.0,174300.0
48000001,16867.0,114848.0,177900.0
48000002,20667.0,114848.0,177900.0
48000003,32067.0,114848.0,177900.0
48000004,26367.0,114848.0,177900.0
48000005,26367.0,113448.0,177900.0
48000006,26367.0,110448.0,177900.0
48000007,20667.0,111848.0,177900.0
48000008,20667.0,108798.0,177900.0
48000009,23267.0,111848.0,177900.0
48000010,16867.0,108748.0,177900.0
48000011,32067.0,108748.0,177900.0
48000012,23267.0,108798.0,177900.0
48000013,20667.0,107123.0,177900.0
48000014,28967.0,107148.0,177900.0
48000015,16867.0,101048.0,177900.0
48000016,20667.0,104348.0,177900.0
48000017,28967.0,104348.0,177900.0
48000018,32067.0,101048.0,177900.0
48000019,23267.0,104348.0,177900.0
48000020,26367.0,104348.0,177900.0
48000021,20667.0,101548.0,177900.0
48000022,20667.0,101048.0,177900.0
48000023,23267.0,101548.0,177900.0
48000024,26367.0,101548.0,177900.0
48000025,28967.0,101548.0,177900.0
48000026,28967.0,101048.0,177900.0
48000027,26367.0,98548.0,177900.0
48000028,16867.0,98548.0,177900.0
48000029,20667.0,98548.0,177900.0
48000030,28267.0,98548.0,177900.0
48000031,32067.0,98548.0,177900.0
48000032,16867.0,110198.0,177900.0
48000033,32067.0,110198.0,177900.0
48000034,23267.0,109893.0,177900.0
48000035,27367.0,110448.0,177900.0
48000036,23267.0,106298.0,177900.0
48000037,26367.0,106298.0,177900.0
48000038,20167.0,107098.0,177900.0
48000039,23267.0,99593.0,177900.0
48000040,26367.0,99593.0,177900.0
48000041,18417.0,98548.0,177900.0
48000042,30517.0,98548.0,177900.0
48000043,35867.0,98548.0,177900.0
48000044,39667.0,98548.0,177900.0
48000045,35867.0,114848.0,177900.0
48000046,39667.0,114848.0,177900.0
48000047,9267.0,114848.0,177900.0
48000048,13067.0,114848.0,177900.0
48000049,9267.0,98548.0,177900.0
48000050,13067.0,98548.0,177900.0
48000051,16867.0,113648.0,177900.0
48000052,27767.0,113448.0,177900.0
48000053,19467.0,98548.0,177900.0
48000054,19467.0,101048.0,177900.0
48000055,17767.0,108748.0,177900.0
48000056,17767.0,114848.0,177900.0
48000057,17767.0,111798.0,177900.0
48000058,17767.0,113648.0,177900.0
48000059,16867.0,111798.0,177900.0
48000060,16867.0,103798.0,177900.0
48000061,32067.0,103798.0,177900.0
48000062,27367.0,107148.0,177900.0
48000063,21767.0,107148.0,177900.0
48000064,21767.0,108798.0,177900.0
48000065,20667.0,106298.0,177900.0
48000066,28967.0,106298.0,177900.0
48000067,23267.0,113648.0,177900.0
48000068,20667.0,113648.0,177900.0
48000069,20667.0,109893.0,177900.0
48000070,44067.0,98548.0,177900.0
48000071,44067.0,106698.0,177900.0
48000072,44067.0,114848.0,177900.0
48000073,4867.0,98548.0,177900.0
48000074,4867.0,114848.0,177900.0
48000075,4867.0,106698.0,177900.0
48000076,4867.0,126298.0,177900.0
48000077,9267.0,126348.0,177900.0
48000078,13067.0,126348.0,177900.0
48000079,16867.0,126298.0,177900.0
48000080,20667.0,126348.0,177900.0
48000081,32067.0,126298.0,177900.0
48000082,35867.0,126348.0,177900.0
48000083,39667.0,126348.0,177900.0
48000084,44067.0,126298.0,177900.0
48000085,4867.0,87098.0,177900.0
48000086,9267.0,87048.0,177900.0
48000087,13067.0,87048.0,177900.0
48000088,16867.0,87098.0,177900.0
48000089,20667.0,87048.0,177900.0
48000090,32067.0,87098.0,177900.0
48000091,35867.0,87048.0,177900.0
48000092,39667.0,87048.0,177900.0
48000093,44067.0,87098.0,177900.0
48000094,23267.0,114848.0,177900.0
48000095,23267.0,107148.0,177900.0
48000096,23267.0,98548.0,177900.0
48000097,17217.0,107148.0,177900.0
48000098,31717.0,107148.0,177900.0
48000099,28967.0,98548.0,177900.0
48000101,30367.0,101048.0,177900.0
48000102,26367.0,107148.0,177900.0
48000103,27767.0,114848.0,177900.0
48000104,28967.0,113448.0,177900.0
48000105,28967.0,110448.0,177900.0
48000106,28967.0,114848.0,177900.0
48000107,28967.0,108748.0,177900.0
48000108,24817.0,98548.0,177900.0
48000109,24817.0,87048.0,177900.0
48000110,28967.0,87048.0,177900.0
48000111,28967.0,126348.0,177900.0
48000112,24817.0,114848.0,177900.0
48000113,24817.0,126348.0,177900.0
48000114,39667.0,106863.0,177900.0
48000115,35867.0,107005.0,177900.0
48000116,13067.0,107005.0,177900.0
48000117,9267.0,106863.0,177900.0
48000135,31717.0,107148.0,177100.0
48000437,19467.0,99381.0,177900.0
48000438,19467.0,100214.0,177900.0
48000439,20667.0,99381.0,177900.0
48000440,20667.0,100214.0,177900.0
48000441,17767.0,112723.0,177900.0
48000442,20667.0,102481.0,177900.0
48000443,20667.0,103414.0,177900.0
48000444,20667.0,105323.0,177900.0
48000445,18200.0,107131.0,177900.0
48000446,19183.0,107114.0,177900.0
48000447,16983.0,104914.0,177900.0
48000448,17100.0,106031.0,177900.0
48000449,21767.0,107973.0,177900.0
48000450,18733.0,108764.0,177900.0
48000451,19700.0,108781.0,177900.0
48000452,17042.0,107948.0,177900.0
48000453,31855.0,105828.0,177900.0
48000454,24449.0,106705.0,177900.0
49000001,16867.0,114848.0,181500.0
49000002,20667.0,114848.0,181500.0
49000003,32067.0,114848.0,181500.0
49000004,26367.0,114848.0,181500.0
49000005,26367.0,113448.0,181500.0
49000006,26367.0,110448.0,181500.0
49000007,20667.0,111848.0,181500.0
49000008,20667.0,108798.0,181500.0
49000009,23267.0,111848.0,181500.0
49000010,16867.0,108748.0,181500.0
49000011,32067.0,108748.0,181500.0
49000012,23267.0,108798.0,181500.0
49000013,20667.0,107123.0,181500.0
49000014,28967.0,107148.0,181500.0
49000015,16867.0,101048.0,181500.0
49000016,20667.0,104348.0,181500.0
49000017,28967.0,104348.0,181500.0
49000018,32067.0,101048.0,181500.0
49000019,23267.0,104348.0,181500.0
49000020,26367.0,104348.0,181500.0
49000021,20667.0,101548.0,181500.0
49000022,20667.0,101048.0,181500.0
49000023,23267.0,101548.0,181500.0
49000024,26367.0,101548.0,181500.0
49000025,28967.0,101548.0,181500.0
49000026,28967.0,101048.0,181500.0
49000027,26367.0,98548.0,181500.0
49000028,16867.0,98548.0,181500.0
49000029,20667.0,98548.0,181500.0
49000030,28267.0,98548.0,181500.0
49000031,32067.0,98548.0,181500.0
49000032,16867.0,110198.0,181500.0
49000033,32067.0,110198.0,181500.0
49000034,23267.0,109893.0,181500.0
49000035,27367.0,110448.0,181500.0
49000036,23267.0,106298.0,181500.0
49000037,26367.0,106298.0,181500.0
49000038,20167.0,107098.0,181500.0
49000039,23267.0,99593.0,181500.0
49000040,26367.0,99593.0,181500.0
49000041,18417.0,98548.0,181500.0
49000042,30517.0,98548.0,181500.0
49000043,35867.0,98548.0,181500.0
49000044,39667.0,98548.0,181500.0
49000045,35867.0,114848.0,181500.0
49000046,39667.0,114848.0,181500.0
49000047,9267.0,114848.0,181500.0
49000048,13067.0,114848.0,181500.0
49000049,9267.0,98548.0,181500.0
49000050,13067.0,98548.0,181500.0
49000051,16867.0,113648.0,181500.0
49000052,27767.0,113448.0,181500.0
49000053,19467.0,98548.0,181500.0
49000054,19467.0,101048.0,181500.0
49000055,17767.0,108748.0,181500.0
49000056,17767.0,114848.0,181500.0
49000057,17767.0,111798.0,181500.0
49000058,17767.0,113648.0,181500.0
49000059,16867.0,111798.0,181500.0
49000060,16867.0,103798.0,181500.0
49000061,32067.0,103798.0,181500.0
49000062,27367.0,107148.0,181500.0
49000063,21767.0,107148.0,181500.0
49000064,21767.0,108798.0,181500.0
49000065,20667.0,106298.0,181500.0
49000066,28967.0,106298.0,181500.0
49000067,23267.0,113648.0,181500.0
49000068,20667.0,113648.0,181500.0
49000069,20667.0,109893.0,181500.0
49000070,44067.0,98548.0,181500.0
49000071,44067.0,106698.0,181500.0
49000072,44067.0,114848.0,181500.0
49000073,4867.0,98548.0,181500.0
49000074,4867.0,114848.0,181500.0
49000075,4867.0,106698.0,181500.0
49000076,4867.0,126298.0,181500.0
49000077,9267.0,126348.0,181500.0
49000078,13067.0,126348.0,181500.0
49000079,16867.0,126298.0,181500.0
49000080,20667.0,126348.0,181500.0
49000081,32067.0,126298.0,181500.0
49000082,35867.0,126348.0,181500.0
49000083,39667.0,126348.0,181500.0
49000084,44067.0,126298.0,181500.0
49000085,4867.0,87098.0,181500.0
49000086,9267.0,87048.0,181500.0
49000087,13067.0,87048.0,181500.0
49000088,16867.0,87098.0,181500.0
49000089,20667.0,87048.0,181500.0
49000090,32067.0,87098.0,181500.0
49000091,35867.0,87048.0,181500.0
49000092,39667.0,87048.0,181500.0
49000093,44067.0,87098.0,181500.0
49000094,23267.0,114848.0,181500.0
49000095,23267.0,107148.0,181500.0
49000096,23267.0,98548.0,181500.0
49000097,17217.0,107148.0,181500.0
49000098,31717.0,107148.0,181500.0
49000099,28967.0,98548.0,181500.0
49000101,30367.0,101048.0,181500.0
49000102,26367.0,107148.0,181500.0
49000103,27767.0,114848.0,181500.0
49000104,28967.0,113448.0,181500.0
49000105,28967.0,110448.0,181500.0
49000106,28967.0,114848.0,181500.0
49000107,28967.0,108748.0,181500.0
49000108,24817.0,98548.0,181500.0
49000109,24817.0,87048.0,181500.0
49000110,28967.0,87048.0,181500.0
49000111,28967.0,126348.0,181500.0
49000112,24817.0,114848.0,181500.0
49000113,24817.0,126348.0,181500.0
49000114,39667.0,106863.0,181500.0
49000115,35867.0,107005.0,181500.0
49000116,13067.0,107005.0,181500.0
49000117,9267.0,106863.0,181500.0
49000135,31717.0,107148.0,180700.0
49000437,19467.0,99381.0,181500.0
49000438,19467.0,100214.0,181500.0
49000439,20667.0,99381.0,181500.0
49000440,20667.0,100214.0,181500.0
49000441,17767.0,112723.0,181500.0
49000442,20667.0,102481.0,181500.0
49000443,20667.0,103414.0,181500.0
49000444,20667.0,105323.0,181500.0
49000445,18200.0,107131.0,181500.0
49000446,19183.0,107114.0,181500.0
49000447,16983.0,104914.0,181500.0
49000448,17100.0,106031.0,181500.0
49000449,21767.0,107973.0,181500.0
49000450,18733.0,108764.0,181500.0
49000451,19700.0,108781.0,181500.0
49000452,17042.0,107948.0,181500.0
49000453,31855.0,105828.0,181500.0
49000454,24449.0,106705.0,181499.0
50000001,16867.0,114848.0,185100.0
50000002,20667.0,114848.0,185100.0
50000003,32067.0,114848.0,185100.0
50000004,26367.0,114848.0,185100.0
50000005,26367.0,113448.0,185100.0
50000006,26367.0,110448.0,185100.0
50000007,20667.0,111848.0,185100.0
50000008,20667.0,108798.0,185100.0
50000009,23267.0,111848.0,185100.0
50000010,16867.0,108748.0,185100.0
50000011,32067.0,108748.0,185100.0
50000012,23267.0,108798.0,185100.0
50000013,20667.0,107123.0,185100.0
50000014,28967.0,107148.0,185100.0
50000015,16867.0,101048.0,185100.0
50000016,20667.0,104348.0,185100.0
50000017,28967.0,104348.0,185100.0
50000018,32067.0,101048.0,185100.0
50000019,23267.0,104348.0,185100.0
50000020,26367.0,104348.0,185100.0
50000021,20667.0,101548.0,185100.0
50000022,20667.0,101048.0,185100.0
50000023,23267.0,101548.0,185100.0
50000024,26367.0,101548.0,185100.0
50000025,28967.0,101548.0,185100.0
50000026,28967.0,101048.0,185100.0
50000027,26367.0,98548.0,185100.0
50000028,16867.0,98548.0,185100.0
50000029,20667.0,98548.0,185100.0
50000030,28267.0,98548.0,185100.0
50000031,32067.0,98548.0,185100.0
50000032,16867.0,110198.0,185100.0
50000033,32067.0,110198.0,185100.0
50000034,23267.0,109893.0,185100.0
50000035,27367.0,110448.0,185100.0
50000036,23267.0,106298.0,185100.0
50000037,26367.0,106298.0,185100.0
50000038,20167.0,107098.0,185100.0
50000039,23267.0,99593.0,185100.0
50000040,26367.0,99593.0,185100.0
50000041,18417.0,98548.0,185100.0
50000042,30517.0,98548.0,185100.0
50000043,35867.0,98548.0,185100.0
50000044,39667.0,98548.0,185100.0
50000045,35867.0,114848.0,185100.0
50000046,39667.0,114848.0,185100.0
50000047,9267.0,114848.0,185100.0
50000048,13067.0,114848.0,185100.0
50000049,9267.0,98548.0,185100.0
50000050,13067.0,98548.0,185100.0
50000051,16867.0,113648.0,185100.0
50000052,27767.0,113448.0,185100.0
50000053,19467.0,98548.0,185100.0
50000054,19467.0,101048.0,185100.0
50000055,17767.0,108748.0,185100.0
50000056,17767.0,114848.0,185100.0
50000057,17767.0,111798.0,185100.0
50000058,17767.0,113648.0,185100.0
50000059,16867.0,111798.0,185100.0
50000060,16867.0,103798.0,185100.0
50000061,32067.0,103798.0,185100.0
50000062,27367.0,107148.0,185100.0
50000063,21767.0,107148.0,185100.0
50000064,21767.0,108798.0,185100.0
50000065,20667.0,106298.0,185100.0
50000066,28967.0,106298.0,185100.0
50000067,23267.0,113648.0,185100.0
50000068,20667.0,113648.0,185100.0
50000069,20667.0,109893.0,185100.0
50000070,44067.0,98548.0,185100.0
50000071,44067.0,106698.0,185100.0
50000072,44067.0,114848.0,185100.0
50000073,4867.0,98548.0,185100.0
50000074,4867.0,114848.0,185100.0
50000075,4867.0,106698.0,185100.0
50000076,4867.0,126298.0,185100.0
50000077,9267.0,126348.0,185100.0
50000078,13067.0,126348.0,185100.0
50000079,16867.0,126298.0,185100.0
50000080,20667.0,126348.0,185100.0
50000081,32067.0,126298.0,185100.0
50000082,35867.0,126348.0,185100.0
50000083,39667.0,126348.0,185100.0
50000084,44067.0,126298.0,185100.0
50000085,4867.0,87098.0,185100.0
50000086,9267.0,87048.0,185100.0
50000087,13067.0,87048.0,185100.0
50000088,16867.0,87098.0,185100.0
50000089,20667.0,87048.0,185100.0
50000090,32067.0,87098.0,185100.0
50000091,35867.0,87048.0,185100.0
50000092,39667.0,87048.0,185100.0
50000093,44067.0,87098.0,185100.0
50000094,23267.0,114848.0,185100.0
50000095,23267.0,107148.0,185100.0
50000096,23267.0,98548.0,185100.0
50000097,17217.0,107148.0,185100.0
50000098,31717.0,107148.0,185100.0
50000099,28967.0,98548.0,185100.0
50000101,30367.0,101048.0,185100.0
50000102,26367.0,107148.0,185100.0
50000103,27767.0,114848.0,185100.0
50000104,28967.0,113448.0,185100.0
50000105,28967.0,110448.0,185100.0
50000106,28967.0,114848.0,185100.0
50000107,28967.0,108748.0,185100.0
50000108,24817.0,98548.0,185100.0
50000109,24817.0,87048.0,185100.0
50000110,28967.0,87048.0,185100.0
50000111,28967.0,126348.0,185100.0
50000112,24817.0,114848.0,185100.0
50000113,24817.0,126348.0,185100.0
50000114,39667.0,106863.0,185100.0
50000115,35867.0,107005.0,185100.0
50000116,13067.0,107005.0,185100.0
50000117,9267.0,106863.0,185100.0
50000135,31717.0,107148.0,184300.0
50000437,19467.0,99381.0,185100.0
50000438,19467.0,100214.0,185100.0
50000439,20667.0,99381.0,185100.0
50000440,20667.0,100214.0,185100.0
50000441,17767.0,112723.0,185100.0
50000442,20667.0,102481.0,185100.0
50000443,20667.0,103414.0,185100.0
50000444,20667.0,105323.0,185100.0
50000445,18200.0,107131.0,185100.0
50000446,19183.0,107114.0,185100.0
50000447,16983.0,104914.0,185100.0
50000448,17100.0,106031.0,185100.0
50000449,21767.0,107973.0,185100.0
50000450,18733.0,108764.0,185100.0
50000451,19700.0,108781.0,185100.0
50000452,17042.0,107948.0,185100.0
50000453,31855.0,105828.0,185100.0
50000454,24449.0,106705.0,185099.0
51000001,16867.0,114848.0,188700.0
51000002,20667.0,114848.0,188700.0
51000003,32067.0,114848.0,188700.0
51000004,26367.0,114848.0,188700.0
51000005,26367.0,113448.0,188700.0
51000006,26367.0,110448.0,188700.0
51000007,20667.0,111848.0,188700.0
51000008,20667.0,108798.0,188700.0
51000009,23267.0,111848.0,188700.0
51000010,16867.0,108748.0,188700.0
51000011,32067.0,108748.0,188700.0
51000012,23267.0,108798.0,188700.0
51000013,20667.0,107123.0,188700.0
51000014,28967.0,107148.0,188700.0
51000015,16867.0,101048.0,188700.0
51000016,20667.0,104348.0,188700.0
51000017,28967.0,104348.0,188700.0
51000018,32067.0,101048.0,188700.0
51000019,23267.0,104348.0,188700.0
51000020,26367.0,104348.0,188700.0
51000021,20667.0,101548.0,188700.0
51000022,20667.0,101048.0,188700.0
51000023,23267.0,101548.0,188700.0
51000024,26367.0,101548.0,188700.0
51000025,28967.0,101548.0,188700.0
51000026,28967.0,101048.0,188700.0
51000027,26367.0,98548.0,188700.0
51000028,16867.0,98548.0,188700.0
51000029,20667.0,98548.0,188700.0
51000030,28267.0,98548.0,188700.0
51000031,32067.0,98548.0,188700.0
51000032,16867.0,110198.0,188700.0
51000033,32067.0,110198.0,188700.0
51000034,23267.0,109893.0,188700.0
51000035,27367.0,110448.0,188700.0
51000036,23267.0,106298.0,188700.0
51000037,26367.0,106298.0,188700.0
51000038,20167.0,107098.0,188700.0
51000039,23267.0,99593.0,188700.0
51000040,26367.0,99593.0,188700.0
51000041,18417.0,98548.0,188700.0
51000042,30517.0,98548.0,188700.0
51000043,35867.0,98548.0,188700.0
51000044,39667.0,98548.0,188700.0
51000045,35867.0,114848.0,188700.0
51000046,39667.0,114848.0,188700.0
51000047,9267.0,114848.0,188700.0
51000048,13067.0,114848.0,188700.0
51000049,9267.0,98548.0,188700.0
51000050,13067.0,98548.0,188700.0
51000051,16867.0,113648.0,188700.0
51000052,27767.0,113448.0,188700.0
51000053,19467.0,98548.0,188700.0
51000054,19467.0,101048.0,188700.0
51000055,17767.0,108748.0,188700.0
51000056,17767.0,114848.0,188700.0
51000057,17767.0,111798.0,188700.0
51000058,17767.0,113648.0,188700.0
51000059,16867.0,111798.0,188700.0
51000060,16867.0,103798.0,188700.0
51000061,32067.0,103798.0,188700.0
51000062,27367.0,107148.0,188700.0
51000063,21767.0,107148.0,188700.0
51000064,21767.0,108798.0,188700.0
51000065,20667.0,106298.0,188700.0
51000066,28967.0,106298.0,188700.0
51000067,23267.0,113648.0,188700.0
51000068,20667.0,113648.0,188700.0
51000069,20667.0,109893.0,188700.0
51000070,44067.0,98548.0,188700.0
51000071,44067.0,106698.0,188700.0
51000072,44067.0,114848.0,188700.0
51000073,4867.0,98548.0,188700.0
51000074,4867.0,114848.0,188700.0
51000075,4867.0,106698.0,188700.0
51000076,4867.0,126298.0,188700.0
51000077,9267.0,126348.0,188700.0
51000078,13067.0,126348.0,188700.0
51000079,16867.0,126298.0,188700.0
51000080,20667.0,126348.0,188700.0
51000081,32067.0,126298.0,188700.0
51000082,35867.0,126348.0,188700.0
51000083,39667.0,126348.0,188700.0
51000084,44067.0,126298.0,188700.0
51000085,4867.0,87098.0,188700.0
51000086,9267.0,87048.0,188700.0
51000087,13067.0,87048.0,188700.0
51000088,16867.0,87098.0,188700.0
51000089,20667.0,87048.0,188700.0
51000090,32067.0,87098.0,188700.0
51000091,35867.0,87048.0,188700.0
51000092,39667.0,87048.0,188700.0
51000093,44067.0,87098.0,188700.0
51000094,23267.0,114848.0,188700.0
51000095,23267.0,107148.0,188700.0
51000096,23267.0,98548.0,188700.0
51000097,17217.0,107148.0,188700.0
51000098,31717.0,107148.0,188700.0
51000099,28967.0,98548.0,188700.0
51000101,30367.0,101048.0,188700.0
51000102,26367.0,107148.0,188700.0
51000103,27767.0,114848.0,188700.0
51000104,28967.0,113448.0,188700.0
51000105,28967.0,110448.0,188700.0
51000106,28967.0,114848.0,188700.0
51000107,28967.0,108748.0,188700.0
51000108,24817.0,98548.0,188700.0
51000109,24817.0,87048.0,188700.0
51000110,28967.0,87048.0,188700.0
51000111,28967.0,126348.0,188700.0
51000112,24817.0,114848.0,188700.0
51000113,24817.0,126348.0,188700.0
51000114,39667.0,106863.0,188700.0
51000115,35867.0,107005.0,188700.0
51000116,13067.0,107005.0,188700.0
51000117,9267.0,106863.0,188700.0
51000135,31717.0,107148.0,187900.0
51000437,19467.0,99381.0,188700.0
51000438,19467.0,100214.0,188700.0
51000439,20667.0,99381.0,188700.0
51000440,20667.0,100214.0,188700.0
51000441,17767.0,112723.0,188700.0
51000442,20667.0,102481.0,188700.0
51000443,20667.0,103414.0,188700.0
51000444,20667.0,105323.0,188700.0
51000445,18200.0,107131.0,188700.0
51000446,19183.0,107114.0,188700.0
51000447,16983.0,104914.0,188700.0
51000448,17100.0,106031.0,188700.0
51000449,21767.0,107973.0,188700.0
51000450,18733.0,108764.0,188700.0
51000451,19700.0,108781.0,188700.0
51000452,17042.0,107948.0,188700.0
51000453,31855.0,105828.0,188700.0
51000454,24449.0,106705.0,188700.0
52000001,16867.0,114848.0,192300.0
52000002,20667.0,114848.0,192300.0
52000003,32067.0,114848.0,192300.0
52000004,26367.0,114848.0,192300.0
52000005,26367.0,113448.0,192300.0
52000006,26367.0,110448.0,192300.0
52000007,20667.0,111848.0,192300.0
52000008,20667.0,108798.0,192300.0
52000009,23267.0,111848.0,192300.0
52000010,16867.0,108748.0,192300.0
52000011,32067.0,108748.0,192300.0
52000012,23267.0,108798.0,192300.0
52000013,20667.0,107123.0,192300.0
52000014,28967.0,107148.0,192300.0
52000015,16867.0,101048.0,192300.0
52000016,20667.0,104348.0,192300.0
52000017,28967.0,104348.0,192300.0
52000018,32067.0,101048.0,192300.0
52000019,23267.0,104348.0,192300.0
52000020,26367.0,104348.0,192300.0
52000021,20667.0,101548.0,192300.0
52000022,20667.0,101048.0,192300.0
52000023,23267.0,101548.0,192300.0
52000024,26367.0,101548.0,192300.0
52000025,28967.0,101548.0,192300.0
52000026,28967.0,101048.0,192300.0
52000027,26367.0,98548.0,192300.0
52000028,16867.0,98548.0,192300.0
52000029,20667.0,98548.0,192300.0
52000030,28267.0,98548.0,192300.0
52000031,32067.0,98548.0,192300.0
52000032,16867.0,110198.0,192300.0
52000033,32067.0,110198.0,192300.0
52000034,23267.0,109893.0,192300.0
52000035,27367.0,110448.0,192300.0
52000036,23267.0,106298.0,192300.0
52000037,26367.0,106298.0,192300.0
52000038,20167.0,107098.0,192300.0
52000039,23267.0,99593.0,192300.0
52000040,26367.0,99593.0,192300.0
52000041,18417.0,98548.0,192300.0
52000042,30517.0,98548.0,192300.0
52000043,35867.0,98548.0,192300.0
52000044,39667.0,98548.0,192300.0
52000045,35867.0,114848.0,192300.0
52000046,39667.0,114848.0,192300.0
52000047,9267.0,114848.0,192300.0
52000048,13067.0,114848.0,192300.0
52000049,9267.0,98548.0,192300.0
52000050,13067.0,98548.0,192300.0
52000051,16867.0,113648.0,192300.0
52000052,27767.0,113448.0,192300.0
52000053,19467.0,98548.0,192300.0
52000054,19467.0,101048.0,192300.0
52000055,17767.0,108748.0,192300.0
52000056,17767.0,114848.0,192300.0
52000057,17767.0,111798.0,192300.0
52000058,17767.0,113648.0,192300.0
52000059,16867.0,111798.0,192300.0
52000060,16867.0,103798.0,192300.0
52000061,32067.0,103798.0,192300.0
52000062,27367.0,107148.0,192300.0
52000063,21767.0,107148.0,192300.0
52000064,21767.0,108798.0,192300.0
52000065,20667.0,106298.0,192300.0
52000066,28967.0,106298.0,192300.0
52000067,23267.0,113648.0,192300.0
52000068,20667.0,113648.0,192300.0
52000069,20667.0,109893.0,192300.0
52000070,44067.0,98548.0,192300.0
52000071,44067.0,106698.0,192300.0
52000072,44067.0,114848.0,192300.0
52000073,4867.0,98548.0,192300.0
52000074,4867.0,114848.0,192300.0
52000075,4867.0,106698.0,192300.0
52000076,4867.0,126298.0,192300.0
52000077,9267.0,126348.0,192300.0
52000078,13067.0,126348.0,192300.0
52000079,16867.0,126298.0,192300.0
52000080,20667.0,126348.0,192300.0
52000081,32067.0,126298.0,192300.0
52000082,35867.0,126348.0,192300.0
52000083,39667.0,126348.0,192300.0
52000084,44067.0,126298.0,192300.0
52000085,4867.0,87098.0,192300.0
52000086,9267.0,87048.0,192300.0
52000087,13067.0,87048.0,192300.0
52000088,16867.0,87098.0,192300.0
52000089,20667.0,87048.0,192300.0
52000090,32067.0,87098.0,192300.0
52000091,35867.0,87048.0,192300.0
52000092,39667.0,87048.0,192300.0
52000093,44067.0,87098.0,192300.0
52000094,23267.0,114848.0,192300.0
52000095,23267.0,107148.0,192300.0
52000096,23267.0,98548.0,192300.0
52000097,17217.0,107148.0,192300.0
52000098,31717.0,107148.0,192300.0
52000099,28967.0,98548.0,192300.0
52000101,30367.0,101048.0,192300.0
52000102,26367.0,107148.0,192300.0
52000103,27767.0,114848.0,192300.0
52000104,28967.0,113448.0,192300.0
52000105,28967.0,110448.0,192300.0
52000106,28967.0,114848.0,192300.0
52000107,28967.0,108748.0,192300.0
52000108,24817.0,98548.0,192300.0
52000109,24817.0,87048.0,192300.0
52000110,28967.0,87048.0,192300.0
52000111,28967.0,126348.0,192300.0
52000112,24817.0,114848.0,192300.0
52000113,24817.0,126348.0,192300.0
52000114,39667.0,106863.0,192300.0
52000115,35867.0,107005.0,192300.0
52000116,13067.0,107005.0,192300.0
52000117,9267.0,106863.0,192300.0
52000118,22567.0,107148.0,192300.0
52000136,31717.0,107148.0,191500.0
52000438,19467.0,99381.0,192300.0
52000439,19467.0,100214.0,192300.0
52000440,20667.0,99381.0,192300.0
52000441,20667.0,100214.0,192300.0
52000442,17767.0,112723.0,192300.0
52000443,20667.0,102481.0,192300.0
52000444,20667.0,103414.0,192300.0
52000445,20667.0,105323.0,192300.0
52000446,18200.0,107131.0,192300.0
52000447,19183.0,107114.0,192300.0
52000448,16983.0,104914.0,192300.0
52000449,17100.0,106031.0,192300.0
52000450,21767.0,107973.0,192300.0
52000451,18733.0,108764.0,192300.0
52000452,19700.0,108781.0,192300.0
52000453,17042.0,107948.0,192300.0
52000454,31855.0,105828.0,192300.0
52000455,24449.0,106705.0,192299.0
53000001,16867.0,114848.0,196150.0
53000002,20667.0,114848.0,196150.0
53000003,32067.0,114848.0,196150.0
53000004,26367.0,114848.0,196150.0
53000005,26367.0,113448.0,196150.0
53000006,26367.0,110448.0,196150.0
53000007,20667.0,111848.0,196150.0
53000008,20667.0,108798.0,196150.0
53000009,23267.0,111848.0,196150.0
53000010,16867.0,108748.0,196150.0
53000011,32067.0,108748.0,196150.0
53000012,23267.0,108798.0,196150.0
53000013,22567.0,107148.0,196150.0
53000014,20667.0,107148.0,196150.0
53000015,28967.0,107148.0,196150.0
53000016,26367.0,98548.0,196150.0
53000017,16867.0,98548.0,196150.0
53000018,20667.0,98548.0,196150.0
53000019,28267.0,98548.0,196150.0
53000020,32067.0,98548.0,196150.0
53000021,32067.0,110198.0,196150.0
53000022,23267.0,109893.0,196150.0
53000023,27367.0,110448.0,196150.0
53000024,20167.0,107148.0,196150.0
53000025,18417.0,98548.0,196150.0
53000026,30517.0,98548.0,196150.0
53000027,35867.0,98548.0,196150.0
53000028,39667.0,98548.0,196150.0
53000029,35867.0,114848.0,196150.0
53000030,39667.0,114848.0,196150.0
53000031,9267.0,114848.0,196150.0
53000032,13067.0,114848.0,196150.0
53000033,9267.0,98548.0,196150.0
53000034,13067.0,98548.0,196150.0
53000035,16867.0,113648.0,196150.0
53000036,27767.0,113448.0,196150.0
53000037,17767.0,108748.0,196150.0
53000038,17767.0,114848.0,196150.0
53000039,17767.0,111798.0,196150.0
53000040,17767.0,113648.0,196150.0
53000041,16867.0,111798.0,196150.0
53000042,16867.0,103798.0,196150.0
53000043,32067.0,103798.0,196150.0
53000044,27367.0,107148.0,196150.0
53000045,21767.0,107148.0,196150.0
53000046,21767.0,108798.0,196150.0
53000047,16867.0,101048.0,196150.0
53000048,19467.0,101048.0,196150.0
53000049,28967.0,101048.0,196150.0
53000050,20667.0,101048.0,196150.0
53000051,19467.0,98548.0,196150.0
53000052,32067.0,101048.0,196150.0
53000053,23267.0,113648.0,196150.0
53000054,20667.0,113648.0,196150.0
53000055,20667.0,109893.0,196150.0
53000056,44067.0,98548.0,196150.0
53000057,44067.0,106698.0,196150.0
53000058,44067.0,114848.0,196150.0
53000059,4867.0,98548.0,196150.0
53000060,4867.0,114848.0,196150.0
53000061,4867.0,106698.0,196150.0
53000062,4867.0,126298.0,196150.0
53000063,9267.0,126348.0,196150.0
53000064,13067.0,126348.0,196150.0
53000065,16867.0,126298.0,196150.0
53000066,20667.0,126348.0,196150.0
53000067,32067.0,126298.0,196150.0
53000068,35867.0,126348.0,196150.0
53000069,39667.0,126348.0,196150.0
53000070,44067.0,126298.0,196150.0
53000071,4867.0,87098.0,196150.0
53000072,9267.0,87048.0,196150.0
53000073,13067.0,87048.0,196150.0
53000074,16867.0,87098.0,196150.0
53000075,20667.0,87048.0,196150.0
53000076,32067.0,87098.0,196150.0
53000077,35867.0,87048.0,196150.0
53000078,39667.0,87048.0,196150.0
53000079,44067.0,87098.0,196150.0
53000080,17217.0,107148.0,196150.0
53000081,23267.0,114848.0,196150.0
53000082,23267.0,107148.0,196150.0
53000083,23267.0,98548.0,196150.0
53000084,31717.0,107148.0,196150.0
53000085,30367.0,101048.0,196150.0
53000087,28967.0,98548.0,196150.0
53000088,26367.0,107148.0,196150.0
53000089,27767.0,114848.0,196150.0
53000090,28967.0,113448.0,196150.0
53000091,28967.0,110448.0,196150.0
53000092,28967.0,108748.0,196150.0
53000093,28967.0,114848.0,196150.0
53000094,28967.0,126348.0,196150.0
53000095,24817.0,114848.0,196150.0
53000096,24817.0,126348.0,196150.0
53000097,28967.0,87048.0,196150.0
53000098,24817.0,98548.0,196150.0
53000099,24817.0,87048.0,196150.0
53000100,39667.0,106863.0,196150.0
53000101,35867.0,107005.0,196150.0
53000102,13067.0,107005.0,196150.0
53000103,9267.0,106863.0,196150.0
53000123,31717.0,107148.0,195349.0
53000416,21767.0,107973.0,196150.0
53000417,17767.0,112723.0,196150.0
53000418,20667.0,99381.0,196150.0
53000419,20667.0,100214.0,196150.0
53000420,19467.0,99381.0,196150.0
53000421,19467.0,100214.0,196150.0
53000422,18733.0,108764.0,196150.0
53000423,19700.0,108781.0,196150.0
53000424,18200.0,107148.0,196150.0
53000425,19183.0,107148.0,196150.0
53000426,17042.0,107948.0,196150.0
53000427,24468.0,106934.0,196150.0
54000001,16867.0,114848.0,200000.0
54000002,20667.0,114848.0,200000.0
54000003,32067.0,114848.0,200000.0
54000004,26367.0,114848.0,200000.0
54000005,26367.0,113448.0,200000.0
54000006,26367.0,110448.0,200000.0
54000007,20667.0,111848.0,200000.0
54000008,20667.0,108798.0,200000.0
54000009,23267.0,111848.0,200000.0
54000010,16867.0,108748.0,200000.0
54000011,32067.0,108748.0,200000.0
54000012,23267.0,108798.0,200000.0
54000013,22567.0,107148.0,200000.0
54000014,20667.0,107148.0,200000.0
54000015,28967.0,107148.0,200000.0
54000016,26367.0,98548.0,200000.0
54000017,16867.0,98548.0,200000.0
54000018,20667.0,98548.0,200000.0
54000019,28267.0,98548.0,200000.0
54000020,32067.0,98548.0,200000.0
54000021,32067.0,110198.0,200000.0
54000022,23267.0,109893.0,200000.0
54000023,27367.0,110448.0,200000.0
54000024,20167.0,107148.0,200000.0
54000025,18417.0,98548.0,200000.0
54000026,30517.0,98548.0,200000.0
54000027,35867.0,98548.0,200000.0
54000028,39667.0,98548.0,200000.0
54000029,35867.0,114848.0,200000.0
54000030,39667.0,114848.0,200000.0
54000031,9267.0,114848.0,200000.0
54000032,13067.0,114848.0,200000.0
54000033,9267.0,98548.0,200000.0
54000034,13067.0,98548.0,200000.0
54000035,16867.0,113648.0,200000.0
54000036,27767.0,113448.0,200000.0
54000037,17767.0,108748.0,200000.0
54000038,17767.0,114848.0,200000.0
54000039,17767.0,111798.0,200000.0
54000040,17767.0,113648.0,200000.0
54000041,16867.0,111798.0,200000.0
54000042,16867.0,103798.0,200000.0
54000043,32067.0,103798.0,200000.0
54000044,27367.0,107148.0,200000.0
54000045,21767.0,107148.0,200000.0
54000046,21767.0,108798.0,200000.0
54000047,16867.0,101048.0,200000.0
54000048,19467.0,101048.0,200000.0
54000049,28967.0,101048.0,200000.0
54000050,20667.0,101048.0,200000.0
54000051,19467.0,98548.0,200000.0
54000052,32067.0,101048.0,200000.0
54000053,23267.0,113648.0,200000.0
54000054,20667.0,113648.0,200000.0
54000055,20667.0,109893.0,200000.0
54000056,44067.0,98548.0,200000.0
54000057,44067.0,106698.0,200000.0
54000058,44067.0,114848.0,200000.0
54000059,4867.0,98548.0,200000.0
54000060,4867.0,114848.0,200000.0
54000061,4867.0,106698.0,200000.0
54000062,4867.0,126298.0,200000.0
54000063,9267.0,126348.0,200000.0
54000064,13067.0,126348.0,200000.0
54000065,16867.0,126298.0,200000.0
54000066,20667.0,126348.0,200000.0
54000067,32067.0,126298.0,200000.0
54000068,35867.0,126348.0,200000.0
54000069,39667.0,126348.0,200000.0
54000070,44067.0,126298.0,200000.0
54000071,4867.0,87098.0,200000.0
54000072,9267.0,87048.0,200000.0
54000073,13067.0,87048.0,200000.0
54000074,16867.0,87098.0,200000.0
54000075,20667.0,87048.0,200000.0
54000076,32067.0,87098.0,200000.0
54000077,35867.0,87048.0,200000.0
54000078,39667.0,87048.0,200000.0
54000079,44067.0,87098.0,200000.0
54000080,17217.0,107148.0,200000.0
54000081,23267.0,114848.0,200000.0
54000082,23267.0,107148.0,200000.0
54000083,23267.0,98548.0,200000.0
54000084,31717.0,107148.0,200000.0
54000085,30367.0,101048.0,200000.0
54000087,28967.0,98548.0,200000.0
54000088,26367.0,107148.0,200000.0
54000089,27767.0,114848.0,200000.0
54000090,28967.0,113448.0,200000.0
54000091,28967.0,110448.0,200000.0
54000092,28967.0,108748.0,200000.0
54000093,28967.0,114848.0,200000.0
54000094,28967.0,126348.0,200000.0
54000095,24817.0,114848.0,200000.0
54000096,24817.0,126348.0,200000.0
54000097,28967.0,87048.0,200000.0
54000098,24817.0,98548.0,200000.0
54000099,24817.0,87048.0,200000.0
54000100,39667.0,106863.0,200000.0
54000101,35867.0,107005.0,200000.0
54000102,13067.0,107005.0,200000.0
54000103,9267.0,106863.0,200000.0
54000123,31717.0,107148.0,199199.0
54000416,21767.0,107973.0,200000.0
54000417,17767.0,112723.0,200000.0
54000418,20667.0,99381.0,200000.0
54000419,20667.0,100214.0,200000.0
54000420,19467.0,99381.0,200000.0
54000421,19467.0,100214.0,200000.0
54000422,18733.0,108764.0,200000.0
54000423,19700.0,108781.0,200000.0
54000424,18200.0,107148.0,200000.0
54000425,19183.0,107148.0,200000.0
54000426,17042.0,107948.0,200000.0
54000427,24468.0,106934.0,200000.0
