UX,UY,UZ,RX,RY,RZ
107.80025130102453,0.0,0.0,0.0,0.0,8.871243499979347e-05
0.0,-13.608559560272438,0.0,0.0,0.0,-5.704331925507979e-06
