UX,UY,UZ,RX,RY,RZ
335.5136649897874,510.2059900383984,0.0,0.0,0.0,0.001797958634482145
-161.64190299175667,-523.6724491484265,0.0,0.0,0.0,-0.0016310875124487029
