UX,UY,UZ,RX,RY,RZ
107.80025130167459,0.0,0.0,0.0,0.0,8.871243496900869e-05
0.0,-13.608559560182806,0.0,0.0,0.0,-5.704331919829816e-06
