UX,UY,UZ,RX,RY,RZ
366.7650804000548,522.0477099413957,24.51785118796561,0.001641818333890714,0.00122471676568057,0.001797958634482145
-178.60809640851002,-542.185675870598,-21.020834956305524,-0.0016837446584191602,-0.0006668395904137393,-0.0016310875124487029
