UX,UY,UZ,RX,RY,RZ
109.56855703928788,0.0,2.7574593522004887,4.618613409757214e-05,0.0003758497641908902,8.871243499979347e-05
0.0,-15.33345946120912,-0.011015363146631017,0.0,0.0,-5.704331925507979e-06
