Mode_1,Mode_2,Mode_3,Mode_4,Mode_5,Mode_6,Mode_7,Mode_8,Mode_9,Mode_10,Mode_11,Mode_12,Mode_13,Mode_14,Mode_15,Mode_16,Mode_17,Mode_18,Mode_19,Mode_20,Mode_21,Mode_22,Mode_23,Mode_24,Mode_25,Mode_26,Mode_27,Mode_28,Mode_29,Mode_30
2.280545755944782e-05,5.135403269351792e-07,-2.0142344133323646e-05,7.825196659324065e-05,-7.784558778657204e-05,-1.3773875533379346e-05,3.065883104061527e-05,0.00020940093446413123,1.9001580103698208e-05,-1.941420547773368e-05,0.0003505150836482657,5.0250632319384815e-05,-5.749325789588679e-05,0.00043924887751054176,0.0001692345013618705,4.932196569607884e-05,0.00029510977196650303,0.0005747390115193779,-4.795212133040952e-05,7.515911211885884e-05,0.000764308574573708,-6.260044306481231e-05,-6.090288758559431e-06,-0.0009293763164378284,0.00011751528942861789,9.747910156673823e-05,-3.987358778986367e-05,0.0011336456991661971,-0.0001113560635674639,-3.655049849685091e-05
-3.1389486695461755e-07,-2.5366425758963354e-05,-8.032701375680387e-06,-5.5165912288185275e-06,-3.442038147662027e-05,0.00010509991610198624,-3.541610024889853e-05,3.51946500515567e-05,-0.00020845767870816018,-6.175297921130514e-05,4.6511987736157936e-05,-0.00031026029735695734,-0.00013588016073108058,8.184053754665906e-05,-0.00024149132072518763,0.00037933157241826194,4.117678542586464e-05,8.368959190543125e-05,0.0006294807958678276,3.0143193569197715e-05,0.00012180585205020909,0.0007276494065054138,0.00019826631737665483,-0.0001964175771069433,-0.00040038658953650265,-0.000750918828768022,0.000302837749795518,0.00021065187341143832,0.0010093032771567093,-0.00035837269029831035
2.1811217946657953e-10,-5.0988387641627085e-11,3.2362856568234965e-09,2.432780302042957e-09,7.707541004309984e-09,1.2184048884665446e-09,1.1379458701140859e-08,-7.576013360851608e-09,-1.1305502661101178e-09,2.1427024224225746e-08,-8.2861119173844e-09,-5.141503284080903e-09,2.5654927610857937e-08,-3.940970954028754e-09,-2.5864845537563277e-08,-2.5990299087729097e-08,2.28336028975271e-08,-3.688101857082999e-08,-7.933476329812397e-09,4.075367964247624e-08,-2.9796595152144867e-08,-2.317705265257439e-08,5.150873553746155e-08,3.692855956168167e-08,5.0202979131235665e-08,-2.1130585522176803e-08,-6.80311845601856e-08,-3.923025323445778e-08,1.441475649502058e-08,7.702774370849317e-08
6.78571762909865e-05,4.5750393800522525e-07,4.072024216945084e-06,0.0002583007745717634,-7.166402901052513e-05,-1.4873351929993665e-05,0.0002867950335966704,0.0004247741684936398,2.950770367536987e-05,0.00032668909715231307,0.0007725845684324857,3.987947506073931e-05,0.0002948660147744014,0.0010573545181788403,-8.343541837458386e-06,-0.00031226575550091437,0.001115016858021778,0.0008231446320585045,-0.00024521701573153196,0.0008388255133883041,0.0013762290384467211,-0.000511562495780759,0.0007912517615546212,-0.0016150372555492438,0.0010354982887527207,-9.580612428148142e-05,-0.0010914823269922102,0.001997985948772895,-3.677577629403562e-05,0.0010152827270041994
6.241308859273907e-07,-6.621471192301228e-05,7.171391410065467e-07,1.7172526242939947e-06,-3.683371590980076e-05,0.00027310645385934687,-1.5484340434307944e-05,3.855668982027397e-05,-0.000522323147972022,-1.6785179538389143e-05,6.0446147515668636e-05,-0.0007825013808095388,-0.00016922745505748669,0.00016966462071187527,-0.0007307046822837989,0.0007414566539122114,0.00023139395202800256,-2.643879638042557e-05,0.0014101311426221578,0.0003073965778149966,0.00010141656243373428,0.0015104787526474593,0.0007422669564000815,-0.0002232697514734797,-0.0006012859192152365,-0.0017695258643916699,0.00027875355708759325,0.00023481132550107314,0.002238910522293796,-0.0003407699698348439
6.663823085902132e-10,-1.5534065699336688e-10,8.226049981472438e-09,6.58956749263037e-09,1.9296925920002887e-08,3.1629356404254796e-09,2.8838133994067533e-08,-1.8047808437644267e-08,-2.9639308539591366e-09,5.302314152307862e-08,-1.8755979644962364e-08,-1.2656835079663605e-08,6.216040710476828e-08,-7.51114422389485e-09,-6.121576167362965e-08,-6.133551291423011e-08,5.443022661786231e-08,-8.34036357559921e-08,-1.7911380287943877e-08,9.277573115327814e-08,-6.426506250809161e-08,-5.109344395807152e-08,1.1387522190871427e-07,7.701182438487272e-08,1.0779337526156073e-07,-4.5403422741298025e-08,-1.4130639988730492e-07,-7.860770226533801e-08,3.008597902817785e-08,1.5427386935542476e-07
0.0001277401035882563,8.791643833287107e-07,8.454502074346276e-06,0.0004758372202421888,-0.00012902748409504016,-2.6426591910553118e-05,0.0005211552377585936,0.0007616004246336227,5.1393709710973185e-05,0.000583330005707516,0.001352473031524977,6.667679325131644e-05,0.0005155482324409876,0.001803431809214321,-1.5938386471288032e-05,-0.0005262451032876077,0.0018400051727186426,0.0013612482375569086,-0.00039457484944819605,0.0013303418686564455,0.002193502230081814,-0.0007851028796313634,0.0012013675068631468,-0.002471609928100558,0.0015185355441951621,-0.00012980092345633263,-0.0015164903304951557,0.002919044793973661,-6.168420673630414e-05,0.001324101050866952
1.2337545699211934e-06,-0.00012045671568512413,2.4463007851483493e-06,4.095669319252285e-06,-6.240107109660739e-05,0.00048329262637281605,-2.2545093502121253e-05,6.420401765641879e-05,-0.0009029475388343164,-2.1058424858523688e-05,9.949058986294653e-05,-0.001320511031868749,-0.0002752540615907387,0.0002790357288077188,-0.0012113377123931421,0.0012091242492821704,0.00037985827558340447,-5.529310679721186e-05,0.0022418944017121695,0.0004957493157616816,0.00014666804881614695,0.00231708672395767,0.0011521355205129263,-0.00032062762589233235,-0.0008790700335018933,-0.002621515973119399,0.0003799841284747478,0.0003228905909040457,0.003177427724763161,-0.0004491434056658751
1.277665442829881e-09,-3.381451923598201e-10,1.4432533158086981e-08,1.1928585016583116e-08,3.3399266537424206e-08,5.754448818315408e-09,4.989653130116094e-08,-3.000927642167228e-08,-5.510634725067738e-09,8.943969439551562e-08,-2.974948323662658e-08,-2.153455259978087e-08,1.0214985039083918e-07,-1.0321375728766601e-08,-9.81218620523967e-08,-9.708396034655268e-08,8.545573798505132e-08,-1.269617479128916e-07,-2.6063346872167496e-08,1.3847521986170933e-07,-9.266237802846419e-08,-7.219281837359442e-08,1.6286046388859733e-07,1.0509953870126478e-07,1.459799398689138e-07,-6.258577938528163e-08,-1.8115605820057484e-07,-1.0105378828319633e-07,3.974449880756385e-08,1.851873400157739e-07
0.00019940860468746976,1.4640768892360183e-06,1.249147667155961e-05,0.0007256198581263861,-0.00019701629648097744,-3.9949368848023013e-05,0.0007772052192675614,0.0011337819038266812,7.534151549717229e-05,0.0008467078030262898,0.0019537867867259317,9.561658008233316e-05,0.0007255018701867607,0.0025171966666549797,-7.688619520035752e-06,-0.0007084724870363207,0.0024444887956354957,0.0018448635940177553,-0.0005082301212575891,0.0016613589011585535,0.002809554788808156,-0.000940093167920543,0.0014017532410610077,-0.0029860987297607366,0.0016928310807831635,-0.00011526055663522796,-0.001543978683980372,0.003283199039244009,-9.158525484870269e-05,0.0012022022708350522
1.9335114034779398e-06,-0.00018520101216624784,4.325976832289947e-06,6.757897565214482e-06,-9.191089730886139e-05,0.0007227499614709787,-3.0784354520186965e-05,9.275044860066534e-05,-0.001316648483657821,-2.7168525989258996e-05,0.00014074524608591546,-0.0018705088394910378,-0.0003849530966674152,0.00038574368312928445,-0.0016680154324703314,0.0016560699336223398,0.0005097326549400677,-7.658169991938125e-05,0.002951106488985608,0.000643429472770441,0.00018470659640605432,0.0029113380479178826,0.0014393478262504662,-0.0003849316525636606,-0.0010502998522698812,-0.00310815250340207,0.0004293554191602642,0.0003646545641614519,0.0035320635503396955,-0.00047910457017596254
1.9550700712732357e-09,-5.534958707836095e-10,2.1385432035464933e-08,1.7809278108025834e-08,4.891014353530696e-08,8.64117327760985e-09,7.221560437233509e-08,-4.258608638902386e-08,-8.210291540044947e-09,1.2583636883962922e-07,-4.0498686723739305e-08,-3.000267719230983e-08,1.3932063751836054e-07,-1.308529394505708e-08,-1.290477390114048e-07,-1.2648860221053062e-07,1.0721766531546396e-07,-1.5809147885662932e-07,-3.104150051477326e-08,1.634319283256252e-07,-1.0819480314579814e-07,-7.993390606042815e-08,1.7982458619476995e-07,1.1267553249783438e-07,1.4793223860444061e-07,-6.372626218489385e-08,-1.6611824544472705e-07,-9.867330461444804e-08,3.636719681899331e-08,1.4902413853251444e-07
0.0002643337899902398,1.9803492962167075e-06,1.5236749044326235e-05,0.0009423344961368811,-0.000257839923294335,-5.164660923207915e-05,0.000985949713527894,0.0014421309446439386,9.463100370261812e-05,0.0010419185928323316,0.0024111596630087676,0.00011910559487118084,0.0008608104835721278,0.0029942047076686362,1.959331731634332e-05,-0.0007997406643887376,0.002743235093944356,0.0021376947416355463,-0.0005498767473633875,0.0017240032578864685,0.0030410415294289434,-0.0009269112910489076,0.0013283243666781172,-0.0030067621719012663,0.0015143820251759628,-5.9905731194302415e-05,-0.0012005657377535009,0.0030005189855207962,-0.00011267205585821506,0.0007570011599438498
2.5656885899192894e-06,-0.00024410203659086386,6.053187562601296e-06,9.130967665304902e-06,-0.00011764453621086564,0.0009321795046529506,-3.769705202132639e-05,0.00011666863005140698,-0.0016616520976161701,-3.2597573613865296e-05,0.00017334202154280803,-0.0022976051677040797,-0.00047002468859577473,0.000462915067840124,-0.001989938971555053,0.0019708429774734568,0.0005903067229451908,-8.779392393945845e-05,0.0033639738670134135,0.0007173677018820977,0.00020389446681864294,0.0031509293332706574,0.0015404489835005894,-0.00039876781486225727,-0.001074228770574213,-0.0031305811188101942,0.0004132358194221085,0.00035004886187092347,0.003267026532943155,-0.0004252593550972171
2.5249198134402224e-09,-7.457196087112933e-10,2.7331213750228123e-08,2.2677970181754672e-08,6.19197371579848e-08,1.1090580187774519e-08,8.994949937127285e-08,-5.274537281406505e-08,-1.0371267187837512e-08,1.5252209520744061e-07,-4.8710009394268674e-08,-3.584191783559188e-08,1.6360319713363704e-07,-1.5973510464633594e-08,-1.4569491944870862e-07,-1.414029968465913e-07,1.128973472956847e-07,-1.6941056941070323e-07,-3.135271190071556e-08,1.6090319731527595e-07,-1.0870571894765266e-07,-7.265774784803301e-08,1.618683348624019e-07,1.013821579969095e-07,1.1663778113531967e-07,-5.051875690452996e-08,-1.0938325624066824e-07,-7.797565383092227e-08,2.3501548773717245e-08,7.199597965807511e-08
0.0003352433882364225,2.573432229104216e-06,1.6697061644966397e-05,0.001168445166508903,-0.0003247727926476531,-6.425751900525387e-05,0.0011868648009268977,0.0017487357171291737,0.0001137345087425931,0.0012050194892590323,0.0028173824541546017,0.00014317159635043392,0.0009471177338153149,0.003336585826098456,7.198767063068158e-05,-0.0008220274659137502,0.0028183838087320065,0.0023096543668032024,-0.0005365629779413451,0.0015701579981314006,0.002979588089675179,-0.0007783615835304826,0.0010314723354076319,-0.002630441089361742,0.0010576096966670454,2.634050750989151e-05,-0.0005851817915036895,0.0021986268218421633,-0.00012237819088122622,0.00010886947186479629
3.2552359069832746e-06,-0.00030872067885307896,7.849582158948229e-06,1.1618735901523654e-05,-0.00014495133608309401,0.001152586029336493,-4.5038351828066e-05,0.0001409677638456076,-0.002004781784258868,-3.915477314509873e-05,0.00020403921255920617,-0.0026842885586191335,-0.0005477898620166836,0.0005261005870809948,-0.0022403543841154304,0.0022168638999006066,0.0006386173398586821,-9.054568659739982e-05,0.003574912045358692,0.0007365433023646213,0.00021014475267501444,0.003117846457570029,0.0014954497405132014,-0.00037275706483070096,-0.00097910838425902,-0.002775081301903332,0.0003430249858333552,0.0002894964420834322,0.0024966990729495945,-0.0003026033613799459
3.1091421699178587e-09,-9.532598264452287e-10,3.354596498805573e-08,2.7578935894237707e-08,7.522217219688476e-08,1.361412663962924e-08,1.0691883084359455e-07,-6.269071743542259e-08,-1.243104252691268e-08,1.7540046025862385e-07,-5.623872546492367e-08,-4.035307791043351e-08,1.807733217046084e-07,-1.960579307445104e-08,-1.5278354153668296e-07,-1.4636342244088162e-07,1.0598030529259445e-07,-1.6621422911839916e-07,-2.800903019443733e-08,1.36396135566335e-07,-9.778129240610152e-08,-5.342946034196433e-08,1.1617784467242576e-07,7.568177956902543e-08,6.01712621103172e-08,-2.6536642019867813e-08,-2.4308546309913206e-08,-4.4188546820094454e-08,4.399175756139186e-09,-2.7294596341212275e-08
0.00041121525980643747,3.219258541498131e-06,1.7279482143594626e-05,0.0013994596776183681,-0.000395341596557813,-7.733046759010793e-05,0.0013743471763315563,0.002041759557578602,0.00013180548275057685,0.001329332430928403,0.003148184823696041,0.0001659801804615252,0.0009796952212928782,0.0035135998148734747,0.00014343119606195805,-0.0007738468328110527,0.0026583161121963325,0.002332850844760254,-0.00046914079054627937,0.0012216866185524988,0.0026160070566934473,-0.0005184289730222322,0.0005665885388360699,-0.001894066022297724,0.0004165818225922975,0.00011784011184951713,0.00014647980307479132,0.0010084975307570521,-0.00010852965030695952,-0.000546445129280239
3.9973234098836726e-06,-0.0003781194957143205,9.680010726102485e-06,1.417597984647638e-05,-0.00017320462732435356,0.0013785755090575818,-5.2610504400936206e-05,0.0001648538908027862,-0.0023325099905148303,-4.677345694595688e-05,0.00023133084075311673,-0.003006867060862398,-0.0006135091477383883,0.0005703882390389542,-0.0023967610524763543,0.0023718539953796044,0.0006488512829350265,-8.405723567176619e-05,0.003550842655311527,0.0006964546697297981,0.00020179188166370447,0.0027988849195459335,0.0013029723874661806,-0.00030749914692684523,-0.0007698696508775415,-0.0020754927185344485,0.00022432969690452552,0.0001896338876516972,0.0013378871742599635,-0.00012756861328547397
3.6978058260620987e-09,-1.1710650483921791e-09,3.9914701997159126e-08,3.240426380917574e-08,8.848236032847746e-08,1.614075845104358e-08,1.2246748020261288e-07,-7.19964651026272e-08,-1.4274678537369382e-08,1.9304503631554004e-07,-6.255322180746773e-08,-4.3118508286296705e-08,1.8920319839255706e-07,-2.3648721213716692e-08,-1.490500248936619e-07,-1.4035957937068338e-07,8.672577168249256e-08,-1.4795095369071382e-07,-2.1346163984358214e-08,9.26596311561047e-08,-7.616579785684019e-08,-2.5249739618606797e-08,5.0110759674772754e-08,3.93528639121896e-08,-9.70647590876305e-09,3.1765095586357454e-09,6.751882658753493e-08,-3.745959859510778e-09,-1.582291917926327e-08,-1.1882924995461938e-07
0.0004915100080631511,3.918714804539764e-06,1.6987255660823185e-05,0.001631599211128206,-0.0004683634814829642,-9.069722531057333e-05,0.0015428382755700836,0.0023126208048364323,0.0001484256491319939,0.0014082362501790342,0.003386753274005445,0.00018669724586910355,0.0009548930385352389,0.003509251248283871,0.00022873234567138625,-0.0006579945841897123,0.0022746449407432695,0.0021966553000279812,-0.00035475544037138454,0.0007245513271700434,0.001980480635652839,-0.00018783121365934966,1.5030965084633936e-05,-0.0008917481156839794,-0.0002817019564353249,0.00018788558193301425,0.0008160245629849742,-0.00036378244857700485,-6.497841434819291e-05,-0.001017525383489474
4.783222429377124e-06,-0.00045177943819729017,1.1495400677984627e-05,1.673520216757109e-05,-0.00020210747471124024,0.0016070018088698375,-6.042050954989155e-05,0.00018786231573180353,-0.0026366025556868577,-5.554842757150138e-05,0.0002542653776873862,-0.003251637195985168,-0.0006645052546672537,0.0005931850887577919,-0.00244862783782694,0.002425229063606667,0.0006197659574508256,-6.889742720855598e-05,0.003288115475591549,0.0006002362596024079,0.00017873695839456117,0.002219529758881957,0.0009820300597367818,-0.00020896273927616094,-0.0004686171822867277,-0.001118314613911672,7.115836709913994e-05,6.325197632781396e-05,-2.6052104732524523e-05,7.303635615654178e-05
4.283861980120164e-09,-1.3963158284349966e-09,4.639104990739179e-08,3.7088109659577336e-08,1.015407514676644e-07,1.86325190327862e-08,1.362172976074261e-07,-8.046634048224552e-08,-1.583670122812125e-08,2.0472024465089634e-07,-6.745427593381225e-08,-4.39669858744577e-08,1.8833862907220636e-07,-2.7921707808304125e-08,-1.347041590571954e-07,-1.2380101453412474e-07,5.70957441168224e-08,-1.1649454199756649e-07,-1.2173749291599115e-08,3.579451175871752e-08,-4.664761456227744e-08,7.118046458768237e-09,-2.4661668674522786e-08,-1.4504139164278814e-09,-7.778770064128343e-08,3.2014428849965066e-08,1.4211786413923354e-07,3.5229020131474936e-08,-3.157255519630482e-08,-1.743338188116504e-07
0.0005756036670878918,4.664371499997745e-06,1.5872019361620546e-05,0.0018619232364027296,-0.0005427927499994398,-0.00010417009128996017,0.0016880950737723866,0.002554323828328039,0.00016316965961041694,0.001437751595964681,0.00352129966508923,0.0002043268678926112,0.0008730900581513519,0.003319727929448812,0.00032018713697703376,-0.0004834248253780453,0.0017004035954896592,0.0019021643408458487,-0.0002053843392686795,0.00014432814352261753,0.0011332326323248469,0.0001627802000906425,-0.0005275378741972923,0.0002432373641990555,-0.0009024272106990934,0.00021346896017646755,0.001265423121114386,-0.0016769433772712066,6.56270098467167e-06,-0.0011732778109149865
5.605298679746073e-06,-0.000529295194564296,1.325256887426845e-05,1.923608302713106e-05,-0.0002314034404690176,0.0018351373223833623,-6.846063389724826e-05,0.00020957364049526474,-0.0029098977106980116,-6.547220227645969e-05,0.00027204575967791986,-0.0034080005419906355,-0.0006985649381429971,0.0005929341202097365,-0.0023908800700443177,0.002371419218153069,0.0005528494983053336,-4.65084464401881e-05,0.0028000306272851156,0.00045593384556087105,0.0001419494489081784,0.001430156973610796,0.0005648670934800355,-8.683428982209444e-05,-0.0001086872649338894,-2.300701137144587e-05,-9.68537024993041e-05,-7.289915397337857e-05,-0.0013784852837707973,0.000266560647484363
4.863029931803701e-09,-1.625677019515085e-09,5.292389509468291e-08,4.157271383983429e-08,1.14223275883996e-07,2.1047596805503568e-08,1.4780294847885855e-07,-8.787557907124874e-08,-1.7048679576342006e-08,2.0980522403061874e-07,-7.069765371280542e-08,-4.277480407302222e-08,1.7795461541629527e-07,-3.2070032385191004e-08,-1.1052723660871733e-07,-9.773936549492377e-08,2.009893498105574e-08,-7.46100598083947e-08,-1.5769000618509664e-09,-2.6541565464311556e-08,-1.2533427719992293e-08,3.835233425743602e-08,-9.536978847165987e-08,-4.0518253407833656e-08,-1.2961625748441043e-07,5.382074943109518e-08,1.8052684660937804e-07,6.581360413709574e-08,-3.86989408777841e-08,-1.7722696692956737e-07
0.000662919915731718,5.453893328971702e-06,1.397596107602863e-05,0.0020875365080565635,-0.0006176126455114498,-0.00011758918143965539,0.0018065024105561784,0.0027607952435110667,0.00017570347269616106,0.001415995364481619,0.003544682810069192,0.00021795025099527677,0.0007382565938798504,0.002953237818610655,0.0004085445512243644,-0.00026449411123822663,0.000987040864233153,0.0014632597582290073,-3.700933200446778e-05,-0.0004421308415374628,0.00016004529045522104,0.00047972137344254263,-0.0009670495300055757,0.0013538653029472481,-0.0013278130345653289,0.00018197393222743773,0.001393057466851576,-0.0026935581936164926,9.402510315039077e-05,-0.0009783902933241278
6.456725773625242e-06,-0.0006102034438798414,1.4913879982972767e-05,2.1627466529381602e-05,-0.0002608160727597466,0.002060278991325348,-7.667618266923116e-05,0.00022957562886318934,-0.0031461280942541706,-7.63737541986924e-05,0.0002840113170001378,-0.0034690011426324646,-0.0007139975517550844,0.0005692443982655327,-0.0022247998072404108,0.002210720236967011,0.0004524512187123651,-1.9212305030914273e-05,0.00211771052285888,0.0002761495178668016,9.351530729556165e-05,0.0005034535585089208,9.448744579020032e-05,4.619725395520147e-05,0.00026822556531208737,0.0010711033469439043,-0.00025646436608877147,-0.00020014947574330318,-0.0025021813403798185,0.000419424624635836
5.431861352573745e-09,-1.8569605393973697e-09,5.947993209347874e-08,4.581519704607339e-08,1.2640983385617736e-07,2.3356997387795047e-08,1.569929126884958e-07,-9.40923351255491e-08,-1.787337855762926e-08,2.0812481252758477e-07,-7.219487278767202e-08,-3.959692203057084e-08,1.5860902020748856e-07,-3.575555247006608e-08,-7.83624551145028e-08,-6.424297436271704e-08,-2.019127085852204e-08,-2.650758606873689e-08,9.150267613638961e-09,-8.548615072390517e-08,2.2017565444007107e-08,6.311884482398146e-08,-1.4937692917214815e-07,-7.169314854398088e-08,-1.5362306934065702e-07,6.370379835801235e-08,1.7225769612097104e-07,8.25691056711064e-08,-3.5199955882920694e-08,-1.2597062233304638e-07
0.000752996855887019,6.27993198576609e-06,1.1350694524311236e-05,0.002306054989644943,-0.000691926096381319,-0.00013079088771426357,0.0018954886960909501,0.002927320009902133,0.00018573446604286986,0.001343437925509923,0.003454558451054426,0.00022666506402080886,0.0005576902681229043,0.002428498624133851,0.00048373026562229844,-1.9385578472185915e-05,0.00019769629329918778,0.0009048067671288068,0.0001327531634921007,-0.0009586332180206569,-0.000839478085737752,0.0007158992281467584,-0.0012287061008254183,0.0022847473325490683,-0.001481966520664621,9.474979711180129e-05,0.0011788854811351124,-0.003227397100384076,0.00017741489339230675,-0.000502607964006321
7.331249018137653e-06,-0.0006941317128191996,1.644079631012552e-05,2.3863092311386032e-05,-0.00029012121070940604,0.0022801339580352156,-8.501084051566765e-05,0.0002475290884451641,-0.0033403434071283098,-8.80110511098844e-05,0.0002897223397484339,-0.0034314195228591503,-0.0007097837725564519,0.0005228655441504376,-0.001957267687593825,0.0019488914351032632,0.0003250760149896674,1.0292360121563765e-05,0.0012861278738103975,7.616104526300086e-05,3.658008789768857e-05,-0.0004747917091208824,-0.00038149906741346293,0.00017593231938397392,0.0006176280359859762,0.0020259105024645722,-0.0003840894872957771,-0.00030064219627818506,-0.0032178058561398415,0.0005031149735674253
5.987687450224205e-09,-2.0873053689761847e-09,6.601900706028817e-08,4.9775476552748476e-08,1.3796692059647105e-07,2.5528174597484413e-08,1.6357614575681005e-07,-9.896834410388628e-08,-1.8273524235712652e-08,1.9964499364723216e-07,-7.183048370134048e-08,-3.453878877828759e-08,1.3116912286544776e-07,-3.8524666034062e-08,-4.042447902687141e-08,-2.577640948796268e-08,-5.940986038920198e-08,2.3403418976794407e-08,1.8719442384284567e-08,-1.328845719410991e-07,5.322152241719177e-08,7.72718637521013e-08,-1.7730285016554274e-07,-9.068799206370634e-08,-1.444647542098582e-07,5.958722663999017e-08,1.1924486437861887e-07,8.33718962215445e-08,-2.2127133791304816e-08,-3.6033287562620285e-08
0.0008454735013804023,7.140893125168354e-06,8.032093363240064e-06,0.002515554024081093,-0.0007649795278288497,-0.00014365930936192199,0.00195347586718355,0.003050563585209775,0.00019306358362672132,0.0012226860005659073,0.0032532528351203426,0.0002296718852804834,0.00034127370410634637,0.001773113274855032,0.0005360891995982443,0.00023189043301597798,-0.0005996832070013406,0.0002613778034196955,0.0002867253757080239,-0.001340413695757033,-0.0017626362015402404,0.0008378989173204718,-0.0012698340156008763,0.0029037920849115458,-0.0013438752875699106,-3.2239947478487446e-05,0.0006854521601522463,-0.003176060792867767,0.00023307304808399394,0.00010456377344684416
8.226666853557853e-06,-0.0007808034335490503,1.7800538534139526e-05,2.5913919234785222e-05,-0.0003191274214082306,0.00249280075521511,-9.337040055417647e-05,0.0002631303818525147,-0.003488857696206688,-0.00010000567195324885,0.00028886678284879976,-0.0032955760522452968,-0.0006854581174798429,0.00045547709111524906,-0.0016001770239359168,0.0015964633906283396,0.0001788465906280731,3.9007387998733675e-05,0.0003602987426193853,-0.00012744227430398823,-2.496773563171987e-05,-0.0014143275443576997,-0.0008158478222606682,0.0002882463952393507,0.0008977108375392934,0.002721977628339957,-0.00045950898378900536,-0.00035984768692947527,-0.0034115154993635197,0.0004997637179041106
6.528471315379494e-09,-2.3149681930289136e-09,7.252163750051235e-08,5.3431749295492196e-08,1.4881725820385832e-07,2.7541467640425645e-08,1.674744417053242e-07,-1.024360097077009e-07,-1.8241215762165107e-08,1.8472231819554332e-07,-6.961456376915082e-08,-2.785011661486162e-08,9.708551591774579e-08,-3.9992669617786885e-08,4.893858483450295e-10,1.4706977654247044e-08,-9.322616198220722e-08,7.03870170659007e-08,2.5997505645173452e-08,-1.6204829189503914e-07,7.758315113626532e-08,7.836961104867993e-08,-1.7404056710341564e-07,-9.505164451702691e-08,-1.0352591871479943e-07,4.2259643400137886e-08,3.4309437711059314e-08,6.888449060116386e-08,-2.958255514929955e-09,6.608400881329195e-08
0.0009398241494276921,8.023844689194186e-06,4.040923894792441e-06,0.002713958557004551,-0.0008359666214364475,-0.00015602849458560346,0.0019796956406642153,0.003128137865367204,0.00019752805154748583,0.0010586261560346993,0.002947647305096192,0.0002263574814074617,0.0001013962512082369,0.0010226024031935006,0.0005572036127119768,0.00046854732338897514,-0.0013375031194065648,-0.0004242217408576931,0.0004096103314129184,-0.0015416118289747443,-0.0025133444810766506,0.0008304209089978063,-0.0010859850750079732,0.0031201797379366925,-0.0009492917915541512,-0.00017191844689048386,4.0089874635975735e-05,-0.0025400150949041306,0.00024075087832333268,0.0006595397180078051
9.136370144972744e-06,-0.000869799864869004,1.895395776999282e-05,2.7741738336115087e-05,-0.00034761296444685714,0.002696195531431891,-0.00010163554116477892,0.00027609861462086534,-0.0035888515329694486,-0.00011188295374356375,0.0002813572735258917,-0.003065430202412326,-0.0006412469459868643,0.0003698504822083619,-0.0011702787113090057,0.0011689571810532568,2.31114549152486e-05,6.414617689141205e-05,-0.0005970285969124134,-0.00031814068683798765,-8.64878001812604e-05,-0.0022274332228380714,-0.0011661732681644585,0.0003704117279084791,0.0010737728797866148,0.0030727364091786154,-0.0004688577883806414,-0.000368613523740098,-0.00305270771533281,0.00040597456917411824
7.0502329252311205e-09,-2.537110362370352e-09,7.894626940783022e-08,5.67546619385236e-08,1.588511829789477e-07,2.9371135622564166e-08,1.6863471506776489e-07,-1.0441618904843406e-07,-1.777258896591838e-08,1.638863024054478e-07,-6.555228987615393e-08,-1.9831632136710536e-08,5.8066486416396534e-08,-3.975771852694669e-08,4.1504316864264404e-08,5.4209793990788954e-08,-1.1790986358581543e-07,1.102660028404861e-07,3.0134154627943514e-08,-1.689321850218182e-07,9.267266577432269e-08,6.618682912875642e-08,-1.4006538002014216e-07,-8.491791526836583e-08,-3.913357512650961e-08,1.5491313409981182e-08,-6.122198456705596e-08,4.275483244239009e-08,1.710233028407089e-08,1.4962840146927954e-07
0.0010357022163098196,8.925942001790282e-06,-6.485838205624074e-07,0.0028999621484979174,-0.0009043089300935136,-0.00016781567523463267,0.0019748431660252625,0.003159463623061763,0.000199072643845433,0.0008582891879167305,0.0025488067511493058,0.00021625152160656842,-0.00014866088068342062,0.00021574449041931323,0.0005415730979621655,0.0006728937405797233,-0.001960130338246516,-0.0011060684724690992,0.0004911036151813252,-0.0015451130575458263,-0.003018017709155603,0.0006995485223619652,-0.0007124073624269425,0.0029026204610668963,-0.0003799759797362061,-0.00029302289173599693,-0.0006048923783216309,-0.001423604787685924,0.0001904176814120969,0.001008256099532585
1.0064797041117885e-05,-0.0009608895424258046,1.9867599467507502e-05,2.9342993459943215e-05,-0.0003754316863799606,0.0028888627775093853,-0.00010967450598943876,0.0002862231245379868,-0.0036390474787914486,-0.00012313819537709462,0.00026720364641503644,-0.0027480797988136646,-0.0005780129305119877,0.00026927091820047654,-0.0006871592866715202,0.0006848748506716648,-0.00013277734271514825,8.32291044189204e-05,-0.0015234542836574478,-0.00048146923515427593,-0.0001433207480652192,-0.0028414029986033023,-0.001400607308340359,0.00041303203343922185,0.0011242660466788778,0.00303825817605206,-0.0004079825378866402,-0.0003247432190280401,-0.002199455967458112,0.00023459407310102135
7.548716984788914e-09,-2.7516265369095468e-09,8.527243390269977e-08,5.973803687552114e-08,1.6801661919029356e-07,3.1003111929894086e-08,1.6714591233630186e-07,-1.048907137416115e-07,-1.688856291216274e-08,1.3798388418168542e-07,-5.972767873769911e-08,-1.0871997026296079e-08,1.6108023343023047e-08,-3.756739073437065e-08,7.978804474762487e-08,8.99136385196442e-08,-1.3089189250227506e-07,1.3962073890351872e-07,3.07298513393706e-08,-1.5269652419222973e-07,9.70348703693793e-08,4.268946399143688e-08,-8.096181382192431e-08,-6.233698882870738e-08,3.5858601162533214e-08,-1.518795901592598e-08,-1.441555504968519e-07,1.0153795633103578e-08,3.2859329162149276e-08,1.9027425936373102e-07
0.0011325671704272026,9.818736518843833e-06,-6.170619274033599e-06,0.003072119836148664,-0.0009695291193818072,-0.00017883938539135232,0.0019406519742460528,0.0031451974584313473,0.0001976738611470915,0.0006309850693713824,0.0020713737259640034,0.00019923038782568994,-0.00039430626871657875,-0.0006071934301480443,0.00048651404057356264,0.0008298490820247669,-0.0024266148136428967,-0.0017390089213171784,0.0005256195597804126,-0.001361954446649034,-0.003231457700474193,0.0004699858317232499,-0.000215849833146744,0.002279068712377423,0.0002547741093404413,-0.0003671848730869108,-0.0011086323713648265,-8.677819968131081e-06,8.642503506978048e-05,0.0010668947433719624
1.1019137485823892e-05,-0.00105367746562237,2.049187504197607e-05,3.07109380833249e-05,-0.0004025008191750735,0.0030696370051445177,-0.00011737602653798521,0.000293462356545822,-0.0036396739448463448,-0.00013320686295332514,0.0002467390036075484,-0.0023528287471915,-0.0004969865517051661,0.00015734168164635557,-0.00017071131005268452,0.00016314270712492406,-0.0002806935464068781,9.433933141629509e-05,-0.0023646976264607047,-0.0006070495103543373,-0.0001917428337466471,-0.003206094935069265,-0.0015013395828938681,0.0004114157246738571,0.0010415921426253185,0.002624372606968262,-0.00028170989390793714,-0.00023263533835167957,-0.0009740836585082031,1.054663539682722e-05
8.01620051418861e-09,-2.9554531175929905e-09,9.146391307379394e-08,6.235868392956285e-08,1.7626394632266104e-07,3.242120721756321e-08,1.631540005690079e-07,-1.0387490665950983e-07,-1.561655339304863e-08,1.0799303723718182e-07,-5.2198838336357026e-08,-1.3601426558329179e-09,-2.683982804118218e-08,-3.314304247929706e-08,1.130620091459361e-07,1.1960590952298803e-07,-1.3094015798669e-07,1.566002288893709e-07,2.783262413150116e-08,-1.1566884015180392e-07,9.069473321124908e-08,1.1544543869961122e-08,-6.200162472304956e-09,-3.087568891564347e-08,1.0694656661643195e-07,-4.3708446204147255e-08,-1.950545310078535e-07,-2.3568866890992724e-08,4.043941625945965e-08,1.763435878025748e-07
0.0012311366459711913,1.0483611151039314e-05,-7.833245475622615e-06,0.003229013868500474,-0.0010205068624173476,-0.00018662915295446914,0.001880548464218467,0.0030669154001312783,0.0001912977788684131,0.00038783425726272695,0.001504463413344912,0.00017256077594070396,-0.0006161690050066051,-0.0014123681752778471,0.0003829494344081395,0.0009154579706986634,-0.0026701581992121947,-0.0022568930038020826,0.0004993898643958746,-0.0009875057146294297,-0.0030437274980158074,0.00016159887119349578,0.0003288987735662166,0.0012140544532537533,0.00083181655325355,-0.00035445478962926663,-0.0013101498218042,0.0015328150928412645,-6.424107983974759e-05,0.0007646566391917147
1.2232116718250993e-05,-0.001149431977271449,2.3602090991465378e-05,3.362644049969157e-05,-0.00042355492222151257,0.003239036663315039,-0.00011991075920792999,0.0002940815598499629,-0.0035796436802289964,-0.00013853352188326751,0.00021710624867955395,-0.0018604016750502828,-0.0003944075060532195,3.161788517307141e-05,0.00038573876216897263,-0.0003969563066658772,-0.00041899224858446153,0.00010012433856102732,-0.0030744066872318075,-0.0006844798634145713,-0.0002247666777716653,-0.0032375305529672442,-0.0014298768970637478,0.0003534695960829167,0.0007983005954116646,0.0017642566373253783,-8.930241145061175e-05,-8.989500635862538e-05,0.000583898175585942,-0.000246591355840909
8.430897746055701e-09,-3.142899272355896e-09,9.74906559660072e-08,6.443772747787907e-08,1.8344792047604442e-07,3.35706926973558e-08,1.5626681875723465e-07,-1.0119174742293576e-07,-1.3904073619411519e-08,7.409193919893203e-08,-4.2513012932409695e-08,8.432924079838514e-09,-6.900955415377174e-08,-2.520208300045282e-08,1.383801544807073e-07,1.4013876221016605e-07,-1.1462297487505558e-07,1.5844405600906315e-07,2.1079964911337325e-08,-5.827674766963014e-08,7.295919702187605e-08,-2.3780906888001426e-08,7.496477476858315e-08,7.1977157491852905e-09,1.5815558130699086e-07,-6.366130538454458e-08,-1.9362890246376746e-07,-5.522859297100389e-08,3.632586398445179e-08,9.998586256072354e-08
0.0013295540778801651,1.1394113637044017e-05,-1.6734701537337976e-05,0.0033574949004421743,-0.0010758426949474139,-0.00019509262167507674,0.001776007904723485,0.0029341425127493237,0.00018162107583385935,0.000130741011947447,0.000882116532448664,0.00013563704715131245,-0.0007907919956159225,-0.0021219664169063106,0.00022325916520751004,0.0009050779233959811,-0.0026363504030731083,-0.0025976189876519376,0.00041330339120987104,-0.0004703656283130986,-0.002457647324214006,-0.00016599898986729386,0.0008001208608046032,-0.00010585867158003774,0.0011952358898714454,-0.00024051675550070187,-0.0011251296401108923,0.0028108538165689365,-0.00022496228946457613,0.00019437749500034673
1.3185953824608014e-05,-0.001246375671501428,2.3491881152711044e-05,3.423674349069342e-05,-0.0004481501170907666,0.0033862071866222043,-0.00012626545146488015,0.00029339853705803357,-0.0034532984746657234,-0.00014374323150610093,0.00018212783355265116,-0.0012982487243762264,-0.0002730675781030126,-9.515833383900688e-05,0.000919756000111661,-0.0009472849643530673,-0.00052129093599871,8.965305319821123e-05,-0.0035367298650512908,-0.0006914030467375955,-0.0002393165314905245,-0.002887330135495699,-0.001182126537499747,0.00024380403044626267,0.0004178668873032997,0.000601271026943858,0.00014099413396513393,7.694967481343672e-05,0.0020866474372213347,-0.0004714888692920282
8.786549085470665e-09,-3.3069052679737023e-09,1.0309074828934197e-07,6.589661419993941e-08,1.8913234083942227e-07,3.437923198274547e-08,1.4675984257866579e-07,-9.680549907573762e-08,-1.1833346274926153e-08,3.873978448034128e-08,-3.129263841394134e-08,1.7575398183426915e-08,-1.0602900327994874e-07,-1.4478801038767986e-08,1.5173395229091104e-07,1.480372506373859e-07,-8.345698015908816e-08,1.432429282994204e-07,1.1501056810010705e-08,9.06448224915167e-09,4.590141761568598e-08,-5.477985740292509e-08,1.420573715285224e-07,4.289764765290105e-08,1.7121141177344764e-07,-6.773380023157791e-08,-1.3391277243794918e-07,-7.467608734458221e-08,2.0640178922400832e-08,-1.4543966631257283e-08
0.001429003368129928,1.2348315614817367e-05,-2.6480238714048712e-05,0.003463984241696133,-0.0011243176027196278,-0.00020225991024898395,0.0016400930437513676,0.002746289415437666,0.0001683914484621198,-0.00012962792865613764,0.00022535010604830032,9.130132128254637e-05,-0.0009190788456189239,-0.0027026218059010656,3.093111934405159e-05,0.0008154681944245063,-0.0023552042493516336,-0.0027229989730977234,0.0002827093237051405,0.0001036118171170551,-0.001556931782776286,-0.0004587663666109448,0.0011189546619360903,-0.001442606290154932,0.0012951355160899184,-5.6619477921172893e-05,-0.000648444090730687,0.00353803433442953,-0.00034427278099666715,-0.00042238694036734114
1.4146001224642329e-05,-0.0013449010530722442,2.3037264948232505e-05,3.449079716414582e-05,-0.0004709347056097291,0.0035130363720664525,-0.0001315116939434468,0.0002885415249637349,-0.003266594102218803,-0.00014567083469615465,0.00014162272733045738,-0.000690421250596809,-0.0001394042022198608,-0.00021734725792161368,0.0014035479135824514,-0.0014509008405679895,-0.0005851754063358476,6.87620311423063e-05,-0.0037146200325157853,-0.0006338933704261521,-0.00023118907593918877,-0.002207640946855623,-0.0007970760169978877,9.830158649070675e-05,-3.2325140332409545e-05,-0.0006610470422702523,0.00035493401268858434,0.0002353649442684861,0.003208362924564956,-0.0006008850107884061
9.118586836587225e-09,-3.4591900590840834e-09,1.0847031647991198e-07,6.691018424180897e-08,1.9358703583484347e-07,3.4914039672079384e-08,1.3486565015660582e-07,-9.084489256362703e-08,-9.451495728008816e-09,2.496940934828924e-09,-1.9007660161520198e-08,2.5842141227369824e-08,-1.3708899289048064e-07,-1.9879011754036436e-09,1.531699166497563e-07,1.4378763025435235e-07,-4.181219481902236e-08,1.134974127453015e-07,4.830313441162857e-10,7.594885866563018e-08,1.3596606469801424e-08,-7.607541947790129e-08,1.8301699251734864e-07,6.960156784855214e-08,1.4445774778291977e-07,-5.5573027248123336e-08,-3.52172164717707e-08,-7.769486934884109e-08,-1.3179935547781017e-09,-1.2587095338300854e-07
0.0015296467785777446,1.3337590726685673e-05,-3.6829481513214706e-05,0.0035490406108292603,-0.0011656276105445507,-0.00020811107383703802,0.0014757025076184,0.0025076956211668956,0.00015197949001313193,-0.00038561324431116714,-0.00044277060141618025,4.127666879209216e-05,-0.0009959185884056987,-0.003124030559389335,-0.0001801305788853575,0.0006557053940740033,-0.0018618137219625847,-0.0026187425032363513,0.00012360257447320322,0.0006527241337104666,-0.00045217740994743695,-0.0006707079751627533,0.0012295257320924006,-0.0025744020834487943,0.0011253500688382862,0.00015744998462271045,-2.3845820424986455e-05,0.0035561566194076454,-0.0003840170471979538,-0.0008769310778087754
1.5104671580519206e-05,-0.0014450763604493952,2.230567559423907e-05,3.436731160480832e-05,-0.0004917634455596917,0.0036194042420576054,-0.00013557242370236818,0.00027957833143365775,-0.0030232269739857774,-0.00014411954189392676,9.681238209337836e-05,-5.607086128811973e-05,2.230929148906848e-06,-0.0003294481900081649,0.00181429475016345,-0.0018828181439122928,-0.0006077028520530117,4.001816172484082e-05,-0.0035975130229457327,-0.0005196868735237599,-0.00020044547088672232,-0.001275192351409915,-0.00032145718316533596,-6.397317130072638e-05,-0.0004876710492110106,-0.001836282229162015,0.0005123038827619004,0.00035801728718766045,0.003742442767899234,-0.0006041820917630811
9.43546652649129e-09,-3.603086560055453e-09,1.1369417402762329e-07,6.752521752511953e-08,1.9688826331003194e-07,3.519591978233246e-08,1.2078347933622628e-07,-8.340568919638256e-08,-6.806126443409057e-09,-3.373823186182444e-08,-5.991861058911883e-09,3.294421044650648e-08,-1.6107468082770036e-07,1.1584230698035647e-08,1.4302524129999263e-07,1.2814426907384887e-07,5.6986798171732125e-09,7.275890009928034e-08,-1.0555365186896521e-08,1.326416854124624e-07,-1.9653071597044e-08,-8.396092662980684e-08,1.9043042455798793e-07,8.328346987223751e-08,8.407956763786277e-08,-3.0260148893867214e-08,7.460123662197516e-08,-6.468647688747242e-08,-2.2806976624487596e-08,-1.963414743678781e-07
0.0016314887975838576,1.4359804013618083e-05,-4.761877719314442e-05,0.0036127750750452278,-0.001199468558102324,-0.00021262747802306133,0.001285882745760125,0.0022231274936455577,0.0001327369908082142,-0.0006293658299043833,-0.0010987884180418308,-1.2656894837259355e-05,-0.0010179375953164591,-0.0033637317942363776,-0.0003945351777169975,0.00043941256447920424,-0.001207270833275601,-0.0022882004786947113,-4.589664500511422e-05,0.0011021642900107046,0.0007237885304807613,-0.000771028667240881,0.0011150049644651266,-0.003311966753593299,0.0007364939030358031,0.0003529982450812012,0.0005731943009614885,0.0028516741576422072,-0.0003255991903708452,-0.0010238331849817483
1.6058646115442268e-05,-0.0015468158526161658,2.1341014638613995e-05,3.3865474915978554e-05,-0.0005104779344850384,0.003704851074923015,-0.0001383313626880767,0.0002666185554107175,-0.002727687546835663,-0.00013885494870293798,4.8998944880888525e-05,0.000583884387538525,0.0001470551495407836,-0.0004262975631220546,0.0021313223554888148,-0.002219999057355926,-0.0005885018996046793,6.514553823874207e-06,-0.003194622310507253,-0.00036097452184601027,-0.00014930399438193423,-0.00019287034005597463,0.0001891006532949435,-0.00022133143511343195,-0.0008811938315509869,-0.0027492176756920093,0.0005811931268413056,0.0004228003523683909,0.0035854403858221785,-0.0004767171805493169
9.740852431897345e-09,-3.740222397271604e-09,1.1879047172749755e-07,6.776022631236226e-08,1.9906019953441709e-07,3.523412051374313e-08,1.0474702435540392e-07,-7.46139393383419e-08,-3.9592523704413074e-09,-6.88659595797596e-08,7.3583958418839214e-09,3.8564164570751724e-08,-1.76872662963975e-07,2.5449751532303307e-08,1.2216577803343737e-07,1.0244910637392821e-07,5.3868323341908744e-08,2.54224582736908e-08,-2.0188070819559272e-08,1.7070600165372833e-07,-4.9614151491298686e-08,-7.695535787260003e-08,1.6277161293805529e-07,8.240604271966811e-08,3.7293905311753605e-09,2.1042429023921987e-09,1.646777592614741e-07,-3.937251584953908e-08,-3.734228020368143e-08,-2.0187331476948904e-07
0.0017344838041067024,1.541115682715909e-05,-5.879272250532872e-05,0.0036551417000671915,-0.0012256754466488768,-0.0002157833252328416,0.001073884739627811,0.0018977318388187206,0.0001109947453512767,-0.0008530519872651872,-0.0017202861242903262,-6.866468985749711e-05,-0.0009837078694363798,-0.003409566758521273,-0.0005963276639675806,0.00018389706670463816,-0.00045510156168019597,-0.0017533260644624047,-0.0002073926551918464,0.0013928014306879312,0.0018305454270543206,-0.0007479605660514548,0.0007995148871593956,-0.0035291351323596073,0.00022250768152841542,0.0004828604224759052,0.0009828804442675685,0.0015604641354714393,-0.00017621507417846143,-0.000825430934691367
1.700508553330245e-05,-0.0016500574023054447,2.018406395990689e-05,3.2985534339794874e-05,-0.0005269478645971068,0.00376902631635714,-0.0001397002194734938,0.00024983634509963585,-0.002384957453955571,-0.0001297684329608636,-4.6420084728919985e-07,0.0012091712797247468,0.00029021300703941836,-0.000503604382082945,0.0023393589858130247,-0.002444645792760445,-0.0005300610163327148,-2.8269648675936126e-05,-0.0025372303641837323,-0.00017321318326438847,-8.205588068456015e-05,0.0009210815508316558,0.0006768580981011185,-0.00035254718710765254,-0.0011545650241871314,-0.0032653716178692393,0.000545904469364779,0.0004172709723095396,0.0027645398528869515,-0.0002436821408678101
1.0036325058810114e-08,-3.8717591032745425e-09,1.237771613002594e-07,6.762576234699399e-08,2.001182833133899e-07,3.503587995569215e-08,8.699586946218698e-08,-6.459813862033321e-08,-9.69542641848821e-10,-1.0187776664432186e-07,2.0666592207875687e-08,4.2471379378256984e-08,-1.838378936975373e-07,3.878607856988764e-08,9.227324216583687e-08,6.882267688682275e-08,9.744344172685526e-08,-2.3568494622933452e-08,-2.7197962779298834e-08,1.845242205308939e-07,-7.266325691255757e-08,-5.624315128134579e-08,1.0501651219142035e-07,6.805767363661172e-08,-7.843708007088211e-08,3.386611536741687e-08,2.0978360967830955e-07,-7.682713103012805e-09,-4.0647386036499157e-08,-1.403261333226879e-07
0.001838541594925387,1.648957214393727e-05,-7.031033091689019e-05,0.003676077113823252,-0.001244115045367491,-0.00021757097735099597,0.0008432077902785837,0.0015371738517678557,8.712213641894317e-05,-0.0010493888939837924,-0.002286079602525379,-0.00012480722828551256,-0.0008944905790719525,-0.0032598832077992625,-0.0007695983529878267,-9.043990351628774e-05,0.0003244528477137904,-0.0010532989333470939,-0.00034386934607771744,0.0014888156763354545,0.002735145049622076,-0.0006100420722209242,0.00034380867872249766,-0.0031816195551136435,-0.0003009493689218042,0.0005122509605743536,0.0011030387616065296,-6.026464108784703e-05,3.105719749757501e-05,-0.00036074467736947857
1.7943319735003953e-05,-0.0017547029340993902,1.8869270555500843e-05,3.1733234515640064e-05,-0.00054106317397406,0.0038116074068955423,-0.00013960587951375076,0.00022945316912306542,-0.002000652967898283,-0.00011680455339843091,-5.022820466569929e-05,0.0018000224064077682,0.00042690503936655336,-0.0005580273079169917,0.0024284077880066053,-0.0025444423634662745,-0.0004373709816505335,-6.0845148147611066e-05,-0.001675566785885073,2.626634074886708e-05,-4.710260902246291e-06,0.0019452657539804764,0.001087836067753711,-0.0004395608710416237,-0.0012659919643569868,-0.003308030386398977,0.0004099169059333034,0.00034079491122816557,0.0014288516303309629,4.560353964609495e-05
1.0322977987843723e-08,-3.998730736502694e-09,1.2866889409863242e-07,6.712545811362241e-08,2.0006685147814092e-07,3.460575016029113e-08,6.778569391330849e-08,-5.350789171732701e-08,2.0986396808378326e-09,-1.3175626421802968e-07,3.353517801925616e-08,4.4477809012241894e-08,-1.8160855747883276e-07,5.073894953754901e-08,5.555044480542531e-08,2.9876169585418464e-08,1.3155068157994778e-07,-6.927122115050872e-08,-3.06738151452416e-08,1.7178695801536804e-07,-8.619295583342569e-08,-2.5373697808862134e-08,2.7615652876888263e-08,4.3556173604955075e-08,-1.4362556682537263e-07,5.749395512265102e-08,1.9691348592442738e-07,2.3613310205399614e-08,-3.185830832672925e-08,-3.184487574727298e-08
0.0019436953537334946,1.7594402184644208e-05,-8.214827052653561e-05,0.0036755856201292052,-0.001254766841692841,-0.00021799150540387373,0.0005971293377004768,0.0011470734986884262,6.145169715848149e-05,-0.0012122111590644287,-0.0027778768982744326,-0.00017918331871049462,-0.0007539311852590764,-0.0029236052778286717,-0.0008999797858052057,-0.0003622842434152866,0.0010616680068212439,-0.00024102500401849158,-0.0004417258909429487,0.001381537373970312,0.0033287700563773967,-0.00038337475601903564,-0.00016725852836743972,-0.0023147298212646905,-0.0007232972431312576,0.00042723114167479427,0.0009147191955515137,-0.00168519695901434,0.00024496276229242394,0.00020480852747466942
1.887235768739116e-05,-0.0018607836827830002,1.7426409878664438e-05,3.011588709262879e-05,-0.0005527460347950767,0.0038324043107438766,-0.00013798634846353905,0.00020571990481195741,-0.0015803780815077913,-0.00010002239463571466,-9.900877484929674e-05,0.002338745941757724,0.0005525989499024517,-0.0005873596628674543,0.0023945504324756122,-0.002513378797431236,-0.00031726306928909044,-8.804606448321386e-05,-0.0006740786499960693,0.00022029798910031694,7.567127152077108e-05,0.002769169785137052,0.001377985131001187,-0.00047000767758080493,-0.0011968665079799172,-0.00286878785155921,0.0001959240509750262,0.00020457751988259295,-0.0001793505258927027,0.00032868860999425714
1.0601863703155063e-08,-4.12198802865167e-09,1.3348304046369772e-07,6.626320865672592e-08,1.989122871706008e-07,3.3948286658544835e-08,4.735756142255272e-08,-4.148410493246412e-08,5.1872504545596445e-09,-1.5766544890344837e-07,4.5608584054976066e-08,4.449895660749607e-08,-1.7033650339653122e-07,6.051033368672093e-08,1.4694706575535208e-08,-1.1394503704827344e-08,1.5233903237077264e-07,-1.0723889872095368e-07,-3.017054072090249e-08,1.3407581562333306e-07,-8.89228079919859e-08,1.0313336181792768e-08,-5.542827384008528e-08,1.3640074694148062e-08,-1.7692788114808563e-07,6.750814854080164e-08,1.2917263387987997e-07,4.8494644595259224e-08,-1.3749237533420544e-08,8.775441664135299e-08
0.002049839306218917,1.8719493674934792e-05,-9.425666360140904e-05,0.0036537435811162373,-0.001257646650778798,-0.00021707374061287149,0.00033924816437064313,0.00073375532796551,3.440295308810866e-05,-0.0013362180286820458,-0.003179430171256907,-0.000229859835123671,-0.0005682460466546232,-0.0024196084399160287,-0.0009753238837596452,-0.0006101324935742162,0.001692148122266999,0.0006196502717792855,-0.0004915998916730066,0.0010897561418557022,0.0035372398143221164,-0.00010720426758157846,-0.0006396222943943692,-0.0010567211038587491,-0.0009613862249514339,0.00023928365316291155,0.00048357385315670305,-0.0029840113431093174,0.00040865538635570807,0.000676484925811099
1.979342735149702e-05,-0.00196819745712147,1.5893153384429563e-05,2.813629970014534e-05,-0.0005619392274762298,0.003831274572670102,-0.00013485667345269935,0.00017896628726682802,-0.0011305065622655274,-7.957035010465932e-05,-0.00014552039933079006,0.002808836983376557,0.0006631014437900669,-0.0005904622268090194,0.0022396098877746156,-0.00235185694345814,-0.0001782408780323526,-0.00010720607114106044,0.0003919992749109277,0.0003925572440151054,0.0001514423921590737,0.0033030112646896923,0.0015168189389169224,-0.00043871031407733817,-0.00095397986599441,-0.002008165014025458,-5.833852978666778e-05,3.0296764637712223e-05,-0.001767343690474242,0.0005433299653537287
1.0874441666541655e-08,-4.2427245424727005e-09,1.3823641529432533e-07,6.503986639832486e-08,1.9665005002263725e-07,3.3065803703993143e-08,2.5959973175585735e-08,-2.8686328232004027e-08,8.238553225414282e-09,-1.788206752616575e-07,5.652639922265852e-08,4.2510830196442096e-08,-1.5048360327403697e-07,6.737406873321945e-08,-2.7394591362999212e-08,-5.188485524606771e-08,1.57219365518718e-07,-1.3387798878759544e-07,-2.569887566733507e-08,7.635817826507824e-08,-8.092285270523814e-08,4.461934413145809e-08,-1.2901674898918576e-07,-1.6404262816716755e-08,-1.7025668098302395e-07,6.155020520379598e-08,2.4625501263630225e-08,6.265518253097515e-08,8.157285479065655e-09,1.7871930735549894e-07
0.0021570552473670515,1.986550028074798e-05,-0.00010652979529685967,0.0036107178143061536,-0.0012529375903346548,-0.00021486812141955158,7.227212633250788e-05,0.0003030091833935887,6.2560341796537564e-06,-0.0014179286682882404,-0.003478767195964591,-0.00027519984546098167,-0.00034498500934319046,-0.0017743526697219585,-0.0009874850717664274,-0.0008158348131411994,0.00216485257735546,0.0014618933122732833,-0.0004899312844804318,0.0006546110836785647,0.003331908531188875,0.00017497503170147257,-0.0009898578549557327,0.00040419825858596274,-0.0009772474547911087,-1.8046918099250412e-05,-6.422154971845924e-05,-0.003694171744557971,0.0004760185265482731,0.0008987579042856354
2.070381117012952e-05,-0.0020769700480275694,1.427985664694947e-05,2.582366243230823e-05,-0.0005685900292748875,0.0038082546660399294,-0.00013010267944166365,0.00014947822294461671,-0.0006570832057218133,-5.568742450538334e-05,-0.00018867938169321688,0.0031972011249899917,0.0007545605929770566,-0.0005675190245866415,0.0019714356957948615,-0.002066568038068839,-2.9010606461496858e-05,-0.00011677356707272438,0.001445068047336918,0.0005304785505104865,0.00021535937581062192,0.003489938619037986,0.0014910718131315272,-0.00034887899339629394,-0.0005699685327893034,-0.0008447474992214618,-0.0003068669331989339,-0.000154020129777031,-0.0030505396049301096,0.0006439169084462518
1.1143053223488283e-08,-4.3614928246160456e-09,1.4295641117613064e-07,6.345916184730804e-08,1.9327560762370633e-07,3.196033842672593e-08,3.785446503929434e-09,-1.5245008769584226e-08,1.1200090413190702e-08,-1.946946416210997e-07,6.598637187727192e-08,3.8580400482926756e-08,-1.2292189152982294e-07,7.076719983277877e-08,-6.784406840093672e-08,-8.869182771532866e-08,1.4533756688140008e-07,-1.4687888150967912e-07,-1.7789691727879023e-08,6.35990950195658e-09,-6.352524406636722e-08,7.168555835623176e-08,-1.8003157003692472e-07,-4.1808749453995045e-08,-1.2455601203398011e-07,4.1021165409690226e-08,-8.878197851725408e-08,6.424671028640822e-08,2.739179405198205e-08,2.1095579319956754e-07
0.0022654710112911592,2.1043805401601482e-05,-0.00011884322415485277,0.003546788484260533,-0.0012409163368269922,-0.00021145615265452178,-0.00020149941689119849,-0.00013984722884914544,-2.293824869050871e-05,-0.0014555410780439128,-0.0036685783026089197,-0.0003139299340472645,-9.314165209611193e-05,-0.0010196300677259133,-0.0009323789935138563,-0.0009655409549208009,0.0024478368993695863,0.0022229608708081486,-0.0004392105035968674,0.00013377585937306046,0.0027316830337405203,0.00042300791769809355,-0.00116122095432191,0.0018564605920560484,-0.0007854002348010302,-0.0002954264492415624,-0.0005804733479680144,-0.0036771917106044865,0.000424684714605451,0.0008093941804437771
2.1608796145900373e-05,-0.0021870278360257107,1.2729632732936529e-05,2.3107251861974955e-05,-0.0005729455971286994,0.003763862909562831,-0.0001243699900486079,0.00011820450226568067,-0.00016561280364232308,-2.859966336981829e-05,-0.00022773338760355717,0.0034950254669877225,0.0008259500517244045,-0.0005205880661755955,0.0016014169816191402,-0.0016705275021382591,0.00012030592067019146,-0.0001149266779805422,0.0024160767771222785,0.0006227747892274242,0.0002640691723342647,0.0033121672719048528,0.0013063398436303606,-0.00021062639422311436,-8.964505258168177e-05,0.0004680912451469209,-0.0005093338242331809,-0.00032263175039193943,-0.003811769489133679,0.0006047003538436775
1.1411986020549261e-08,-4.482727173939433e-09,1.4769882320111315e-07,6.15203476355676e-08,1.8876999490874837e-07,3.0621886065552235e-08,-1.910603272819907e-08,-1.1875918680612058e-09,1.4083633480177644e-08,-2.050681623933549e-07,7.379171606960083e-08,3.2822402168135944e-08,-8.863719013425782e-08,7.02754462434153e-08,-1.045254622397865e-07,-1.1962269623729593e-07,1.1750947368953996e-07,-1.456244750496389e-07,-7.2148249804886945e-09,-6.742645151329138e-08,-3.866901573448048e-08,8.718086366623654e-08,-2.0031969117026244e-07,-5.954990887307391e-08,-4.8536636127708034e-08,1.0520346402366462e-08,-1.8268203680500451e-07,5.3613548257720416e-08,3.8786386894786367e-08,1.7397132279039322e-07
0.0023783038942754692,2.2196462032136033e-05,-0.00012722913363489712,0.003456641663041672,-0.0012158723801869067,-0.00020594973612892504,-0.0004943152467875008,-0.0006078509223159704,-5.409098451718023e-05,-0.0014425386532598437,-0.0037190087353693724,-0.000344149966138191,0.00019356482453854472,-0.00013309386539754934,-0.0007920152007324047,-0.001042765323447236,0.002489459915900046,0.002848324933545202,-0.0003334312022729199,-0.00044001225713424514,0.001672770479827505,0.0006023963678391125,-0.0010881934433878415,0.0031200473413284173,-0.0003989132165181604,-0.0005438081986018838,-0.0009171808518412689,-0.0027443550944933432,0.00022945674425757436,0.00038422303078459617
2.2663666771924874e-05,-0.0023025332309972715,1.298116418138141e-05,2.036105283758184e-05,-0.0005727461562509051,0.0036918103101522123,-0.00011761972279469898,8.335251230026311e-05,0.0003767582898098289,2.2324531739320074e-06,-0.0002622022911160346,0.003686208615906208,0.0008722911232780965,-0.0004400537178683712,0.0010829923184453782,-0.0011143755719741407,0.0002752241336310082,-0.00010013690659388622,0.0032941918612477217,0.0006577496553144115,0.0002915858267749962,0.002653888976219859,0.0009132751199102845,-1.449836489746849e-05,0.0004911824683659066,0.0019090934527083105,-0.0006318842891389584,-0.0004553847931456391,-0.0038072279216917067,0.0003886549155214432
1.172710594188547e-08,-4.624606108487804e-09,1.531246788661164e-07,5.8797384191675116e-08,1.8212141432127522e-07,2.8777289954802027e-08,-4.580958320650473e-08,1.5561377959573808e-08,1.718414281167123e-08,-2.08955684275304e-07,8.025548382049598e-08,2.395834718035317e-08,-4.216168335983647e-08,6.370032717375392e-08,-1.3825153543241412e-07,-1.4411809024964584e-07,6.642587980114552e-08,-1.2570066072016346e-07,6.839933187937291e-09,-1.4422794210019448e-07,-3.2054265914830923e-09,8.53054124279794e-08,-1.763640125812244e-07,-6.846487885925642e-08,5.954553194903484e-08,-2.9105641625541538e-08,-2.3058056371817043e-07,2.8034848351485983e-08,3.718123679827524e-08,5.136755792494001e-08
0.002493733216814667,2.3444206044859297e-05,-0.00013890284137342072,0.003335384273858883,-0.0011853347250661153,-0.00019952187500156285,-0.0007917769168613988,-0.001081376490227289,-8.498418648875e-05,-0.0013649165398078055,-0.003615884316730032,-0.00036240001873379276,0.0004942988956082125,0.000804640590412889,-0.0005664841083167785,-0.0010221206136197122,0.0022640062155635902,0.0032335582881889403,-0.00018262153726302012,-0.0009541854676991594,0.0003058669152566768,0.00066886804600267,-0.000766814782146121,0.0038751133805532503,7.297222235364395e-05,-0.0006789190344902207,-0.0009447146314149789,-0.0010771059616098402,-6.238547318231899e-05,-0.00020839755119616939
2.359207287089992e-05,-0.0024213328537232466,1.1478730936954922e-05,1.6476293573572122e-05,-0.0005709599436110692,0.003588417637130115,-0.00010757226750257756,4.5014421415419575e-05,0.0009379565736920758,3.960260189183209e-05,-0.00029046145800557124,0.0037370606095234907,0.0008827707135434144,-0.0003312358049068056,0.0004671054253625168,-0.00044200981779334914,0.0004155470525407045,-7.183435227158285e-05,0.0039110677155926666,0.0006319772247534687,0.0002845459347224715,0.0015828893755831237,0.00037046873915494834,0.00020189047124717378,0.0010214235403582968,0.003116882935745775,-0.0006109556132629494,-0.0005030809459022058,-0.0029220922535165947,6.061319992564253e-05
1.2080625938917919e-08,-4.772657327910256e-09,1.5893138274204715e-07,5.5361550100172146e-08,1.734871740196018e-07,2.6492910877668434e-08,-7.431024568176444e-08,3.3625365173183654e-08,2.0059923377712748e-08,-2.046003350075186e-07,8.409093549729524e-08,1.2628232501447474e-08,1.1688528297542545e-08,5.108857640840848e-08,-1.6186493158338964e-07,-1.564662622289873e-07,-4.368285895972916e-10,-8.807080294884283e-08,2.0978181279239015e-08,-2.0292532638430614e-07,3.481452160366473e-08,6.368243791040708e-08,-1.0776265456123318e-07,-6.387752110044704e-08,1.6271707483301057e-07,-6.425624257416353e-08,-2.0146945685185416e-07,-5.141172837336838e-09,2.129642882483316e-08,-1.0706879403688312e-07
0.0026105188059795423,2.4695177062085354e-05,-0.00015061011587293573,0.003186724477813947,-0.0011447731501816945,-0.00019145783232534457,-0.0010797612798693868,-0.0015407687976363076,-0.00011445903782756787,-0.0012316679378462274,-0.003364271715957356,-0.0003656760417173188,0.0007770635220668372,0.001705510347089871,-0.00027600073995656747,-0.0009047528053049677,0.0018124262686486758,0.003309006623219729,-1.278876479679944e-05,-0.0013078384662728697,-0.0011389130527424897,0.0006157006684678318,-0.00028441644751068883,0.003930163530916055,0.0004785876504709219,-0.0006499520545240506,-0.0006667958785983609,0.0008829910669647654,-0.0003540731068786696,-0.0006931637962156609
2.453410535495031e-05,-0.0025414990060415588,9.958711637644919e-06,1.211180111738583e-05,-0.0005656865651507615,0.0034562748947376204,-9.543415133271485e-05,5.168482459938636e-06,0.0014877169503230273,7.88900279007386e-05,-0.0003098899437524258,0.003642759304778885,0.0008566122784592787,-0.00020335905473519136,-0.0001837963164067585,0.0002729102663933546,0.0005228825291993885,-3.341879085971567e-05,0.004166378927456728,0.0005435962391243642,0.00024270357088990955,0.0002883199528719948,-0.00022416324314488749,0.00039257128667718165,0.0013781999712608075,0.00378691826957702,-0.00045266670884539585,-0.00044766733910934126,-0.0013665516369933707,-0.00028003888255767156
1.2442490357494847e-08,-4.921984511858034e-09,1.6475405506917592e-07,5.1433531081229436e-08,1.6338834476576253e-07,2.390893919600442e-08,-1.0213341858361477e-07,5.1456537544415475e-08,2.248846139758717e-08,-1.9199986354557557e-07,8.461712442351806e-08,1.8337515705556806e-10,6.590143163297411e-08,3.375088980285122e-08,-1.707869326283282e-07,-1.535938604681881e-07,-6.992201310598001e-08,-3.982650467570932e-08,3.197451573810032e-08,-2.2641997073740384e-07,6.62070564008914e-08,2.716013707293186e-08,-1.2991006624939167e-08,-4.714448865299836e-08,2.2196604109720254e-07,-8.050236974005424e-08,-1.0154222686738214e-07,-3.486248052803806e-08,-2.1931576913698245e-09,-2.230413771865297e-07
0.0027280592559395375,2.5945897525623273e-05,-0.0001625346297480576,0.0030120668003299858,-0.0010942504422064576,-0.0001817715574143011,-0.0013492340285865768,-0.0019740249820793415,-0.0001417991010978206,-0.001047914061516028,-0.0029752553799567653,-0.00035254356742939885,0.0010193602643293706,0.00250330524349349,5.901786206167335e-05,-0.0006985349557266243,0.0011931750270749622,0.0030518575894192502,0.00015285749561388736,-0.0014421774480973624,-0.0024525482576389043,0.00046054854289685656,0.00024815566725980883,0.00325815755621001,0.0007094986639464886,-0.000453856378768161,-0.0001917047429817795,0.00266058451208444,-0.0005544781811822969,-0.0008684437328083119
2.547930907351594e-05,-0.0026626977340943533,8.350124425571175e-06,7.383365216985116e-06,-0.0005567953692108984,0.0032961770849125028,-8.081449551167927e-05,-3.579823777113185e-05,0.0020137126361169547,0.00011874396010376514,-0.0003198726883352204,0.003407366636961603,0.0007931171788107617,-6.334718076227883e-05,-0.0008287085747916776,0.0009849173028265712,0.0005914925951894848,9.744719063364692e-06,0.00403568382526593,0.00040453110776982124,0.0001692426249944764,-0.0010570978558115255,-0.0007929039325029199,0.0005258845235592105,0.0014970341000378902,0.0038038198603504965,-0.00019496872208434778,-0.000297864981770041,0.0005061743699004755,-0.0005396387642055187
1.2802794761668266e-08,-5.069452885956098e-09,1.705202255970053e-07,4.7074266052054305e-08,1.519654029792948e-07,2.106923630341006e-08,-1.28334093524091e-07,6.85083201896531e-08,2.433533909286536e-08,-1.7160351204866936e-07,8.169390864810911e-08,-1.2543097939655374e-08,1.1639359249626073e-07,1.2794419087021212e-08,-1.638668218181442e-07,-1.3564076764255574e-07,-1.321338969336395e-07,1.1952459709454493e-08,3.7818311945975254e-08,-2.093869753413763e-07,8.595792155211464e-08,-1.6080304379198208e-08,8.553909701613204e-08,-2.314197942307662e-08,2.188928151502455e-07,-7.281223203213611e-08,3.4624843146590904e-08,-5.393281135949518e-08,-2.3985758223426112e-08,-2.459748528165372e-07
0.002845903682104086,2.7199921822702784e-05,-0.0001747465882482047,0.0028128110575423417,-0.0010340098961090997,-0.00017051320216490953,-0.0015929130755914522,-0.002370572953253029,-0.00016643910591449982,-0.0008209121011102907,-0.002465190676450651,-0.0003225734116339379,0.0012029037784625017,0.003142145559049304,0.0004127295540553716,-0.00042100504525457516,0.0004788526631245929,0.0024756265352733346,0.00029324595354857536,-0.0013409278983267416,-0.0034452194406183662,0.00023969712008455388,0.0007118889320485479,0.001973968535732844,0.0007192738129329586,-0.0001341913803182177,0.00030779155421566275,0.003823436827658664,-0.0005983024261079031,-0.0006728314986548515
2.642349857434195e-05,-0.002784540096129026,6.640042132315976e-06,2.357197413010798e-06,-0.0005442483976492352,0.0031091421239100043,-6.37264680682272e-05,-7.721670020694581e-05,0.002503067528454974,0.00015757267950592692,-0.0003198245620495898,0.0030397604026495243,0.0006938158546383473,8.106542322261536e-05,-0.0014262085585553513,0.0016459729369375621,0.0006169653595324527,5.205748831931162e-05,0.0035273655030757835,0.00022871300321045286,7.198066019200055e-05,-0.0022709243937776174,-0.0012594681611669423,0.0005777333975566726,0.001355948204466855,0.0031574223274898673,0.00010141796547192266,-8.22040646755675e-05,0.002272530436831956,-0.000652007449205329
1.3155140828089397e-08,-5.212919489938098e-09,1.7618530864234594e-07,4.233514005988548e-08,1.3934156070737555e-07,1.801326891498211e-08,-1.5217308353867236e-07,8.433123146432203e-08,2.5515878875863185e-08,-1.442258095002887e-07,7.534650044125351e-08,-2.4740625152071712e-08,1.5960463308617157e-07,-1.0322730528882656e-08,-1.416288917879357e-07,-1.0436062153318602e-07,-1.7824513969350547e-07,6.017192908766652e-08,3.7456466485656416e-08,-1.5421249586255295e-07,9.134142615156451e-08,-5.62943104559891e-08,1.6459103928146823e-07,2.474227138999648e-09,1.5339251411735603e-07,-4.346038157082357e-08,1.5930023132974772e-07,-5.871347001564453e-08,-3.56601533236079e-08,-1.6523677551882435e-07
0.002963695931701567,2.8454463035930493e-05,-0.0001872629847194258,0.002590404790111966,-0.0009643905707919423,-0.00015775656553640481,-0.001804841921522693,-0.0027212949237334074,-0.00018782413203414025,-0.0005596806423323675,-0.0018549746190111027,-0.0002762164883247921,0.0013140312156124836,0.0035792558696655205,0.0007559643904469507,-9.7246703319437e-05,-0.00025209157974984017,0.001629131185901945,0.00039201163721969584,-0.0010301315913416249,-0.003972157563156845,-7.500381737985761e-07,0.0010062949816722613,0.00031306109663959146,0.0005307324988008646,0.0002300335022638517,0.000658234351744377,0.004086202097399677,-0.0004675575150823785,-0.0002048471818405238
2.7357290908946674e-05,-0.002906723075503868,4.7933664712729815e-06,-2.853124301283654e-06,-0.0005279898541571699,0.0028962729036237267,-4.410900743066369e-05,-0.00011855092431251521,0.0029447621712561612,0.00019371201305520727,-0.00030958713636059724,0.0025540127767442818,0.0005616356896764863,0.00022224051481987202,-0.0019397243450751612,0.0022125655900367388,0.0005986724198602154,8.809510189043172e-05,0.002687816894438494,3.287612192416695e-05,-3.772214047807684e-05,-0.0031907586385699796,-0.00156238254874703,0.0005378230411859422,0.0009813451559863326,0.001959001304528987,0.00036867124558757436,0.0001553803554774231,0.003533051185548349,-0.0005940647072299117
1.3497108150502653e-08,-5.351178788235595e-09,1.8172959721228305e-07,3.72506430197851e-08,1.2560717859171898e-07,1.4769635034863476e-08,-1.7305927533590794e-07,9.855190916966154e-08,2.596336947495446e-08,-1.109513588380101e-07,6.576952364541485e-08,-3.566326394956426e-08,1.9262351363132626e-07,-3.389709645173169e-08,-1.0620922629631577e-07,-6.29703733582639e-08,-2.0166989861697317e-07,9.84622916923034e-08,3.088027564882363e-08,-7.07123263441776e-08,8.231908549990347e-08,-8.433491210966668e-08,2.0555349124056834e-07,2.4397886046183202e-08,4.389198142498354e-08,-1.5520395615533875e-09,2.2849530595624072e-07,-4.9713546129867997e-08,-3.2960629349577966e-08,-1.4732968302070294e-08
0.00308127713737604,2.9707588577915395e-05,-0.00020008204427031745,0.002346058996043603,-0.000885729310198865,-0.00014358936816742432,-0.0019802599842805254,-0.003018557106956162,-0.00020550346875200542,-0.0002743282432724627,-0.0011684999153999812,-0.00021479614050696455,0.0013440118332915597,0.0037862937907423132,0.001058880416132717,0.0002429877645913049,-0.0009248544260132769,0.0005904132841641922,0.0004389560986665977,-0.0005704055928007587,-0.00395210331769427,-0.00021551073812521771,0.001071473742442451,-0.001416163362960088,0.00022260334586189482,0.0005455690366533692,0.0007476579866299419,0.0033774273176684533,-0.00019751081417051597,0.0003252290156134169
2.828477061331099e-05,-0.0030291167928258103,2.7929694319160504e-06,-8.175626364998535e-06,-0.0005079986346647013,0.002658506110204761,-2.210897569792529e-05,-0.00015938398415730272,0.0033291416496488923,0.0002256802019217529,-0.00028902513714210127,0.0019680011220879643,0.0004010719579342194,0.0003529749598880522,-0.0023382751912400554,0.0026471474713180517,0.0005381733101270162,0.00011311813473712469,0.0015937021971525322,-0.0001654041292602222,-0.00014648349755155596,-0.0036935813437512397,-0.0016604282651686924,0.0004100163106892067,0.0004407032902016543,0.0004155078689860256,0.0005487658015771383,0.0003650651234904582,0.004001904468905724,-0.00038865348957864323
1.3826448553459055e-08,-5.4825871821205904e-09,1.871402276968315e-07,3.18534605179101e-08,1.1085160361080894e-07,1.136876540830427e-08,-1.9050420881646375e-07,1.1085967680387711e-07,2.5642007474658544e-08,-7.308999779590686e-08,5.3270132985311144e-08,-4.465156910057929e-08,2.1325353726588332e-07,-5.613768175533072e-08,-6.092341902920283e-08,-1.5626883589757483e-08,-1.9872957136483285e-07,1.2216421490008462e-07,1.910080380411476e-08,2.627463251667356e-08,6.114677491215144e-08,-9.370736759177012e-08,1.9865667611391833e-07,3.9083846276341076e-08,-7.87105262506013e-08,4.0244405054877656e-08,2.1762122528533902e-07,-3.0588972657531224e-08,-1.731069201896133e-08,1.4216533964411505e-07
0.0031983455585916265,3.095027632454447e-05,-0.00021318354395608407,0.0020813972054360575,-0.0007984793368010788,-0.0001281380789918245,-0.0021149839497388244,-0.0032554703482502727,-0.00021905060418344482,2.3620572589061557e-05,-0.0004333389410614429,-0.00014055448578251012,0.001289223855649204,0.0037499907234125112,0.0012927916220362651,0.0005672797085120438,-0.0014741990220021226,-0.0005381700181306664,0.0004308716803824512,-4.574299868601002e-05,-0.0033787279401772553,-0.00036836210779371006,0.0009001331521672922,-0.0028860725552157605,-9.781041665475143e-05,0.000729121872037638,0.0005619214045034619,0.0018587009257293235,0.00013278172921632489,0.0006871808393852441
2.9206241852668268e-05,-0.003151443497251037,6.162330293115133e-07,-1.3488745863635115e-05,-0.00048427533270999865,0.0023971696144216756,2.049708500973136e-06,-0.00019934501530010124,0.003647342604611599,0.00025191979463978607,-0.00025827817738550686,0.0013039213376024798,0.0002181541810906478,0.00046657002030426307,-0.002597916132233492,0.0029197013039534815,0.0004395524631441719,0.00012375717285894762,0.00034710675689608115,-0.0003488008845773956,-0.00024007736109902178,-0.0037112229006189433,-0.001538009943280759,0.0002129336628499292,-0.00016922469148557585,-0.001203011505650519,0.0006062327053181121,0.0005009933017754332,0.0035694895365584443,-9.510292528179434e-05
1.414283179562905e-08,-5.606684776472588e-09,1.9240876761378222e-07,2.6172900484253487e-08,9.516068862435272e-08,7.837098737073813e-09,-2.0408211862887222e-07,1.2097118758315775e-07,2.4534856713498813e-08,-3.2154772874520066e-08,3.8295426545844274e-08,-5.114577228547742e-08,2.200744106490743e-07,-7.522511280949925e-08,-1.0113410158147986e-08,3.2826991274702546e-08,-1.6921800599483415e-07,1.2865564749266417e-07,4.028740523219277e-09,1.1904877806001223e-07,3.199481325344179e-08,-8.201056866973828e-08,1.4527145023379096e-07,4.4981066845311755e-08,-1.7917355259305658e-07,6.92385034734272e-08,1.3013328446556458e-07,-6.912135260097771e-09,4.75951962867162e-09,2.3879212729168746e-07
0.0033147855282874283,3.217303717860001e-05,-0.00022653527376539865,0.0017976813493059598,-0.0007030851077242403,-0.00011156082786992993,-0.0022058989092007906,-0.003426668449466395,-0.0002282609806066832,0.0003226713939744421,0.00032224619981537685,-5.637817279448046e-05,0.0011512909541551862,0.003472798844301381,0.001433826099632967,0.0008444296947970639,-0.001852436660110608,-0.0016428220422319473,0.0003717555631799999,0.0004532263748848541,-0.002322345369696732,-0.00043891915835676506,0.0005383438169695714,-0.0038164326123740905,-0.00032987102180495343,0.0007310441579431385,0.00018662214027917503,-0.00011328139027070693,0.0004251193506335926,0.0007312776131056561
3.0118424778288473e-05,-0.0032736134766555296,-1.7616440050985197e-06,-1.8609051299883596e-05,-0.0004568566839885061,0.0021132731255974965,2.8156533614264686e-05,-0.00023841120599993906,0.0038923081309229055,0.00027093602654527655,-0.00021761724909847525,0.0005857415513403744,1.9500301074279558e-05,0.0005577852176413203,-0.0027038635827211703,0.003010234097267304,0.0003086989236506873,0.00011802265288627375,-0.0009372702186956777,-0.0005026464680299557,-0.0003054181327364462,-0.003239793754399468,-0.0012068242259981106,-2.384952172207253e-05,-0.0007411360071425582,-0.0026146011147238917,0.0005363462523120571,0.0005310104364150428,0.0023280437240787172,0.0002098847794822719
1.4445484323014441e-08,-5.7216311579340035e-09,1.9753367720688528e-07,2.022931062124721e-08,7.861567935587554e-08,4.205469484799876e-09,-2.1347587336328395e-07,1.2869790718462485e-07,2.2647500432489462e-08,1.0261077780920192e-08,2.1372303888113703e-08,-5.473437893409131e-08,2.1259687585566416e-07,-8.960055737757067e-08,4.1489219148654887e-08,7.752427592897427e-08,-1.163868928870443e-07,1.1789944406051885e-07,-1.1835053264639606e-08,1.9085028554459832e-07,-6.280226923382264e-11,-5.149532404769203e-08,5.753848702119978e-08,4.2784245143531205e-08,-2.2867091163358937e-07,7.696004655721106e-08,-3.6564097425579968e-09,1.583845227527574e-08,2.4396164953320043e-08,2.3399657630647272e-07
0.003430501921986734,3.3361734473517095e-05,-0.00024010742077534513,0.0014961222250712894,-0.0005999560894539062,-9.402576464632233e-05,-0.0022506916989515464,-0.003527777351684722,-0.00023303083632566214,0.0006113694485907122,0.0010692586533320029,3.418248116085019e-05,0.0009370578078417924,0.002972189420426567,0.0014650092920678896,0.0010471198622214282,-0.0020321034722547517,-0.0026082250375455353,0.0002719374834364723,0.0008450728918259771,-0.0009220760893223656,-0.00042476869913753433,7.310053908787472e-05,-0.004026482759171302,-0.0004099290027056583,0.0005490166346974017,-0.00022867096166261246,-0.002070307193846398,0.0005929557999828338,0.0004495050254167577
3.102590790721782e-05,-0.0033955424656425767,-4.365610608997034e-06,-2.3318392588681253e-05,-0.0004258235284511456,0.001807924470148881,5.586904659491698e-05,-0.0002768902343614796,0.0040583344256426785,0.000281373442828455,-0.00016712853947374086,-0.00016029165430145594,-0.0001872621552421089,0.000622579986775542,-0.0026511060181927545,0.002910190012870235,0.00015244451625717414,9.561256140117527e-05,-0.002140964481679477,-0.0006147247206532913,-0.00033169330436545844,-0.002341104466172666,-0.0007046277883466888,-0.00026388542938940424,-0.0011780876363194567,-0.0035733494109664414,0.0003644073808352357,0.0004437955788760929,0.0005510918992311882,0.0004562269986872151
1.473649008980641e-08,-5.827885207033619e-09,2.0252285571435402e-07,1.4028876456405239e-08,6.127687667402642e-08,4.912530669681211e-10,-2.184520108582603e-07,1.3390394224458614e-07,2.0000400811354168e-08,5.2539169558935405e-08,3.1127775983406427e-09,-5.5183703986696485e-08,1.912267013747848e-07,-9.800527836162192e-08,8.909934901196662e-08,1.139506447073754e-07,-4.661256504730159e-08,9.215656433727951e-08,-2.578371544077605e-08,2.2853755222215146e-07,-2.985179829217248e-08,-8.62142067462406e-09,-4.442112872443618e-08,3.4598915776002075e-08,-2.1261459314528545e-07,6.145495888291503e-08,-1.371776651096298e-07,3.3353946360343166e-08,3.393110506477359e-08,1.2917728169939522e-07
0.0035454899967985952,3.449849729825861e-05,-0.00025377571908744657,0.0011773797129568347,-0.0004897778170643148,-7.582256431749174e-05,-0.0022474961489568827,-0.0035554480787399812,-0.0002336517305787665,0.0008796015052409065,0.0017801822001213773,0.00012758246082105525,0.0006565628623305269,0.0022772230515354154,0.0013774291832546629,0.0011539340468106278,-0.0020061682749432765,-0.003330595842410034,0.00014656582663930416,0.0010701948099196908,0.0006361245855985309,-0.0003398117284779567,-0.00038898171950914594,-0.0034669639601487058,-0.0003274020364619151,0.00022827312739124464,-0.0005259996673702555,-0.0035453393293560826,0.0005878145142588324,-2.526063080831196e-05
3.19255306075153e-05,-0.0035172597522485,-7.189868733121108e-06,-2.709097755331442e-05,-0.0003916494861288769,0.0014815772208294918,8.485121995161053e-05,-0.00031680287526213516,0.004140848189159529,0.0002822177916210389,-0.00010662771808765411,-0.0009090587747837522,-0.0003959399622348023,0.0006612379097426892,-0.0024429387992845873,0.002620438267287746,-2.2727506624571424e-05,5.4574860004154536e-05,-0.0031559581972979045,-0.000680167093498961,-0.000312778571713272,-0.0011271946363127323,-8.614451859923535e-05,-0.00047656264315059044,-0.0014048232743061064,-0.0039113997926152125,0.00014183072323491812,0.00024622600254664925,-0.0013772855698343722,0.0005952822548768569
1.501735238404112e-08,-5.921387679761158e-09,2.0739300559917308e-07,7.545649317977395e-09,4.318407147867809e-08,-3.2630903802564266e-09,-2.188360105624855e-07,1.365873252281522e-07,1.6653934668649983e-08,9.314309258966244e-08,-1.587129539024486e-08,-5.23745838104944e-08,1.571738056934438e-07,-9.975248496397833e-08,1.2837967236333363e-07,1.3850224501394393e-07,3.173360319487987e-08,5.577777007564832e-08,-3.531424762510735e-08,2.251417219647796e-07,-5.3102646778501406e-08,3.737468003708525e-08,-1.374682175340615e-07,2.3490797862801633e-08,-1.348882695642969e-07,2.7856516843711923e-08,-2.2402510849937994e-07,4.360343315063873e-08,3.0031413315085796e-08,-3.244685574226887e-08
0.0036597370220644576,3.560468428489059e-05,-0.0002675265575184936,0.0008419963610442837,-0.00037384032981274484,-5.698996279472423e-05,-0.002194924510458091,-0.0035077204476869146,-0.00023048676805930722,0.0011191529662700035,0.0024263703408679894,0.0002213770807860303,0.00032296741943898546,0.0014337418370809212,0.0011744480469701624,0.0011539836681555287,-0.0017854595545651235,-0.0037332056407020364,1.607293331370245e-05,0.0010981036432370329,0.002133330600629985,-0.0002117482530527434,-0.000751434798179133,-0.0022504212991101688,-0.00011653241594399695,-0.0001511376184485881,-0.0005980563837884248,-0.004192096514072953,0.0004213500467040438,-0.0004918032411037778
3.286268432188593e-05,-0.0036385445083856197,-1.0409418100533332e-05,-2.964968626213533e-05,-0.0003537816326762786,0.0011368580011467799,0.00011387642915302217,-0.000358886361395885,0.0041389176359773955,0.00027141054478368965,-3.2386844063811e-05,-0.0016294516740580026,-0.0005936447759580053,0.0006673490963805085,-0.0021011885600410347,0.0021632360235654723,-0.0002141081377658747,2.2315442493743492e-06,-0.003888590453849146,-0.0006832717314106301,-0.00023796645283382666,0.00022005703384335738,0.000567061900140525,-0.0006162430664702976,-0.0014176196727636807,-0.003585222915753446,-8.448373552793134e-05,-2.3452481943338023e-05,-0.0030107642287082025,0.0006318468402822139
1.5296395430438083e-08,-5.9965568524951804e-09,2.1216674621258084e-07,7.49986090250847e-10,2.435832725913353e-08,-6.984806362896874e-09,-2.1457823760845912e-07,1.367166455498393e-07,1.2770173869755991e-08,1.3059899502705283e-07,-3.475724804266662e-08,-4.622810535195346e-08,1.1262653872200326e-07,-9.472408577660282e-08,1.5541346239791567e-07,1.4926078414641903e-07,1.0874221345306036e-07,1.4430319034044385e-08,-3.8893548347328135e-08,1.8156048733402007e-07,-6.667947597918703e-08,7.56043431134265e-08,-2.0090896473468585e-07,1.2457736163116432e-08,-1.8273735291831074e-08,-1.4388590513218094e-08,-2.3496222180783715e-07,4.6260301727858765e-08,1.5165944729073803e-08,-1.8325235311797032e-07
0.0037755226024196458,3.6455252652709e-05,-0.00027380831870524845,0.0004774334417400314,-0.00025082819141782065,-3.767607464808058e-05,-0.0020884408760773973,-0.0033637218119155193,-0.0002217254060403127,0.0013367063903434618,0.003003920131307445,0.0003138068504686736,-7.184275549120004e-05,0.0004117160683251948,0.0008382885013903021,0.0010297350213167098,-0.0013507995954068106,-0.0037149007446436845,-0.00011528620225971052,0.0009175839429221163,0.003415566733382918,-5.356529908650692e-05,-0.0009411520443282969,-0.0004186642016628377,0.00014735191912401333,-0.000512984223419057,-0.0004113542490974143,-0.003714824521967662,0.00011038823053805761,-0.0007437515496338423
3.412095583353668e-05,-0.0037625354826324535,-1.3015634934245146e-05,-3.12369809170929e-05,-0.000293408949691277,0.0007566404007853936,0.00013159288477013773,-0.00037747631938897747,0.0040340107222952,0.00023472156392709788,6.227729969055646e-05,-0.0023718532035905036,-0.0007398282316171017,0.0005845861804299101,-0.0015501420847022279,0.0014840706432257599,-0.00043517758000532163,1.9852566482519742e-06,-0.004247553264629486,-0.0004900563487410553,-0.00011814249770551014,0.0016999096045298286,0.0011760672271687934,-0.0005873415806851465,-0.0012525664036158277,-0.0023733698413089064,-0.0004576617521721974,-0.00026927778526511487,-0.003978948560391289,0.0004930968948826746
1.5597794162849352e-08,-5.987565529689979e-09,2.1729972708359218e-07,-6.882791539294025e-09,2.5313657595708093e-09,-1.0513187847255672e-08,-2.0410006493531874e-07,1.3257914671529292e-07,8.45245060892925e-09,1.6616829403619233e-07,-5.454090684533889e-08,-3.356077277068603e-08,5.352843742009791e-08,-7.816379882080662e-08,1.642277594647537e-07,1.4556872587745647e-07,1.794365156303841e-07,-3.254457954956233e-08,-3.590393707741206e-08,8.945140015738175e-08,-6.926698916327544e-08,9.275271844476427e-08,-2.1631686710075545e-07,-3.4454113814468112e-09,1.186703502708879e-07,-6.455204612704767e-08,-1.4403756662629023e-07,3.7196179712669936e-08,-8.30816475364225e-09,-2.575282033341743e-07
0.003890645452020743,3.739578915011831e-05,-0.0002857568042346904,8.908957523330892e-05,-0.00012224944045563174,-1.7410858827591913e-05,-0.0019134653579711907,-0.0031259817714144145,-0.0002071823543514341,0.0015025976197700248,0.0034675180521601106,0.00039793756848534615,-0.0004979860446602451,-0.0007005035672237464,0.00038115119663047155,0.0007742426609883421,-0.0007667177898246414,-0.003224373933131571,-0.00022536083941764067,0.0005628844380728933,0.004224195062031825,9.412535586595104e-05,-0.0008867977070849741,0.0016417828574130996,0.00033911081219353015,-0.0007356403979323562,-3.87745805771395e-05,-0.0021566423757897954,-0.000242389847473264,-0.0006275565961753638
3.510540439715356e-05,-0.0038874689896303883,-2.073248399736522e-05,-3.247611652263347e-05,-0.00021932867235084958,0.00034704328444314927,0.0001460811756137613,-0.00037844684017244686,0.003815828780356421,0.00018190373631196577,0.0001590754829689282,-0.0030664615145953107,-0.0008434446860941462,0.0004354271755975148,-0.0008197454639101429,0.0006361855096183007,-0.0006138552868276076,2.4703674504764596e-05,-0.004136438845506348,-0.0001752107227918426,3.070771920522824e-06,0.00305635265538912,0.001581954173641601,-0.00042305915061657893,-0.0007958620735533037,-0.0005401960194388407,-0.0008317280317693014,-0.00042403114856098893,-0.003936260576501589,6.45354882923472e-05
1.5912105175318106e-08,-5.930370786387899e-09,2.2257825335123334e-07,-1.511084313014981e-08,-2.137315007466141e-08,-1.3913537764315916e-08,-1.8717407511893368e-07,1.24017747799202e-07,3.943881235002419e-09,1.9598784196900127e-07,-7.315234080522029e-08,-1.6533191606940517e-08,-1.4869493141925159e-08,-5.082840835566699e-08,1.521384336989516e-07,1.2481888826119864e-07,2.2726656199421457e-07,-7.582745458036626e-08,-2.768172552766044e-08,-3.2153941545556745e-08,-5.945561342155195e-08,8.530305276033573e-08,-1.7039156213240274e-07,-2.169366899206235e-08,2.242669130550949e-07,-9.963620442518722e-08,1.619908695192705e-08,1.6675163142241367e-08,-3.4963425542729115e-08,-2.0497544643990563e-07
0.004004402204555699,3.830992629173424e-05,-0.0002975761646928506,-0.0003127570858476126,1.1808251790425787e-05,3.867333300486994e-06,-0.001683125559610879,-0.002798865971259714,-0.000186551634415944,0.001599748356505,0.003768529434941763,0.00046320182799049377,-0.0009008018675932158,-0.0017705056736647832,-0.0001369847730918121,0.00042348740069033053,-0.00012852843534873293,-0.0023149400666150183,-0.00029328719863175404,0.0001286545313777893,0.004350414546838091,0.00019554963173377675,-0.0006109662372700531,0.003374740981477685,0.00036911385350088153,-0.0007387717018121328,0.00033776689136672693,3.044584976258282e-05,-0.0004965786940446089,-0.0002079882828703659
3.607044795077087e-05,-0.004011515999048602,-2.8887595078102242e-05,-3.3418284072675746e-05,-0.00013879350210257817,-7.859666672192367e-05,0.00015427970464371507,-0.0003654811771167292,0.0034930494886016494,0.0001263219282493089,0.00024676035636901725,-0.003630029384101526,-0.0009035915424727977,0.00024608647692532797,2.1224199154289001e-07,-0.0002670049310992911,-0.0007007341360969314,4.196421218921376e-05,-0.0035411294529101097,0.00016314804276298708,0.00010454476510778608,0.003950040988412271,0.001672987596666316,-0.00017947524468926712,-9.062605487686539e-05,0.0013865528442762885,-0.000989428525290582,-0.00045572474104227877,-0.0028110883530727626,-0.0004996620856974288
1.6220432404761683e-08,-5.86036033227365e-09,2.277317045793108e-07,-2.353446422981856e-08,-4.5908009150862414e-08,-1.7188668785461374e-08,-1.6469897225941614e-07,1.1180528856291079e-07,-3.983647427367804e-10,2.1635871057749213e-07,-8.832510201791283e-08,1.6037650727763985e-09,-8.362083487201377e-08,-1.7051938618184252e-08,1.2105509525537675e-07,8.846114429829e-08,2.390795462909608e-07,-1.0435386618384711e-07,-1.643688088963254e-08,-1.488502043459403e-07,-3.950824581673707e-08,5.734115627306356e-08,-7.356001082136084e-08,-3.586337978275353e-08,2.5142003671867636e-07,-9.852438625325547e-08,1.6909448415671512e-07,-8.26324744698719e-09,-5.184718750025413e-08,-4.6830356916942974e-08
0.00411627733690499,3.921933252228856e-05,-0.00030939891718863847,-0.0007225353504842848,0.00015026660245250935,2.6015223076957935e-05,-0.001403816806754779,-0.002390794161231367,-0.00016030087888055104,0.001619137646092609,0.0038847807756031173,0.000503625376993692,-0.0012434943230005481,-0.0027016554421257877,-0.0006633512439873743,1.6844667367800508e-05,0.00047866172727774396,-0.0010941834859345713,-0.00031158215290329715,-0.0002847387002859636,0.003754224424936089,0.00023569604307956796,-0.0001967842645534642,0.0043719910752220885,0.00021464182287596578,-0.0005245884048819684,0.0005447414886539925,0.0022233493571008896,-0.0005665307897044042,0.0003021681276493133
3.6990110087070126e-05,-0.004134209576641701,-3.7239110400494235e-05,-3.403458857140839e-05,-5.383938647147574e-05,-0.000515395781243949,0.00015631364256864716,-0.00033950177662484747,0.0030730570521069877,7.230022757942629e-05,0.0003176669818376851,-0.004027592231619366,-0.000921778868964108,3.818929213126762e-05,0.0008439066411674712,-0.0011543063051997363,-0.0006821148564483564,4.2816363600606226e-05,-0.0025241462837130102,0.0004494866172768961,0.00017053012949635579,0.004219273598986602,0.001456971142970168,7.729182638858953e-05,0.0007335559706070832,0.002977972470665132,-0.0008110447168421777,-0.0003749813970751563,-0.0009208463184786931,-0.0009363394217115609
1.651400880045681e-08,-5.784690739557779e-09,2.326808071868602e-07,-3.1962847101206356e-08,-7.054153183724023e-08,-2.03120976228127e-08,-1.3738678746336607e-07,9.634415226685438e-08,-4.3957835479854436e-09,2.2570381296647044e-07,-9.894024915492135e-08,1.8994769462955656e-08,-1.463888707469894e-07,1.9711155530894824e-08,7.523751560407501e-08,4.0586890358225496e-08,2.114675741248999e-07,-1.1312459075397176e-07,-3.985551920992156e-09,-2.3283188056235853e-07,-1.4462186431852676e-08,1.73614002318356e-08,4.6718142642594386e-08,-4.3120065296186116e-08,1.9002242691649724e-07,-5.806199843521797e-08,2.471433981753146e-07,-3.04786174372014e-08,-4.847151063489924e-08,1.34012133943018e-07
0.004225885185920941,4.01478741817963e-05,-0.000321330995663816,-0.001135452482006917,0.00029219751542682043,4.902930675113758e-05,-0.0010830871514677252,-0.0019113717708641328,-0.00012878158514601483,0.0015570756658858263,0.0038047952647030088,0.0005150878341993219,-0.001495070430691759,-0.00341236965995099,-0.0011426908041782253,-0.0003987939434452842,0.0009834753217503247,0.00028599043233713226,-0.00028090891623348173,-0.00058883054255626,0.0025234578023643132,0.00021667474093193257,0.00023584884013401475,0.004396768145493926,-6.783703987342037e-05,-0.00016589398022521766,0.00048819972615200136,0.0037969142382024814,-0.000436061113226292,0.0006458631234578885
3.7855812347947566e-05,-0.004255133400896081,-4.564664730531417e-05,-3.431041575039757e-05,3.39569642396313e-05,-0.0009586224741635824,0.0001525517680669862,-0.000301954497687749,0.0025658374459122395,2.2802443509201325e-05,0.0003675028705383038,-0.004233609909315568,-0.0009007641213567394,-0.00016818549888084874,0.0016405727421689722,-0.0019579733946882417,-0.000564091271435495,2.2180818668236444e-05,-0.0011992379632614642,0.0006253738868722752,0.00020019309281942244,0.0038003263378631378,0.001003253883591613,0.0002911046101240838,0.0014807297599373922,0.0038935768960879935,-0.00030029927963635234,-0.000220289089887348,0.0012119899939287625,-0.0010006449185744688
1.6787869754903105e-08,-5.708126094644332e-09,2.3737583278679132e-07,-4.024530352642206e-08,-9.486918916396077e-08,-2.3261169501123627e-08,-1.0605808826185303e-07,7.807952123989403e-08,-7.927757476539666e-09,2.2329367938611435e-07,-1.0424230646302965e-07,3.410222972018765e-08,-1.9767416106255508e-07,5.57771249195505e-08,2.07595977535416e-08,-1.3090980269517471e-08,1.4807247311744286e-07,-1.012259887671202e-07,7.95750977383805e-09,-2.6413911940724954e-07,1.0044598054579995e-08,-2.3591670301374248e-08,1.554023712927651e-07,-4.225557724028764e-08,6.232738485477475e-08,9.000037283625438e-09,2.1627531647122058e-07,-4.41567109507655e-08,-2.2640306267251737e-08,2.4245101403625293e-07
0.004332983002294906,4.111268611321034e-05,-0.0003333844865799448,-0.0015475419409718878,0.0004364510169880679,7.283153694936218e-05,-0.0007291647130345519,-0.0013718366485664154,-9.251764713726361e-05,0.0014154172912847194,0.0035290307476478922,0.0004956509508503143,-0.0016336565423469285,-0.003842965572571491,-0.0015239522015078042,-0.0007752578521202077,0.0013355414474355953,0.0016487191477109404,-0.0002101546728034245,-0.0007265113265448212,0.0008615543441861977,0.00015482803087790045,0.0005662820227569805,0.0034390216773252606,-0.00036419124053513704,0.0002176635078964264,0.00019675381701865784,0.004300855372831382,-0.00016434981262996126,0.0006553562017413342
3.865560351795278e-05,-0.004373993989917178,-5.4020327538536564e-05,-3.420969842101933e-05,0.00012331130608150977,-0.0014039613361411093,0.0001434688883295082,-0.00025434918447192245,0.0019839821187388933,-1.997678210491467e-05,0.0003931510259941185,-0.004235089187875718,-0.0008450088433625504,-0.0003532348940014602,0.002324290006916118,-0.0026200217088176996,-0.0003693160045959152,-1.8917475511792243e-05,0.0002832693960400221,0.0006602797206971546,0.00019801148534157826,0.00274548091037239,0.00041989109426301285,0.0004189185897586122,0.0019459448803222147,0.0039577313682818355,0.00040000610074741606,-4.236314446229722e-05,0.0030107858681509302,-0.0006049774596070618
1.7038087321770947e-08,-5.632425346608274e-09,2.4178733613858033e-07,-4.8258221438479094e-08,-1.1857318906010274e-07,-2.6014461932575607e-08,-7.161996708054713e-08,5.751021775044459e-08,-1.0917565379545366e-08,2.0917470864311217e-07,-1.038198419753253e-07,4.5720373013293294e-08,-2.331481171967716e-07,8.748613042855186e-08,-3.534918088061657e-08,-6.60919635997203e-08,5.877809794972791e-08,-7.165407906459998e-08,1.797224057699853e-08,-2.3508248798484974e-07,2.9271705027295816e-08,-5.4860385593883966e-08,2.2042090380595577e-07,-3.335974297143841e-08,-8.569005885153303e-08,7.867547930030726e-08,9.032150556032647e-08,-4.588949889818673e-08,1.7297802491760367e-08,2.214197453742465e-07
0.0044373990221270665,4.212522131816567e-05,-0.0003455746449863206,-0.001955303701727157,0.0005820137751252218,9.736063704118836e-05,-0.0003507336242999061,-0.0007842571739644747,-5.201219921099278e-05,0.0011999334218973754,0.0030674702345355027,0.00044498124299520496,-0.0016459100153646468,-0.00395651768960322,-0.001763990390127438,-0.0010680613960385695,0.0015081021418167553,0.002814450477333699,-0.00011387387846498282,-0.0006828357544894757,-0.0009497831670740428,7.384856474186375e-05,0.0007085812467531929,0.0017133548005407312,-0.0005477170039795504,0.0005018837339416908,-0.00019244458598528628,0.0035896302766096136,0.0001392849429146161,0.000337773261919904
3.938547164434607e-05,-0.0044905770296612794,-6.228032980958073e-05,-3.374149695006964e-05,0.00021303624512017454,-0.001847624804670781,0.00012982708890309653,-0.00019852584170182232,0.001340917897829948,-5.4810707810141314e-05,0.00039340099760644506,-0.004028444027859551,-0.0007595123187618253,-0.0004998607284427625,0.0028367654948768923,-0.00309324996646671,-0.00013259310034796707,-7.422472547476998e-05,0.001753755457239465,0.0005567138707620283,0.00017422645804062733,0.0012127066819196388,-0.00017632160658877314,0.0004422239397530442,0.001973320134036018,0.003180255537710204,0.0010508203983367384,0.00011154395297176865,0.003995619375651012,0.00011891434368921174
1.726228913124828e-08,-5.5597932096507535e-09,2.458928528097357e-07,-5.5899731878788386e-08,-1.4136489007585894e-07,-2.856110209063424e-08,-3.504347373768206e-08,3.521112682967738e-08,-1.333492732031576e-08,1.8404934768978173e-07,-9.7608285820115e-08,5.298517487488554e-08,-2.498450742280186e-07,1.1153648826885933e-07,-8.594476519240531e-08,-1.1198107443522872e-07,-4.205846779079947e-08,-3.049150631530635e-08,2.5097187850568658e-08,-1.517106618898743e-07,4.01971885357252e-08,-6.899077588970655e-08,2.2206853799483796e-07,-1.8014081859010715e-08,-2.0117603685113346e-07,1.246760746223688e-07,-7.527783427488641e-08,-3.5703908215517664e-08,5.539316928392813e-08,8.221871483182304e-08
0.00453906224846181,4.318806411982033e-05,-0.00035784584236351843,-0.0023558487886818783,0.0007275014687900835,0.00012234520130493956,4.42880121072433e-05,-0.00016232414640799026,-8.434178444178465e-06,0.0009182995406559122,0.0024405167281790325,0.00036511685716463367,-0.001526056678630585,-0.0037431389395528995,-0.0018330137931614366,-0.0012404905908159132,0.0014982401642699291,0.003627017471723078,-1.0152166675795406e-05,-0.000482175955505253,-0.0026012699616037856,-1.5993139273600884e-06,0.0006295272772238367,-0.0003919873360877242,-0.0005241042108709216,0.0005956825535466492,-0.0004929955362340191,0.0018624747313050983,0.00035743746150703793,-0.0001320849519764958
4.0043350185651455e-05,-0.004604692655344452,-7.037135211418177e-05,-3.291151358761838e-05,0.0003020515555741652,-0.0022855375475677665,0.00011226582732826418,-0.00013640456568652967,0.0006539025033829997,-8.037780659130226e-05,0.00036848582555925826,-0.003625439516573824,-0.00065207063170204,-0.0005946062245453079,0.0031361963097856277,-0.0033499015111354896,0.00010398545619584765,-0.00013339916149575728,0.0030454000579486448,0.0003491727937516695,0.00014086425130478532,-0.0005523147950880047,-0.0006838874135660362,0.0003694556601068416,0.0015161552752189294,0.0017599798351221906,0.0014094165141178801,0.00021131924593323172,0.003933201342367523,0.0008693508386998219
1.7458226650474534e-08,-5.491634621433691e-09,2.49680718553883e-07,-6.308076910919187e-08,-1.6301956661573573e-07,-3.089834991906431e-08,2.7039275692081316e-09,1.1738289940597267e-08,-1.5192929815319573e-08,1.4914293351449797e-07,-8.582567391182175e-08,5.542871581681498e-08,-2.4629088615885537e-07,1.2531443870579085e-07,-1.2467752040008202e-07,-1.4514110376007633e-07,-1.3804178762563953e-07,1.4253216637567086e-08,2.8910367096777862e-08,-3.242513561726994e-08,4.213217415196881e-08,-6.363118923371735e-08,1.5881923472709336e-07,1.2114007891478683e-09,-2.4333845923077124e-07,1.2829501628461319e-07,-2.0795025164974663e-07,-1.6478040175235725e-08,7.491345386621067e-08,-1.0167981711591821e-07
0.004637892946479477,4.4315600503599264e-05,-0.0003701415143592914,-0.002746589301987869,0.0008715130773216344,0.00014764798753253908,0.00044856892054816053,0.0004797505257707958,3.735437666034434e-05,0.0005793397442115435,0.0016764303063348785,0.000259074518972306,-0.0012747210198739175,-0.003218789814495249,-0.0017150276040363796,-0.0012656177207150312,0.001327154855261019,0.003970192863365107,8.165449415256842e-05,-0.00018589213062428803,-0.0038061752218912334,-5.2100649890303444e-05,0.0003611240255437258,-0.0024003198646891637,-0.0002716728357756181,0.00047313127082179994,-0.0005515047345510778,-0.0003886796998538852,0.0004095687083539589,-0.000498907526192983
4.061521315059032e-05,-0.004716110664644666,-7.82950252038096e-05,-3.165477068035249e-05,0.0003901579447130822,-0.002715721345806733,9.030194054888526e-05,-6.809788686301397e-05,-7.084229313540433e-05,-9.44361057256727e-05,0.00031677787245528707,-0.003020744518969619,-0.0005276424328441677,-0.000624165459367856,0.003175285687830542,-0.003356235861709943,0.0002984345956642455,-0.00018319035053556508,0.003996668620015632,8.874478140845025e-05,0.0001073238262153267,-0.0022778492975485815,-0.0010317000842724525,0.00022436195712255874,0.0006195126926805669,-2.710086609245263e-05,0.0012902479586290288,0.00024516661176362154,0.0027918453726886064,0.001285705889572604
1.7622211894876483e-08,-5.428194324957844e-09,2.531424818605065e-07,-6.973256132547448e-08,-1.833714903801253e-07,-3.298770955741854e-08,4.083866950095257e-08,-1.242417963762897e-08,-1.6341468443565572e-08,1.0568492897549611e-07,-6.888014250136873e-08,5.250116683874808e-08,-2.2193833243564178e-07,1.2708258093156502e-07,-1.4607455854821645e-07,-1.612470681755184e-07,-2.1335980967413287e-07,5.3882951700287144e-08,2.954191329768749e-08,9.682560221321437e-08,3.6690401565910744e-08,-4.14309576141253e-08,4.6835654380672586e-08,2.127622141545742e-08,-1.9645626691474673e-07,8.548265392830783e-08,-2.4879459708243853e-07,6.89709627632136e-09,6.637036627921729e-08,-2.3331418565027823e-07
0.0047345356256573755,4.5470200221068495e-05,-0.0003805955847083699,-0.0031287291740954245,0.0010150654702324614,0.0001733326327981122,0.000856144096229479,0.0011414715635921463,8.508726242757424e-05,0.00019433323576737905,0.0007864307854710246,0.00013017351991035357,-0.0008990258903621716,-0.002394335761774525,-0.0014007936895891657,-0.001125272585211829,0.0010243634806221123,0.0037587596253531785,0.0001441885634202459,0.00011913575507950754,-0.00433426390953103,-6.912267426719722e-05,-2.9132793508590993e-06,-0.003863757941052167,0.00013883927707691076,0.00018563713086345522,-0.0003240187507573679,-0.0025574597355512243,0.0002819728785300042,-0.0005653875181484984
3.729253216860845e-05,-0.004824659416851629,-0.00014131753727255052,-1.3986143296437456e-05,0.0005239341024199331,-0.003154585455150115,5.00118028059498e-05,1.7667663925299878e-05,-0.0009348461873592206,-0.00012439033621867047,0.000242152406800061,-0.0020228304065713844,-0.0002859145188834373,-0.000598060091949151,0.002819240787298881,-0.0028770675844991558,0.0005009890398029408,-0.00022665120707965103,0.004383916425452806,-0.00025308039878622646,6.082271273474056e-05,-0.0038316720957625935,-0.001178496124968413,-4.832183798436116e-07,-0.0007573222243442174,-0.002246771321726396,0.0005308017067450577,0.0002138418882828408,0.00015649966202047413,0.0010711354255902147
1.7768113589247662e-08,-5.359078651437334e-09,2.5648411612000263e-07,-7.616887483821605e-08,-2.0384107485770724e-07,-3.5003893782420866e-08,8.221397303412717e-08,-3.990283251726228e-08,-1.7128369359813397e-08,4.854898766642628e-08,-4.3189145338099905e-08,4.349930301229791e-08,-1.688576351224254e-07,1.1138011714840982e-07,-1.4475186257861398e-07,-1.5263809200335606e-07,-2.534671170059811e-07,8.289338077130815e-08,2.5215925900889745e-08,2.1660911788095408e-07,2.3878043126403595e-08,-4.2837775120822375e-09,-1.0024975284789185e-07,3.928447756200582e-08,-5.4415097739009633e-08,-5.6882804473551945e-09,-1.5836869638284107e-07,3.052441687223242e-08,2.046324645230927e-08,-2.3052726095809956e-07
0.004827909797542421,4.674462485443801e-05,-0.00039362306793038924,-0.003495004837966833,0.0011589257289341844,0.000199123087294022,0.0012532165096338806,0.0018012309799141412,0.0001316803046449141,-0.0002180345606540275,-0.0001802075913811934,-1.1889093985283515e-05,-0.00042222360351732216,-0.0013355955950362177,-0.0009129498447658929,-0.0008247236618067023,0.0006370341379108766,0.002989832141605905,0.00016577394298572594,0.0003429545412330103,-0.004046485504691896,-5.695621927200027e-05,-0.00033235027831964633,-0.004386861564546909,0.0005467078335395837,-0.00014679827474071167,8.109672627220568e-05,-0.003949309453011675,4.498949487226711e-05,-0.0003097523857180787
3.773374588901067e-05,-0.004930764353465827,-0.0001492483864130161,-1.1517464185160294e-05,0.000615968647051177,-0.0035951969331996514,1.8656834405884314e-05,0.00010429710426935776,-0.0018659497078994242,-0.00013163679776356807,0.0001280406811077258,-0.0007265340465907674,-4.211593052344456e-05,-0.00046414074081449567,0.002027680644623376,-0.002022741879417025,0.0005567975191535279,-0.00021493018925114286,0.004011521975705725,-0.000496745306244347,1.9251027799593877e-05,-0.0045887958882557724,-0.001069337803891678,-0.00020955010347447763,-0.0020658782678655216,-0.003924536627323623,-0.0006023824008978896,0.00013247850155735866,-0.0027344226444240387,0.0001936746492987472
1.7884522676901206e-08,-5.292163631844927e-09,2.594746491955834e-07,-8.191792686492824e-08,-2.2277685647737365e-07,-3.6739996835263877e-08,1.2277990429589626e-07,-6.78024398881215e-08,-1.727497270187282e-08,-1.5388437184989013e-08,-1.1990962005046034e-08,2.9242080301682822e-08,-9.391964593561884e-08,7.942824064085973e-08,-1.1843200881612059e-07,-1.1859885236788472e-07,-2.414683694875782e-07,9.092486029681687e-08,1.686889970990291e-08,2.794166360577189e-07,8.757733196131418e-09,3.234295519591027e-08,-2.184379422396821e-07,4.789784645357731e-08,1.1543050691241576e-07,-1.0137656677881503e-07,2.01902692923255e-08,4.384516434572024e-08,-3.979092763861164e-08,-7.96674063410244e-08
0.004918243903308958,4.807631208565295e-05,-0.00040682380995678107,-0.0038441575673832033,0.0013000092064271308,0.00022456038583413792,0.001631467724196327,0.002444199188275214,0.00017656545224426463,-0.000636132047667683,-0.0011800699580544129,-0.0001595575720327239,0.00011555876411825285,-0.00011993182758754427,-0.00029653374162495326,-0.0003998479749596476,0.00020679300694469307,0.0017484721836084176,0.000147658211229276,0.00042547931957559785,-0.0029688606480355356,-3.1628727029729994e-05,-0.0005088314432242788,-0.0038214672645879343,0.0007711979794311443,-0.00038500868655550407,0.00045286382260486207,-0.004121351836751074,-0.00018006662505904033,9.608646474675119e-05
3.813386322984002e-05,-0.005032857521461048,-0.00015665351165305568,-9.362782276968976e-06,0.0007027997468605234,-0.004016772435409092,-1.0148702214185073e-05,0.00018849874459070655,-0.002789687969322741,-0.00013839246683885852,1.230718796726708e-06,0.0007070541216438425,0.00022095933082761978,-0.00026684791952229377,0.0009406664728923357,-0.0008838629898718127,0.00048566698867166065,-0.00015207015831621753,0.002886323820726035,-0.0005683893494137853,-2.1098932841612455e-05,-0.004184086579456589,-0.0007550147100740879,-0.00032687753636491174,-0.002661057147130584,-0.004341903989967653,-0.0014780672006142071,3.364064708837847e-05,-0.004484129438379278,-0.0008011801604885235
1.7967265616881135e-08,-5.235465014327746e-09,2.6208350453785113e-07,-8.68662278803305e-08,-2.396883018190543e-07,-3.8227514137630784e-08,1.604451162528901e-07,-9.450117886099859e-08,-1.7028922143306098e-08,-8.046081691454723e-08,2.167526748452888e-08,1.1784694806763065e-08,-6.523293694877108e-09,3.552791696029204e-08,-7.169439291847957e-08,-6.475006514926247e-08,-1.7771291381330285e-07,7.588063364171034e-08,6.889520058173468e-09,2.619218852655136e-07,-3.890706088851725e-09,5.29866278828944e-08,-2.585212577728541e-07,4.3537030682831856e-08,2.2973024586250747e-07,-1.5573419808739674e-07,1.8514803655570302e-07,4.204439617745373e-08,-8.224570538356478e-08,1.2093042894886857e-07
0.005005667042915236,4.9455504773839765e-05,-0.0004202250898572812,-0.004174963586827933,0.0014381377252827509,0.00024951807939287607,0.0019824837012191333,0.0030601513392448745,0.00021895802415582277,-0.0010384833202086924,-0.0021744819406621695,-0.00030426968479012616,0.0006713322797761394,0.0011717137170690266,0.00039170936371989796,0.00010187653659798513,-0.00023279358542860608,0.00017691429077045412,9.69284961348014e-05,0.000350691955489294,-0.0012606972838970709,-8.139942297498926e-06,-0.00047040109270489244,-0.002267121416105179,0.0006945424853456636,-0.00043227824705179707,0.0005930538824376787,-0.002987236276226354,-0.00028626182017148954,0.0004016343882611822
3.847878199170925e-05,-0.005130862921574944,-0.00016345933935215325,-7.6052038382712574e-06,0.0007829628236217243,-0.00441462799327037,-3.4147525544817385e-05,0.0002663438933631591,-0.00367380221871281,-0.00014819178934081685,-0.00012815185425688486,0.002182910980427263,0.0004919171739036666,-2.9122896241774117e-05,-0.00033030822661828205,0.0004307523805277233,0.00030353668774864723,-4.709513042340765e-05,0.0011621273535197755,-0.0004477326996005078,-5.5946574753119124e-05,-0.002647232850293291,-0.00032148288385673075,-0.000313737892698367,-0.002264685752071736,-0.0033223425257175566,-0.0016515299274010675,-4.432752983215055e-05,-0.004320932233714486,-0.001319233590191429
1.8015817834578835e-08,-5.192860494599953e-09,2.6430711972259713e-07,-9.095686041249743e-08,-2.543700686142533e-07,-3.950043195207033e-08,1.9393159576925402e-07,-1.1906871750312556e-07,-1.663629874932226e-08,-1.4243744699245995e-07,5.547623934330343e-08,-6.737405572728265e-09,8.467036233178137e-08,-1.532038248316536e-08,-1.2030055318207149e-08,1.3368112417645347e-09,-7.354310864627519e-08,4.174779889083068e-08,-3.089259219748441e-09,1.664572538615022e-07,-1.1692320129404404e-08,5.018461407445323e-08,-2.0313426009115905e-07,2.639995445558505e-08,2.3458176489961497e-07,-1.428902127640395e-07,2.441271906265858e-07,2.6007608596172054e-08,-8.487916133986792e-08,2.387269847574384e-07
0.005090445548318221,5.086592511594928e-05,-0.00043383162395220785,-0.004487503105686183,0.0015732187585094756,0.00027400637555523706,0.0023014155799394344,0.0036419920668061927,0.00025881038692008993,-0.0014088334846212864,-0.003130555735796285,-0.0004397074813367849,0.0012066858720521131,0.0024619291288251618,0.001093305669270774,0.0006280922001264422,-0.0006594642140900081,-0.0015501643329743388,2.5921617575180734e-05,0.0001506210445357884,0.0008242241002234038,4.651417448106646e-06,-0.00023285683482339662,-2.859355975360273e-05,0.00031104726149298943,-0.000272693271833893,0.000412947329274132,-0.0008172257066553208,-0.00022978323113601002,0.0004236436959493473
3.878002496904087e-05,-0.005225004836105333,-0.00016967136324151693,-6.3400251302649356e-06,0.0008559456305723287,-0.004786333045543592,-5.240720300129656e-05,0.0003356576757632575,-0.004492802432221943,-0.00016226390751324478,-0.00025163012210153426,0.003610169926646024,0.000757330687120283,0.00022278421999157383,-0.0016558962362014577,0.0017949205058136553,5.019783639103987e-05,8.133788369567993e-05,-0.0009009800998388735,-0.00017625696810884102,-8.2020912337086e-05,-0.00029843290083576336,0.00015011011932486519,-0.0001793110237262887,-0.0009653428972058346,-0.0011372287485269393,-0.0010090113267058113,-8.1849679409251e-05,-0.0022594208471801787,-0.0010426797780257902
1.8028044776410297e-08,-5.167448016079208e-09,2.661611937303835e-07,-9.416920733228317e-08,-2.667736399398881e-07,-4.057355411599124e-08,2.2238665200745312e-07,-1.408645739915885e-07,-1.618059782810698e-08,-1.9782269137356308e-07,8.731108921671306e-08,-2.45555934040116e-08,1.7134048488582942e-07,-6.748994227431495e-08,5.179184702806651e-08,7.05609106929832e-08,5.207246415567707e-08,-3.5978002132989092e-09,-1.1776894877628521e-08,1.646888891479686e-08,-1.4142719413065911e-08,2.5585119580409523e-08,-6.802039867736788e-08,1.0165865243491853e-09,1.2482586630957275e-07,-6.484102206208863e-08,1.616223094366872e-07,2.198835774596113e-09,-4.4389749923402515e-08,1.9379600459166624e-07
0.005174502691434333,5.3560398674066486e-05,-0.0005100629459262475,-0.004780184752155431,0.0017787267737173356,0.0003090155311986317,0.002546524751130205,0.004259030093257229,0.0003012754000905113,-0.0016992288984345226,-0.004108761950332508,-0.0005581962761761972,0.0016652490941729862,0.003791576594550351,0.0017743622472206671,0.0011350340111787956,-0.0011222135200636698,-0.0033638896765965463,-5.3229475283716024e-05,-0.00010866960878958112,0.0031510017513913203,4.481217716507593e-06,0.00014691068569618583,0.002660047915292602,-0.0003341136386925692,6.148804080830398e-05,-9.38522165093173e-05,0.002074768434932634,-1.687396379887585e-05,7.822912566587613e-05
3.935760011477608e-05,-0.005321655194341782,-0.00017051125337498786,-7.791127180668836e-06,0.0009214516250776542,-0.005159749909654588,-5.980136608170392e-05,0.000399609741898948,-0.005306588058801874,-0.00018956167995696905,-0.00037588553002719657,0.005066443986288003,0.0010424510393193763,0.0004941685678466465,-0.003065475385129527,0.003255729522443653,-0.000255626293144971,0.00022368095664231105,-0.0032747185271575887,0.00020870245034841604,-9.826211742074388e-05,0.002713730076457544,0.0006541330808831924,5.6405842815176475e-05,0.0010866954782670476,0.001981558161366544,0.0003717511146576234,-8.21474894027772e-05,0.0014013619603458099,4.906717290696243e-05
1.799757475342073e-08,-5.168719668240205e-09,2.6778301140052064e-07,-9.66541094425966e-08,-2.7775439241958773e-07,-4.1543241934557667e-08,2.4712855085501533e-07,-1.6112183034387962e-07,-1.5613163054337764e-08,-2.4777413898220223e-07,1.1790144338932254e-07,-4.1699731888357196e-08,2.525327280892545e-07,-1.1952273317327445e-07,1.1618392449317983e-07,1.3887196553001886e-07,1.8685688977208267e-07,-5.4390613587508246e-08,-1.8370915794472037e-08,-1.6404780486064915e-07,-1.1736381038992476e-08,-1.5155887926916817e-08,1.1753889988802999e-07,-2.6439220313719265e-08,-6.999986199934657e-08,5.699017457224552e-08,-3.855630606441991e-08,-2.0684393901054698e-08,2.5467345562777322e-08,-6.897926469219853e-09
0.005260389665306779,5.5063295761696754e-05,-0.0005255779977245974,-0.005075881658583527,0.0019196544098969868,0.0003341196384379369,0.002804169382994407,0.004797323388458944,0.0003368784735415738,-0.0019817419162059193,-0.004974989884680763,-0.0006630807247022362,0.0020872396936719843,0.004973388420893184,0.002380845078565751,0.0015945998723419922,-0.0015320763435236928,-0.004996630790636924,-0.00013161274109580235,-0.0003613188250436159,0.005280360040026478,5.396706412581854e-06,0.0005353854866058426,0.005179388323282495,-0.000999511657232998,0.0004324175079383894,-0.0006754494017480612,0.004879348421396198,0.00024899481296095885,-0.00039672716274900653
3.9614648046924104e-05,-0.0054140178095557386,-0.00017579094547544175,-8.582606765899903e-06,0.0009844401197855136,-0.0055030522328279935,-6.38731338488045e-05,0.00045692685050274855,-0.0060267875295211245,-0.00022034727796024675,-0.00048632459469873866,0.006349355222375321,0.0013037452755801607,0.0007371276957527283,-0.004309515089427879,0.0045588195234723084,-0.0005308367985135042,0.0003420987634235209,-0.005421875080111659,0.0005678432174365628,-0.00010085518239333478,0.005518415429645861,0.0011018716932028323,0.0003013576013708561,0.0031078710080176325,0.00496942588836589,0.0018420641407029528,-5.9917151206988e-05,0.0051118322492997356,0.0013408223961283673
1.7936838972145393e-08,-5.197962768196658e-09,2.6905007044116836e-07,-9.822282983697715e-08,-2.8638663058286774e-07,-4.234862113726989e-08,2.65636677223224e-07,-1.7779042202128356e-07,-1.5130081599414307e-08,-2.858942503440078e-07,1.4326484160959348e-07,-5.509466096665391e-08,3.15376945284142e-07,-1.6232310005437095e-07,1.671547691361343e-07,1.9281666222716772e-07,2.976485669445903e-07,-9.580657911542272e-08,-2.2933887733800927e-08,-3.183944994338307e-07,-8.180223704610046e-09,-5.383540194465066e-08,2.836139129320103e-07,-4.785866575085327e-08,-2.589172850404669e-07,1.699434324967535e-07,-2.476240889102516e-07,-3.541289973134882e-08,9.098153442698144e-08,-2.3742476284774798e-07
