Mode_1,Mode_2,Mode_3,Mode_4,Mode_5,Mode_6,Mode_7,Mode_8,Mode_9,Mode_10,Mode_11,Mode_12,Mode_13,Mode_14,Mode_15,Mode_16,Mode_17,Mode_18,Mode_19,Mode_20,Mode_21,Mode_22,Mode_23,Mode_24,Mode_25,Mode_26,Mode_27,Mode_28,Mode_29,Mode_30
0.0,-6.307271399292074e-52,-2.0430869641118224e-20,4.201409033585668e-31,-4.2482325868893794e-30,-9.40203106663981e-26,6.752693337772633e-26,1.8319108609191922e-27,-1.93185733095251e-27,-3.9759872705203506e-33,-7.971050741591735e-33,-4.7574843638668024e-32,1.2387859409119305e-32,2.254689586628207e-32,9.871596732644464e-33,9.225345424407717e-33,-8.337936322344481e-32,2.289923461323252e-32,-2.479085467042148e-32,-6.525806386390582e-32,-4.879778337117554e-32,-3.191555730975103e-33,5.019851088287066e-33,3.456221590083736e-32,1.1549825927163019e-32,-2.700665827691437e-32,5.576517828376786e-32,-1.592891351670921e-32,-5.937321631675643e-26,-2.1802026885398567e-26
0.0,7.075439747658916e-53,-7.856978182250732e-20,1.61571091131695e-30,-1.633717571986661e-29,-3.615683240529054e-25,2.5968431665067136e-25,7.044870811344784e-27,-7.429229008116796e-27,-1.5290218180299797e-32,-3.0653796404861924e-32,-1.829557507399676e-31,4.763925512357764e-32,8.670725847936735e-32,3.796261321571048e-32,3.547736290544205e-32,-3.2064706530075057e-31,8.806222654637582e-32,-9.533671750311293e-32,-2.5095906061359055e-31,-1.8765873754315002e-31,-1.2273576317749156e-32,1.9304543138127875e-32,1.3291386101497501e-31,4.441647972093697e-32,-1.0385790190599367e-31,2.1445283425013017e-31,-6.125687708424152e-32,-2.283280513477412e-25,-8.384275979985238e-26
0.0,5.291538015671636e-56,-4.509741606380995e-22,9.273843648702422e-33,-9.377198124512461e-32,-2.075326769036765e-27,1.4905338161409177e-27,4.0436089128711727e-29,-4.264222501505896e-29,-8.776266331038135e-35,-1.7594639800347471e-34,-1.05012785073697e-33,2.734393884556041e-34,4.9768157939285374e-34,2.178974821266481e-34,2.0363266369264896e-34,-1.8404472784673108e-33,5.054588135181201e-34,-5.472128743840648e-34,-1.4404526661647054e-33,-1.07712201408192e-33,-7.044776820447887e-35,1.1080405133600668e-34,7.628978408043742e-34,2.5494132977582545e-34,-5.961226956077912e-34,1.2309145408395015e-33,-3.5160169824126737e-34,-1.310555393165467e-27,-4.812399544636715e-28
0.0,-1.7083316963953097e-51,3.0675213562171236e-19,-6.308058402052165e-30,6.37836000781859e-29,1.4116350205109202e-24,-1.0138594873186648e-24,-2.750458404662862e-26,2.900519528282517e-26,5.969606859597858e-32,1.1967854937916307e-31,7.14295826969275e-31,-1.8599317587556156e-31,-3.3852247146411607e-31,-1.482136313510913e-31,-1.3851071727547578e-31,1.2518702459374458e-30,-3.438125376102337e-31,3.722136046289617e-31,9.797943438035088e-31,7.326572277155541e-31,4.791849564207717e-32,-7.53687956935815e-32,-5.1892228520178135e-31,-1.7341081651726864e-31,4.054820121103818e-31,-8.372667378068332e-31,2.3915909467556208e-31,8.914383589994414e-25,3.2733889580659795e-25
0.0,2.0278915407600976e-52,-3.340229968318906e-19,6.868857060725875e-30,-6.945408612760169e-29,-1.537132118205659e-24,1.1039935668153393e-24,2.9949795023207555e-26,-3.158381351974311e-26,-6.500316508395995e-32,-1.3031820506297862e-31,-7.777981143726725e-31,2.0252833079165994e-31,3.6861777710783444e-31,1.6139011130853058e-31,1.5082458933423225e-31,-1.3631639440757484e-30,3.743781404984556e-31,-4.053041175496992e-31,-1.0668999653746092e-30,-7.97791879267919e-31,-5.217854305235886e-32,8.20692281686292e-32,5.650554850214696e-31,1.8882737510847389e-31,-4.415301510762506e-31,9.117013782137618e-31,-2.6042080280306523e-31,-9.706889621308975e-25,-3.564399600130696e-25
0.0,1.3672262962651669e-55,-1.1389254773301521e-21,2.3420891319657103e-32,-2.368191081029616e-31,-5.241192816228806e-27,3.764310876753951e-27,1.0212046749451507e-28,-1.0769201590396608e-28,-2.2164270578432897e-34,-4.443488182274707e-34,-2.6520751476458015e-33,6.905652545082142e-34,1.2568840519969386e-33,5.502953727748096e-34,5.14269882708984e-34,-4.648009748860643e-33,1.2765252883723621e-33,-1.3819742649500764e-33,-3.6378320169441204e-33,-2.7202483226441007e-33,-1.779143131296477e-34,2.7983323230624462e-34,1.92668197721821e-33,6.438488078684476e-34,-1.5054949593611202e-33,3.108648018758162e-33,-8.879624753521467e-34,-3.309779266769233e-27,-1.215361084263401e-27
0.0,-3.178134109705162e-51,9.143550212383989e-19,-1.8802818972032672e-29,1.9012371303131186e-28,4.20774762188368e-24,-3.022073542197233e-24,-8.198461103829665e-26,8.645757556210245e-26,1.7793975561028976e-31,3.567332378295964e-31,2.1291456524589238e-30,-5.54401337519136e-31,-1.0090548217047257e-30,-4.417895176621808e-31,-4.1286744291189e-31,3.7315268981597034e-30,-1.0248232484265731e-30,1.1094800615570975e-30,2.920533466137764e-30,2.1838766127132383e-30,1.4283361714190164e-31,-2.246564205742612e-31,-1.5467836795493729e-30,-5.168963223468434e-31,1.208645256762712e-30,-2.4956926352517784e-30,7.128762723246439e-31,2.6571653299780865e-24,9.757192477859973e-25
0.0,3.7108124703106314e-52,-5.66736429006945e-19,1.1654381760699035e-29,-1.1784266689786814e-28,-2.6080502715267207e-24,1.8731445967421828e-24,5.081578227262987e-26,-5.358821954914054e-26,-1.1029079435759544e-31,-2.21110746483466e-31,-1.3196891531743254e-30,3.4362958255661357e-31,6.2543335234205875e-31,2.7383041355723722e-31,2.5590390475009973e-31,-2.3128786734666434e-30,6.352069541843839e-31,-6.8767902336552575e-31,-1.8102079264656666e-30,-1.3536125507461501e-30,-8.85312731184034e-32,1.3924676368002685e-31,9.587289821671001e-31,3.2038318703688203e-31,-7.4914369218490255e-31,1.5468826647040939e-30,-4.418556722799699e-31,-1.6469668295060666e-24,-6.047712642815624e-25
0.0,2.491591825878205e-55,-2.038741340465276e-21,4.192472669576546e-32,-4.2391966420263055e-31,-9.382033048241074e-27,6.738330431233761e-27,1.8280144129961586e-28,-1.927748296369768e-28,-3.9675304143229665e-34,-7.954096412269132e-34,-4.747365257121456e-33,1.2361510570078795e-33,2.2498938938354737e-33,9.85059995824119e-34,9.205723209324823e-34,-8.320201641378929e-33,2.2850528233466815e-33,-2.4738124850963942e-33,-6.511926083171276e-33,-4.8693991153033266e-33,-3.184767330767263e-34,5.009173914311417e-34,3.4488702510133376e-33,1.1525259621801373e-33,-2.6949215489566815e-33,5.5646566478224074e-33,-1.5895033022950485e-33,-5.9246930139762185e-27,-2.1755654214435506e-27
0.0,-4.977899580769008e-51,1.8337623614797306e-18,-3.7709533958187623e-29,3.8129796510610683e-28,8.43874538490211e-24,-6.060845718145179e-24,-1.6442223254372636e-25,1.733928772065849e-25,3.568627270797239e-31,7.1543762478343825e-31,4.270056016193664e-30,-1.1118660501416102e-30,-2.0236852312117583e-30,-8.860201676149351e-31,-8.280162076205719e-31,7.483672553200244e-30,-2.0553092140339423e-30,2.2250906161419862e-30,5.857204500366629e-30,4.3798203555726826e-30,2.8645646928926907e-31,-4.505541925794678e-31,-3.1021141973241953e-30,-1.0366487836707015e-30,2.4239689492493372e-30,-5.005175357279091e-30,1.4296915814453153e-30,5.3290129732460864e-24,1.9568298859823656e-24
0.0,5.716224087757363e-52,-8.000485761451967e-19,1.645221844970964e-29,-1.6635573969713466e-28,-3.681723636339504e-24,2.6442744648737813e-24,7.173545262391048e-26,-7.564923755445365e-26,-1.5569493766917193e-31,-3.121368749930734e-31,-1.862974345600331e-30,4.8509385346492626e-31,8.829096514860113e-31,3.865599973091769e-31,3.6125356364285277e-31,-3.265036787481561e-30,8.967068168628313e-31,-9.707804110204592e-31,-2.555428237852607e-30,-1.910863213401643e-30,-1.2497752990225993e-31,1.965714030593371e-31,1.3534153053112522e-30,4.5227746002046075e-31,-1.0575486479935851e-30,2.1836981178979522e-30,-6.237573294799413e-31,-2.3249845950663687e-24,-8.537414644928468e-25
0.0,3.86008182819645e-55,-3.1109950917303567e-21,6.397457901297763e-32,-6.4687558369782175e-31,-1.431641090716724e-26,1.028228175980433e-26,2.7894386372465507e-28,-2.9416264677945618e-28,-6.054209722574014e-34,-1.2137466586161023e-33,-7.244190187554274e-33,1.886291210493272e-33,3.433201025413771e-33,1.5031415468180697e-33,1.4047372833230493e-33,-1.2696120863785523e-32,3.486851410074055e-33,-3.7748871552493436e-33,-9.93680251651684e-33,-7.430406421214924e-33,-4.859760940571527e-34,7.643694249849431e-34,5.262765908534043e-33,1.7586844099691557e-33,-4.1122861174199085e-33,8.491327062899326e-33,-2.425485211677279e-33,-9.040720625345824e-27,-3.319780304403267e-27
0.0,-6.64284593178853e-51,2.805598463029721e-18,-5.769439527207887e-29,5.833738369438664e-28,1.2911013760095808e-23,-9.272902415671804e-24,-2.515608197576262e-25,2.6528562260650758e-25,5.45988694919453e-31,1.0945969568502754e-30,6.533050763525687e-30,-1.7011199198395215e-30,-3.0961744517197808e-30,-1.3555828566885927e-30,-1.2668386309372806e-30,1.1449782509232468e-29,-3.1445581461132334e-30,3.404318325931522e-30,8.96133778761887e-30,6.7009867339904e-30,4.382693454910448e-31,-6.8933367637021485e-31,-4.7461366896805035e-30,-1.586039879063967e-30,3.708595890655676e-30,-7.657760124333332e-30,2.187382938706165e-30,8.153221443113148e-24,2.993887886371083e-24
0.0,7.036176086661532e-52,-6.018981943365904e-19,1.2377449160489743e-29,-1.25153924807218e-28,-2.7698603245218515e-24,1.9893592379099816e-24,5.396852228033098e-26,-5.691296859554382e-26,-1.1713351495837423e-31,-2.348290179492634e-31,-1.4015660151042568e-30,3.649492333231317e-31,6.642368236987474e-31,2.9081954686544613e-31,2.7178083198312413e-31,-2.4563755320663356e-30,6.746168045667197e-31,-7.3034437400131835e-31,-1.9225178171040542e-30,-1.4375941063105602e-30,-9.402397782516582e-32,1.4788598603263764e-31,1.0182109596487159e-30,3.4026057249909556e-31,-7.956224667654966e-31,1.642855188272996e-30,-4.692695188381405e-31,-1.7491488283977036e-24,-6.42292807248149e-25
0.0,5.130124574990892e-55,-4.089603222695044e-21,8.409870050821866e-32,-8.503595774887287e-31,-1.8819843316053696e-26,1.3516720978870118e-26,3.6668965729713823e-28,-3.866957268636813e-28,-7.958648233852324e-34,-1.595548080357573e-33,-9.522954123455412e-33,2.4796511681682237e-33,4.51316365461908e-33,1.975976281793191e-33,1.8466175456812566e-33,-1.668986779769977e-32,4.583690537347766e-33,-4.962332057822108e-33,-1.3062566283972048e-32,-9.767747344544871e-33,-6.388468454007283e-34,1.0048127919125188e-33,6.918244415442884e-33,2.3119038181173746e-33,-5.405864703275545e-33,1.1162395792171408e-32,-3.1884563767549954e-33,-1.1884608980316932e-26,-4.3640648188795395e-27
0.0,-8.554401475232018e-51,4.438611311331768e-18,-9.127571134669367e-29,9.22929544451926e-28,2.042593495525687e-23,-1.4670242407663844e-23,-3.97983073744141e-25,4.196964678693084e-25,8.637841903769032e-31,1.731712680190569e-30,1.0335646172357074e-29,-2.69126541720293e-30,-4.898318531222871e-30,-2.1446067498246613e-30,-2.0042084963546094e-30,1.8114186625727725e-29,-4.97486420100332e-30,5.385819113986956e-30,1.4177330003413032e-29,1.0601330128082951e-29,6.933662460634983e-31,-1.0905638471025824e-30,-7.508649677771322e-30,-2.5092024535182834e-30,5.8672029820546356e-30,-1.2114998334294112e-29,3.4605602978336995e-30,1.289884543281018e-23,4.736495550734992e-24
0.0,8.765917644548349e-52,-6.081021586056678e-19,1.2505027632736908e-29,-1.2644392780911558e-28,-2.798410193325881e-24,2.0098642232105046e-24,5.452479373671161e-26,-5.749958943590117e-26,-1.1834084894497544e-31,-2.372494785057022e-31,-1.4160124207938388e-30,3.6871088608332522e-31,6.710833329151727e-31,2.9381712036753277e-31,2.7458216713465537e-31,-2.481694209231773e-30,6.815703036775915e-31,-7.378722756538202e-31,-1.942333845773206e-30,-1.452411865491971e-30,-9.499311414279464e-32,1.4941029592555058e-31,1.0287059976539661e-30,3.437677510607261e-31,-8.038232113725736e-31,1.6597886414828154e-30,-4.7410643541422495e-31,-1.7671778853583307e-24,-6.489131321856626e-25
0.0,6.544444271315033e-55,-5.165314861990924e-21,1.0621966091929665e-31,-1.0740345027272011e-30,-2.377013394387214e-26,1.707210111975885e-26,4.631421273498448e-28,-4.88410507394271e-28,-1.0052056829269566e-33,-2.0152341837850953e-33,-1.2027831010836949e-32,3.131887944633456e-33,5.7002868078836106e-33,2.4957285828237855e-33,2.3323438812321762e-33,-2.1079898827770747e-32,5.789364778456499e-33,-6.267602535660061e-33,-1.649848752757251e-32,-1.2337013587766e-32,-8.06886371463225e-34,1.269114426255662e-33,8.737989666006927e-33,2.920017053231233e-33,-6.82780010021272e-33,1.409850436364365e-32,-4.027134226194933e-33,-1.5010685402024994e-26,-5.511969655773987e-27
0.0,-1.0637158398103403e-50,6.3553600295736715e-18,-1.3069177877711515e-28,1.3214830327571527e-27,2.924657319058695e-23,-2.10053698515966e-23,-5.698461842762733e-25,6.0093618686227035e-25,1.236796631279762e-30,2.4795272165860344e-30,1.479894227159233e-29,-3.853448626549153e-30,-7.013585020422126e-30,-3.0707234900583363e-30,-2.869696325112935e-30,2.5936530498493663e-29,-7.123185806881506e-30,7.711605527502544e-30,2.029960050747867e-29,1.5179357918280235e-29,9.927862155429394e-31,-1.5615077323715502e-30,-1.075114910729453e-29,-3.592764461701214e-30,8.40086790691828e-30,-1.734668137627143e-29,4.95495213540347e-30,1.8469021263922445e-23,6.781881176782132e-24
0.0,1.057945748186992e-51,-5.685907432641892e-19,1.1692513922617915e-29,-1.1822823826003388e-28,-2.616583594155889e-24,1.879273369381281e-24,5.098204727643182e-26,-5.376355573395688e-26,-1.106516566585812e-31,-2.218342023885499e-31,-1.3240070659948656e-30,3.4475390985154375e-31,6.274797181288403e-31,2.7472636380330057e-31,2.567412009429757e-31,-2.320446219546402e-30,6.372852983378456e-31,-6.899290517674384e-31,-1.8161307758100306e-30,-1.3580414581289074e-30,-8.882094005457004e-32,1.3970236745227067e-31,9.618658634038793e-31,3.2143145412912024e-31,-7.515948278791728e-31,1.55194393573658e-30,-4.433013873099589e-31,-1.652355567387308e-24,-6.0675002533853055e-25
0.0,8.076809991572306e-55,-6.318047092786601e-21,1.2992447465422031e-31,-1.3137244773675885e-30,-2.907486371534439e-26,2.088204528269076e-26,5.665005618113524e-28,-5.974080319936075e-28,-1.2295352775888717e-33,-2.4649696710339527e-33,-1.4712056240704714e-32,3.830824654878498e-33,6.972407579569166e-33,3.0526949737613964e-33,2.852848059008193e-33,-2.578425460277137e-32,7.081364889635087e-33,-7.666329940613177e-33,-2.0180419576357612e-32,-1.5090238429690763e-32,-9.86957471062634e-34,1.5523399687056017e-33,1.0688028064341947e-32,3.5716709914077056e-33,-8.35154559322612e-33,1.7244837321114999e-32,-4.925861127520757e-33,-1.8360587843902535e-26,-6.742064092830224e-27
0.0,-1.2858858499187023e-50,8.470152819969113e-18,-1.7418042934177389e-28,1.761216230767622e-27,3.897858551397315e-23,-2.799506115393772e-23,-7.594666930199787e-25,8.009021226215027e-25,1.6483498063183697e-30,3.304608133593646e-30,1.972339915120747e-29,-5.135711997252138e-30,-9.347407017293332e-30,-4.092529315031722e-30,-3.8246088825155084e-30,3.4567101771942764e-29,-9.493478271571388e-30,1.0277698981735453e-29,2.7054441869621404e-29,2.0230400902041898e-29,1.3231431302122144e-30,-2.0811109144529096e-30,-1.4328673042039867e-29,-4.788283259252813e-30,1.1196318487042677e-29,-2.3118917180310356e-29,6.603748899430185e-30,2.4614723920071815e-23,9.038602015761023e-24
0.0,1.2491414878312067e-51,-5.015354675356669e-19,1.031358759505633e-29,-1.0428529738465854e-28,-2.3080035891963477e-24,1.6576461349398158e-24,4.496961166165958e-26,-4.7423090126890936e-26,-9.760224031477674e-32,-1.956727606479507e-31,-1.1678637240724226e-30,3.0409625097033284e-31,5.534795238139739e-31,2.423272220804905e-31,2.2646309278483078e-31,-2.0467904085039442e-30,5.621287083140546e-31,-6.085640571258709e-31,-1.60195009960656e-30,-1.1978843583927158e-30,-7.834607268296219e-32,1.2322693080055346e-31,8.484307056468876e-31,2.835242686487395e-31,-6.6295743976073865e-31,1.3689194498186691e-30,-3.9102178715380057e-31,-1.4574892958382585e-24,-5.351945335713759e-25
0.0,9.708564730806059e-55,-7.534463311315606e-21,1.5493888746755913e-31,-1.5666563940626908e-30,-3.4672659245428977e-26,2.4902474093188468e-26,6.755691491570836e-28,-7.124272473500253e-28,-1.4662582128490089e-33,-2.939551300767674e-33,-1.7544574510400933e-32,4.568374909268925e-33,8.31480809311965e-33,3.640431598983065e-33,3.4021080751194715e-33,-3.074850780014431e-32,8.444742999132661e-33,-9.142331613188807e-33,-2.40657640995807e-32,-1.7995568272566087e-32,-1.1769768009549708e-33,1.851212624586793e-33,1.2745798525789055e-32,4.259326283842143e-33,-9.959472118654308e-33,2.0564992979224176e-32,-5.8742392066581004e-33,-2.1895559411390625e-26,-8.040116479657915e-27
0.0,-1.5196944458796686e-50,1.072738831808089e-17,-2.205982752250569e-28,2.2305678328514884e-27,4.936610138984398e-23,-3.545554588801845e-23,-9.61859166386433e-25,1.0143368433460836e-24,2.0876233087978178e-30,4.185262703224145e-30,2.4979544778363404e-29,-6.504342726193577e-30,-1.1838424521008029e-29,-5.1831592768804516e-30,-4.843839954208051e-30,4.3778988598808885e-29,-1.2023422725940533e-29,1.3016632679007105e-29,3.426425825256644e-29,2.5621658890627313e-29,1.6757513659809567e-30,-2.635712175083801e-30,-1.81471625212552e-29,-6.0643266998889466e-30,1.41800577504465e-29,-2.927994421781061e-29,8.363601023866549e-30,3.117437281773329e-23,1.1447325182496962e-23
0.0,1.4509956673083007e-51,-4.188750132184355e-19,8.613755994005814e-30,-8.709753975108383e-29,-1.9276105011656234e-24,1.3844415632055622e-24,3.7557955321429914e-26,-3.960706428864824e-26,-8.151594923704033e-32,-1.634229989936242e-31,-9.753825293839369e-31,2.5397669634775517e-31,4.622579217028554e-31,2.0238811594428605e-31,1.8913862951181586e-31,-1.709449111754522e-30,4.694815927963901e-31,-5.082637101393249e-31,-1.3379250574408957e-30,-1.0004553196915407e-30,-6.543348248837215e-32,1.0291731214810727e-31,7.0859679139988905e-31,2.36795280662802e-31,-5.536922597712747e-31,1.1433013013088005e-30,-3.2657562010625936e-31,-1.2172735281407974e-24,-4.469865679178228e-25
0.0,1.1426781492284417e-54,-8.804024023666832e-21,1.8104616494923132e-31,-1.8306387542486725e-30,-4.0515019099332233e-26,2.9098553023133357e-26,7.894028775607324e-28,-8.324715831272848e-28,-1.713323430938837e-33,-3.4348671167983135e-33,-2.0500843801657705e-32,5.338148291188387e-33,9.715857278656777e-33,4.253846084276335e-33,3.975364931365194e-33,-3.592964623742288e-32,9.867686279181316e-33,-1.068281891212756e-32,-2.8120856990892973e-32,-2.102783023089254e-32,-1.3752979612157002e-33,2.163142847254859e-33,1.4893471742485953e-32,4.977024822892496e-33,-1.163764798801264e-32,2.403020424344426e-32,-6.86405135433287e-33,-2.5584971763018656e-26,-9.394879995457669e-27
0.0,-1.7629641597739923e-50,1.3083584443414848e-17,-2.6905114986221736e-28,2.7204965209189943e-27,6.020902171386245e-23,-4.324310958629414e-23,-1.1731248327033193e-24,1.2371288658903037e-24,2.546155227762159e-30,5.104526504655897e-30,3.0466127800495736e-29,-7.932976301751987e-30,-1.4438652009588874e-29,-6.32160411014251e-30,-5.907755661696684e-30,5.339473851353036e-29,-1.4664283781723468e-29,1.5875645383023058e-29,4.1790163919065595e-29,3.124927780500518e-29,2.0438184815185668e-30,-3.214627996005918e-30,-2.2133060369787668e-29,-7.396313820018476e-30,1.7294608667849154e-29,-3.571108002352418e-29,1.020060773416535e-29,3.802160667044843e-23,1.3961650425571071e-23
0.0,1.663676514498011e-51,-3.296351722095796e-19,6.778625724380906e-30,-6.854171676187071e-29,-1.5169398972218893e-24,1.0894911816013606e-24,2.955636569936638e-26,-3.116891924225e-26,-6.414926440475766e-32,-1.286063067024371e-31,-7.675807291982957e-31,1.998678589006411e-31,3.6377550545833184e-31,1.5927004320837206e-31,1.4884331301819216e-31,-1.3452570209118776e-30,3.6946019892610027e-31,-3.999799232645285e-31,-1.0528848531501169e-30,-7.873118501828797e-31,-5.149311032977332e-32,8.09911425612035e-32,5.5763274966825005e-31,1.863468831448481e-31,-4.357300809921744e-31,8.997250003056199e-31,-2.569998386934014e-31,-9.579377055374093e-25,-3.517576595401276e-25
0.0,1.3218252958273974e-54,-1.0113881404918702e-20,2.0798210411390324e-31,-2.1030000833650347e-30,-4.654281919121759e-26,3.3427818181728724e-26,9.068497613012058e-28,-9.563262028911134e-28,-1.968230657050459e-33,-3.94590457358683e-33,-2.3550946970769023e-32,6.1323547725240365e-33,1.1161376661321446e-32,4.886730737614562e-33,4.5668173268288394e-33,-4.127523732206647e-32,1.1335794688918518e-32,-1.2272202263084524e-32,-3.23046611238292e-32,-2.4156338122924183e-32,-1.5799139619305318e-33,2.4849739346713646e-33,1.710931348052928e-32,5.7175035725444934e-33,-1.336909023266698e-32,2.760540352921184e-32,-7.885280772565543e-33,-2.939148842208564e-26,-1.0792644571627186e-26
0.0,-2.0140352094650537e-50,1.5507538113074698e-17,-3.1889739229486257e-28,3.2245141740099614e-27,7.136375379522025e-23,-5.125462161671524e-23,-1.3904659027594743e-24,1.466327757616978e-24,3.017873229366724e-30,6.050225736102745e-30,3.611048945078538e-29,-9.402693343062971e-30,-1.7113654695117012e-29,-7.49278740071003e-30,-7.002266579377631e-30,6.328701023137198e-29,-1.7381088541056273e-29,1.881687521571538e-29,4.9532493371901834e-29,3.7038731141376426e-29,2.4224701675119148e-30,-3.810191800504225e-30,-2.623358138030976e-29,-8.766605126868936e-30,2.049872527105182e-29,-4.232715712709567e-29,1.2090441567922912e-29,4.50657476253768e-23,1.6548280559683621e-23
0.0,1.8873672033442166e-51,-2.414837526565353e-19,4.9658777801163384e-30,-5.021221147607424e-29,-1.1112780728941475e-24,7.981381878910761e-25,2.1652368158849583e-26,-2.2833690763426512e-26,-4.699439384999343e-32,-9.421425921678173e-32,-5.623134016829004e-31,1.4641896457945712e-31,2.664942385415846e-31,1.1667786378399122e-31,1.0903946184465155e-31,-9.855068304769259e-31,2.706587246567445e-31,-2.930168289835179e-31,-7.7132116642136525e-31,-5.7676800347813905e-31,-3.772276312860989e-32,5.933239740198764e-32,4.085099539583104e-31,1.3651378388119555e-31,-3.1920663815320745e-31,6.591194987730829e-31,-1.8827264433266097e-31,-7.017648947722722e-25,-2.5769021879743816e-25
0.0,1.5073093956010857e-54,-1.1455104576382607e-20,2.3556305015419824e-31,-2.3818833655071284e-30,-5.271496073265939e-26,3.786075174322068e-26,1.0271090232205865e-27,-1.0831466402133629e-27,-2.2292418809655003e-33,-4.469179311998233e-33,-2.667408778313645e-32,6.94557928913222e-33,1.264151039082543e-32,5.5347704204614875e-33,5.172432616682366e-33,-4.674883370783799e-32,1.283905836139484e-32,-1.389964492146429e-32,-3.6588650456010384e-32,-2.735976113443661e-32,-1.789429688863149e-33,2.8145115758822444e-33,1.9378215672400526e-32,6.475713795447609e-33,-1.5141993521086883e-32,3.1266214387941204e-32,-8.930964507848444e-33,-3.3289155770285603e-26,-1.2223879960031301e-26
0.0,-2.271744517426742e-50,1.797861967651718e-17,-3.6971277388562214e-28,3.738331226617807e-27,8.273536255837413e-23,-5.942189804673387e-23,-1.6120326422221695e-24,1.699982865301904e-24,3.498762642188984e-30,7.014311792961535e-30,4.1864592008941364e-29,-1.0900985463790953e-29,-1.984066631300056e-29,-8.686741506746954e-30,-8.118057604396249e-30,7.337161315448302e-29,-2.0150714972573725e-29,2.1815290121243578e-29,5.742535362269175e-29,4.2940746341170396e-29,2.808483816178811e-30,-4.4173348971606456e-30,-3.0413827065878913e-29,-1.0163538421135607e-29,2.3765138142058477e-29,-4.9071867786212216e-29,1.401701863209363e-29,5.2246844798103246e-23,1.9185201436454115e-23
0.0,2.122447068397383e-51,-1.6144874008760934e-19,3.3200358271867795e-30,-3.3570367324588895e-29,-7.429669399200137e-25,5.336110749765505e-25,1.4476119090245216e-26,-1.5265915684787205e-26,-3.1419031736844375e-32,-6.298880684523879e-32,-3.759457490643637e-31,9.789129536589213e-32,1.7816999533066254e-31,7.800729406623071e-32,7.290048932267982e-32,-6.588800880139931e-31,1.8095424485558627e-31,-1.9590219783776974e-31,-5.156820250477287e-31,-3.856096590974139e-31,-2.52202995620638e-32,3.9667848040613517e-32,2.731174113412145e-31,9.126899093439458e-32,-2.1341191290625866e-31,4.40667380403624e-31,-1.2587340117082286e-31,-4.691788033238641e-25,-1.7228389363151756e-25
0.0,1.6984673298579865e-54,-1.2823066795791412e-20,2.6369385862918575e-31,-2.6663265526753838e-30,-5.901015203353772e-26,4.238206166560403e-26,1.1497658116953901e-27,-1.2124954097521599e-27,-2.4954567069201696e-33,-5.002886220548431e-33,-2.9859492515258783e-32,7.775016506059209e-33,1.4151152532949117e-32,6.195729626709553e-33,5.790121643864659e-33,-5.233155343661882e-32,1.4372291572325125e-32,-1.555953278970646e-32,-4.0958046749976236e-32,-3.0627048596933886e-32,-2.0031223873743157e-33,3.150618983389608e-33,2.1692351413603502e-32,7.249039936368146e-33,-1.695024196834388e-32,3.5000008325961495e-32,-9.997495323713365e-33,-3.726452824341503e-26,-1.3683648908312136e-26
0.0,-2.534650982714566e-50,2.047838380843108e-17,-4.211179845145289e-28,4.258112304457028e-27,9.423896491971748e-23,-6.768397444972513e-23,-1.8361711718152696e-24,1.9363500763526242e-24,3.9852338794710615e-30,7.989588279447644e-30,4.768548412316395e-29,-1.2416668700611191e-29,-2.2599331154564352e-29,-9.89455418827778e-30,-9.246799943101857e-30,8.357327102152929e-29,-2.2952489270410846e-29,2.4848508508013244e-29,6.540982861738321e-29,4.891126796244617e-29,3.1989780384831765e-30,-5.031525281813897e-30,-3.4642594089183005e-29,-1.1576686329869271e-29,2.706946522529623e-29,-5.589486628016767e-29,1.596595804131576e-29,5.951129507191893e-23,2.1852729827246366e-23
0.0,2.3688826393530628e-51,-9.584736510820327e-20,1.9710075499817762e-30,-1.9929739010888324e-29,-4.410776046418684e-25,3.167891895334307e-25,8.594045845935623e-27,-9.062924834696472e-27,-1.865255444882088e-32,-3.7394600708396777e-32,-2.231879263298714e-31,5.811518085361683e-32,1.057742823540026e-31,4.6310634526099205e-32,4.3278874834958504e-32,-3.911577160012304e-31,1.0742720928051369e-31,-1.1630136904052408e-31,-3.0614524067004897e-31,-2.289251053439827e-31,-1.497254955571605e-32,2.3549633835387337e-32,1.6214176865692696e-31,5.418371372526022e-32,-1.2669637156606294e-31,2.616112539510517e-31,-7.472733376138556e-32,-2.785376462794612e-25,-1.022798768516921e-25
0.0,1.8943923574560455e-54,-1.4211022865321863e-20,2.922358211261626e-31,-2.9549271020658358e-30,-6.539735253581868e-26,4.6969454109608924e-26,1.2742153261756537e-27,-1.3437347138941243e-27,-2.7655624731763936e-33,-5.544393677817823e-33,-3.309145445772515e-32,8.616576604134001e-33,1.5682859289357681e-32,6.866349274685311e-33,6.416838684873649e-33,-5.799586903109409e-32,1.5927934199675155e-32,-1.7243681232389927e-32,-4.539130522769646e-32,-3.3942090050662636e-32,-2.2199383737406114e-33,3.4916388665743585e-33,2.404031007952971e-32,8.033668850667749e-33,-1.8784919397282426e-32,3.878837461643691e-32,-1.1079614331255689e-32,-4.1298003930418243e-26,-1.5164753534691465e-26
0.0,-2.8021146697162314e-50,2.3000313967822236e-17,-4.7297901787350695e-28,4.782502409806645e-27,1.0584457257138909e-22,-7.601931272979841e-23,-2.062297193245262e-24,2.1748132139863695e-24,4.476018777661145e-30,8.973512784009645e-30,5.355799152896925e-29,-1.394579187596224e-29,-2.5382457760302395e-29,-1.1113076843899689e-29,-1.0385551119591179e-29,9.386538951473082e-29,-2.577910759464324e-29,2.79086231932189e-29,7.34651039287447e-29,5.493473167719186e-29,3.592934869739806e-30,-5.651161844675775e-30,-3.890885863669085e-29,-1.300236497099462e-29,3.040309259490661e-29,-6.277836599108824e-29,1.793217917882506e-29,6.68401610249267e-23,2.4543911852736388e-23
0.0,2.627183023936206e-51,-5.0968182692115864e-20,1.0481109465012305e-30,-1.0597918655611437e-29,-2.345492117264941e-25,1.6845710119171148e-25,4.5700046101664235e-27,-4.819337594079509e-27,-9.918757894963886e-33,-1.9885104203627618e-32,-1.186833150636897e-31,3.090356372624736e-32,5.62469605717634e-32,2.4626330410807193e-32,2.3014149582745667e-32,-2.080036102827557e-31,5.712592759809118e-32,-6.184488674105275e-32,-1.6279703234243206e-31,-1.2173414066804357e-31,-7.96186354513961e-33,1.2522848560996323e-32,8.622116314261729e-32,2.881295098169306e-32,-6.737257540475087e-32,1.3911545926835218e-31,-3.973730972126744e-32,-1.481163057841485e-25,-5.438876115567718e-26
0.0,2.0947364738122358e-54,-1.5619268914627613e-20,3.2119502726255727e-31,-3.2477465885241244e-30,-7.187792499118737e-26,5.1623907825907286e-26,1.4004841187925424e-27,-1.4768925534171816e-27,-3.039616808594862e-33,-6.0938172180219906e-33,-3.6370663171099817e-32,9.470439135797662e-33,1.72369574598693e-32,7.546772445548491e-33,7.052717453956046e-33,-6.374298901064825e-32,1.750631815014032e-32,-1.895244957377998e-32,-4.988937175433647e-32,-3.730559278175304e-32,-2.4399239070939734e-33,3.837643984295462e-33,2.642259262276815e-32,8.829767944140941e-33,-2.0646417248527636e-32,4.263212153249796e-32,-1.2177552407758732e-32,-4.539044340014494e-26,-1.666750984268672e-26
0.0,-3.073185380432895e-50,2.5541580551704727e-17,-5.252376859376966e-28,5.310913177520086e-27,1.1753916403381225e-22,-8.441856064617193e-23,-2.2901569933539014e-24,2.4151047228135094e-24,4.970566676619465e-30,9.964981344388344e-30,5.947552527922432e-29,-1.5486639315249873e-29,-2.8186923465089945e-29,-1.2340942292474841e-29,-1.1533033456242161e-29,1.04236420887963e-28,-2.86273984824841e-29,3.0992200731402183e-29,8.158214154634877e-29,6.100437916545432e-29,3.9899122907984075e-30,-6.275549354174627e-30,-4.32078339640673e-29,-1.443897473457551e-29,3.376227992448678e-29,-6.971464363953799e-29,1.9913475946572134e-29,7.422521967723672e-23,2.7255728009522526e-23
0.0,2.897299866787591e-51,-3.2238618603795937e-20,6.629557326628355e-31,-6.703442018486572e-30,-1.4835809675815175e-25,1.0655322492636152e-25,2.890639388521568e-27,-3.0483485778350857e-27,-6.273856336688895e-33,-1.2577813402837343e-32,-7.507009157495203e-32,1.9547257763043967e-32,3.5577574534863783e-32,1.5576754600494342e-32,1.4557010882819032e-32,-1.3156735690812526e-31,3.613354253972384e-32,-3.9118399325156675e-32,-1.029730937589e-31,-7.699981324590666e-32,-5.036072882042433e-33,7.92100711811264e-33,5.453698867445842e-32,1.82248943261763e-32,-4.2614797272679127e-32,8.799392113401071e-32,-2.5134817863704176e-32,-9.368717575192817e-26,-3.440221789787514e-26
0.0,2.2988083660759145e-54,-1.704304348919871e-20,3.5047356237158924e-31,-3.543794953058011e-30,-7.842995778060542e-26,5.632968552934944e-26,1.5281452591013594e-27,-1.61151870515483e-27,-3.316693101485808e-33,-6.649299172045037e-33,-3.96860312441132e-32,1.0333717085954861e-32,1.8808192445867098e-32,8.23469854418847e-33,7.695607966146989e-33,-6.95534816500091e-32,1.9102106711870386e-32,-2.0680060256233484e-32,-5.443703780922627e-32,-4.0706184370409507e-32,-2.6623351890687492e-33,4.1874644503465574e-33,2.8831144250645955e-32,9.634645507039356e-33,-2.2528441567025645e-32,4.651825288921114e-32,-1.328759728844562e-32,-4.952800960730078e-26,-1.8186836826884402e-26
0.0,-3.352691281556703e-50,2.834565793817312e-17,-5.829008017619682e-28,5.8939707339014404e-27,1.3044317798959166e-22,-9.368643568731574e-23,-2.541581427459752e-24,2.6802465187715432e-24,5.516259359461085e-30,1.1058984857116297e-29,6.600503409892493e-29,-1.7186836959961813e-29,-3.1281419301826983e-29,-1.3695790209576134e-29,-1.2799185261010303e-29,1.1567999580935495e-28,-3.177025178221287e-29,3.439467337989793e-29,9.05386208755423e-29,6.770173290768304e-29,4.427944025204326e-30,-6.964509303078745e-30,-4.795139749922935e-29,-1.6024154729759065e-29,3.7468865171176427e-29,-7.736825205022084e-29,2.2099672978184376e-29,8.237402078925678e-23,3.0247992736777015e-23
0.0,3.099070348778304e-51,5.801451724607055e-19,-1.1930119497203216e-29,1.2063077440180945e-28,2.6697556344689574e-24,-1.917462403265037e-24,-5.201806207646612e-26,5.485609405370172e-26,1.1290022758371874e-31,2.2634213287301184e-31,1.3509124378927666e-30,-3.517597126656879e-31,-6.402308395938595e-31,-2.8030912493271924e-31,-2.619584826028941e-31,2.367600400292715e-30,-6.5023568092321e-31,7.039492168915906e-31,1.8530366768871997e-30,1.3856384484603485e-30,9.062588545076252e-32,-1.4254128306671448e-31,-9.814121026658871e-31,-3.279633169775446e-31,7.668681135444013e-31,-1.5834812514130937e-30,4.523097891118743e-31,1.6859333659978313e-24,6.190798958224019e-25
0.0,2.50898991614643e-54,-1.849925584613351e-20,3.8041914882902235e-31,-3.846588172142185e-30,-8.513126519359018e-26,6.114267472239282e-26,1.6587148965554696e-27,-1.7492120375322753e-27,-3.6000820092018955e-33,-7.217436642645943e-33,-4.3076933176158344e-32,1.1216663052922265e-32,2.0415224797142236e-32,8.93829762749089e-33,8.353145419567646e-33,-7.549635444211953e-32,2.0734252041721387e-32,-2.244703100335445e-32,-5.908831310422119e-32,-4.4184251461039155e-32,-2.8898136557571794e-33,4.5452548579507386e-33,3.1294569785469896e-32,1.0457860553751107e-32,-2.4453343948060725e-32,5.049292177527628e-32,-1.4422932264136017e-32,-5.375984177097829e-26,-1.9740778559043559e-26
0.0,-3.6330988847071633e-50,3.0981336262804463e-17,-6.371009551675437e-28,6.442012728313679e-27,1.425722404926829e-22,-1.0239772785036358e-22,-2.777906549747248e-24,2.9294652057937663e-24,6.029180430411831e-30,1.2087287913048043e-29,7.214241281383067e-29,-1.878492911725512e-29,-3.419007497658405e-29,-1.4969272641092222e-29,-1.3989298231365327e-29,1.2643632604557045e-28,-3.4724360809160266e-29,3.75928102976285e-29,9.895721821775852e-29,7.399687660666692e-29,4.839669733435094e-30,-7.612093714487667e-30,-5.241008599745851e-29,-1.7514136630453242e-29,4.0952851183940175e-29,-8.456222247724828e-29,2.4154577795543055e-29,9.003344508558042e-23,3.306055679839808e-23
0.0,3.398975200754493e-51,5.411663123631382e-19,-1.1128557267347373e-29,1.1252582015629336e-28,2.4903797880347904e-24,-1.7886317203635447e-24,-4.852306657487011e-26,5.1170416537154703e-26,1.053146741744727e-31,2.1113463179351093e-31,1.2601471786401629e-30,-3.2812564091886785e-31,-5.972149367572171e-31,-2.614756834324572e-31,-2.4435798616532817e-31,2.20852579403979e-30,-6.065475716963398e-31,6.566521964605169e-31,1.7285346368722868e-30,1.2925400140150658e-30,8.45369031059559e-32,-1.3296420306796999e-31,-9.154728741727809e-31,-3.0592808013554603e-31,7.153436910774965e-31,-1.4770901321448298e-30,4.219199472162207e-31,1.5726586824883353e-24,5.774850850884988e-25
0.0,2.723015648287833e-54,-1.9969999007999156e-20,4.106635471137765e-31,-4.152402811268525e-30,-9.189944155624152e-26,6.600369029480681e-26,1.7905874222337815e-27,-1.8882793418744307e-27,-3.886298711173521e-33,-7.791243269067399e-33,-4.6501671199677643e-32,1.210841949011361e-32,2.2038292909618895e-32,9.648917569379172e-33,9.017244105918953e-33,-8.149852814927929e-32,2.2382683722456746e-32,-2.4231633455853492e-32,-6.378600111757454e-32,-4.769702442007508e-32,-3.119562014751981e-33,4.906615474662282e-33,3.3782576594953574e-32,1.1289290046112432e-32,-2.639745395419057e-32,5.450725186732829e-32,-1.5569596172028772e-32,-5.803390124262899e-26,-2.1310226288028253e-26
0.0,-3.915299374212302e-50,3.360580238208509e-17,-6.910705405085252e-28,6.987723345894074e-27,1.5464970582694404e-22,-1.1107196207819547e-22,-3.013226342296683e-24,3.177623713707889e-24,6.539919529337035e-30,1.3111216556170405e-29,7.82536830503956e-29,-2.0376222972468414e-29,-3.708635719726485e-29,-1.6237337663966803e-29,-1.5174348447707348e-29,1.3714689873152817e-28,-3.766590302295635e-29,4.077734230480602e-29,1.0734000275184037e-28,8.026524069328809e-29,5.2496439558547305e-30,-8.256923294498708e-30,-5.684980718447947e-29,-1.8997780131321997e-29,4.442201628087446e-29,-9.172558967286302e-29,2.620074102461507e-29,9.766028610447023e-23,3.586115618074626e-23
0.0,3.715126581891316e-51,4.470391590389648e-19,-9.192924189308297e-30,9.295376830406673e-29,2.057218383160101e-24,-1.477528075658071e-24,-4.008326160322045e-26,4.227014773296668e-26,8.699688483402487e-32,1.7441116728138423e-31,1.0409648975409091e-30,-2.7105347694754885e-31,-4.933390289133158e-31,-2.1599620478297236e-31,-2.0185585493811477e-31,1.8243883459617555e-30,-5.010484025567315e-31,5.424381357897285e-31,1.427883910418469e-30,1.0677235215091371e-30,6.983307202426358e-32,-1.098372241014589e-31,-7.562411302775606e-31,-2.527168238279272e-31,5.909211913222942e-31,-1.2201741226250398e-30,3.4853377593560093e-31,1.2991200649882005e-24,4.770408669216452e-25
0.0,2.939706587535832e-54,-2.1447139000332653e-20,4.410394899764259e-31,-4.459547556460831e-30,-9.869705533386162e-26,7.088584830277614e-26,1.923033512496349e-27,-2.027951503674096e-27,-4.173760280207766e-33,-8.367545602289192e-33,-4.994130473255717e-32,1.3004054520723075e-32,2.3668420372649114e-32,1.0362628272056442e-32,9.684231214137938e-33,-8.75268076297925e-32,2.4038285069707135e-32,-2.60239978341854e-32,-6.850412119180205e-32,-5.122507578643237e-32,-3.3503096381601054e-33,5.26954778836536e-33,3.6281404707691494e-32,1.2124335746692084e-32,-2.8350019646155407e-32,5.853904183252988e-32,-1.6721247364454677e-32,-6.232655025088854e-26,-2.288650015179353e-26
0.0,-4.198276820318618e-50,3.6205750682605306e-17,-7.445359408259525e-28,7.528335923183814e-27,1.6661434322108569e-22,-1.1966516142387616e-22,-3.246347772298757e-24,3.4234639195203276e-24,7.045887292650275e-30,1.4125579635954043e-29,8.430786166937839e-29,-2.195265092636577e-29,-3.9955582287342064e-29,-1.7493556396207945e-29,-1.6348327899517954e-29,1.477574130178075e-28,-4.0579965286320825e-29,4.393212434569287e-29,1.156444751330697e-28,8.647504558821314e-29,5.655788190298053e-30,-8.895728862746446e-30,-6.124805240097821e-29,-2.0467563402796087e-29,4.785877236309176e-29,-9.882203653854584e-29,2.82277889529349e-29,1.0521587701102637e-22,3.8635592303613955e-23
0.0,4.047471380616131e-51,2.914871150415132e-19,-5.994148159964467e-30,6.060951307760591e-29,1.3413873022246625e-24,-9.634064208484176e-25,-2.613586313545251e-26,2.756179891382675e-26,5.672539067011465e-32,1.1372294113743455e-31,6.787500570279984e-31,-1.7673752828152265e-31,-3.2167645107094673e-31,-1.4083802126331334e-31,-1.3161795701625167e-31,1.1895729594590327e-30,-3.267032660191905e-31,3.536910000153807e-31,9.31036471905786e-31,6.9619773225673595e-31,4.553390968445157e-32,-7.161819034895047e-32,-4.9309896189015105e-31,-1.6478130906638143e-31,3.8530385913030346e-31,-7.956015205559553e-31,2.272577303311441e-31,8.470773805753076e-25,3.1104940864523292e-25
0.0,3.1582663777404874e-54,-2.292499898878305e-20,4.714302388567932e-31,-4.766842011920958e-30,-1.0549798244369767e-25,7.577038600043365e-26,2.0555441603981614e-27,-2.167691745286573e-27,-4.4613619654224235e-33,-8.94412884012687e-33,-5.338261483150418e-32,1.3900126106938345e-32,2.5299342401834273e-32,1.1076686855731601e-32,1.0351543429070156e-32,-9.355802544915075e-32,2.569469339974025e-32,-2.781723585712758e-32,-7.322454099940041e-32,-5.475484681598896e-32,-3.581169733909193e-33,5.63265700463548e-33,3.8781450813678404e-32,1.2959788470076176e-32,-3.0303537068981316e-32,6.257279699611155e-32,-1.7873459901365138e-32,-6.662129160695083e-26,-2.4463542332080605e-26
0.0,-4.481127603964079e-50,3.877101908347653e-17,-7.972881828403683e-28,8.061737437882144e-27,1.7841938804791196e-22,-1.2814373876306735e-22,-3.476359668239787e-24,3.666024939487131e-24,7.545106109744242e-30,1.5126412442921844e-29,9.028128548761999e-29,-2.350805139935759e-29,-4.2786535678646606e-29,-1.873301881850172e-29,-1.7506648005497858e-29,1.5822639696266902e-28,-4.345515778183755e-29,4.7044825732683305e-29,1.238381767467668e-28,9.260201983203242e-29,6.056514993444745e-30,-9.526013602715198e-30,-6.558763079602576e-29,-2.1917741693531812e-29,5.124968662760361e-29,-1.0582382611235211e-28,3.022779872103369e-29,1.1267068624651053e-22,4.137302108818035e-23
0.0,4.396168784173848e-51,6.757637247288363e-20,-1.389642184431789e-30,1.4051293593672005e-29,3.1097802718496612e-25,-2.2334953351139867e-25,-6.059159112139823e-27,6.389738288828555e-27,1.3150825131160332e-32,2.6364746211091706e-32,1.5735675469561852e-31,-4.097361570886501e-32,-7.457526046486768e-32,-3.265092034608551e-32,-3.051340399188132e-32,2.7578243041469342e-31,-7.574064296106798e-32,8.199729390562585e-32,2.1584510549594215e-31,1.6140170379139081e-31,1.0556269125565397e-32,-1.66034698214453e-32,-1.143166790736578e-31,-3.820176757996967e-32,8.932620207276916e-32,-1.8444679602962654e-31,5.268587178170803e-32,1.963806070778188e-25,7.211156040036734e-26
0.0,3.3779578640570823e-54,-2.4395666993272815e-20,5.0167309160341345e-31,-5.0726410234201324e-30,-1.1226581294149084e-25,8.063115316701831e-26,2.1874099471753025e-27,-2.3067519430625976e-27,-4.7475640412538985e-33,-9.517906144093394e-33,-5.680717784532301e-32,1.4791836973920419e-32,2.6922327572882747e-32,1.178727048378117e-32,1.1015608178894658e-32,-9.95598924354416e-32,2.734304084292717e-32,-2.960174711352977e-32,-7.792198895323221e-32,-5.826744026659605e-32,-3.810906352387964e-33,5.9939991552296675e-33,4.1269330481954734e-32,1.3791175475034348e-32,-3.224754772791837e-32,6.658692194934641e-32,-1.9020065212863055e-32,-7.089513266718729e-26,-2.6032909859725026e-26
0.0,-4.763064707501879e-50,4.1294532185780405e-17,-8.491817678757036e-28,8.586456687794839e-27,1.9003228020518556e-22,-1.3648430889486198e-22,-3.702627622461225e-24,3.904637753564345e-24,8.03619905948379e-30,1.6110954528554098e-29,9.615747889718488e-29,-2.5038134361277643e-29,-4.5571409172802113e-29,-1.995230630569412e-29,-1.8646113943295476e-29,1.685249755222169e-28,-4.6283550292977966e-29,5.010686116374066e-29,1.3189850812243773e-28,9.862926430147188e-29,6.450719100056852e-30,-1.0146039093596478e-29,-6.985657315491074e-29,-2.334431519208404e-29,5.458540641910457e-29,-1.1271164639778266e-28,3.219525399894571e-29,1.200041523175588e-22,4.4065892291104544e-23
0.0,4.76168285693937e-51,-2.336595645068169e-19,4.80498097663548e-30,-4.8585311999629025e-29,-1.0752721360669231e-24,7.722781318634952e-25,2.0950821196302553e-26,-2.2093868378603296e-26,-4.547175334301356e-32,-9.116167257174349e-32,-5.440941813175069e-31,1.4167492067923217e-31,2.5785969921472245e-31,1.1289744566740484e-31,1.0550653151504196e-31,-9.535759427187617e-31,2.618892538210146e-31,-2.8352294505167007e-31,-7.463299956248425e-31,-5.580804473260222e-31,-3.6500527730359274e-32,5.740999954550773e-32,3.952740380289544e-31,1.320906728026149e-31,-3.088641921096851e-31,6.377637150194193e-31,-1.821725221081505e-31,-6.790273791854915e-25,-2.4934093343892383e-25
0.0,3.598121235737663e-54,-2.5853943661497847e-20,5.3166112860857665e-31,-5.375863478980546e-30,-1.1897662005723933e-25,8.545096520281753e-26,2.318164678771591e-27,-2.444640468057022e-27,-5.031354678099686e-33,-1.0086849000385307e-32,-6.02028866842136e-32,1.5676034595785364e-32,2.8531638036284784e-32,1.249186698172901e-32,1.1674077750479365e-32,-1.0551118978139594e-31,2.897749988479792e-32,-3.1371222699761546e-32,-8.25798578470704e-32,-6.175043782848215e-32,-4.038707290153505e-33,6.352296762744777e-33,4.373624814285685e-32,1.4615557502721914e-32,-3.417517883028472e-32,7.056722528413912e-32,-2.01570096274536e-32,-7.513296383154134e-26,-2.75890544433069e-26
0.0,-5.043304112428133e-50,4.377132143868762e-17,-9.001145225314252e-28,9.101460551967649e-27,2.0143015504246893e-22,-1.446704500512862e-22,-3.924706135460559e-24,4.138832556426118e-24,8.518199227815373e-30,1.7077267425643432e-29,1.0192487224717137e-28,-2.6539887228215645e-29,-4.830471962589422e-29,-2.1149018199809485e-29,-1.9764482215769844e-29,1.7863287180111905e-28,-4.905957399113388e-29,5.311220179016701e-29,1.3980959925484797e-28,1.045449119408459e-28,6.837624360749968e-30,-1.075458456575606e-29,-7.404647434707177e-29,-2.474447511456601e-29,5.785936403112146e-29,-1.1947193594942196e-28,3.412628105938776e-29,1.272018363457299e-22,4.6708903911998113e-23
0.0,5.144723833410292e-51,-6.230781560125376e-19,1.2812994398098056e-29,-1.2955791763039546e-28,-2.867327863086757e-24,2.0593620269745183e-24,5.58675996969762e-26,-5.891565697522884e-26,-1.2125528092400436e-31,-2.4309232508797136e-31,-1.450885177922081e-30,3.7779129010657896e-31,6.876103958272226e-31,3.010530829296827e-31,2.813444220178024e-31,-2.5428119778060834e-30,6.983556335335169e-31,-7.560441788912971e-31,-1.9901685509069892e-30,-1.4881810478839146e-30,-9.733255108030244e-32,1.5308988848110237e-31,1.0540403900275363e-30,3.5223386999271047e-31,-8.236193172918321e-31,1.700664982171562e-30,-4.8578246274744235e-31,-1.8106989467352734e-24,-6.648941992350064e-25
0.0,3.818090734325491e-54,-2.729579985586267e-20,5.613114945884097e-31,-5.6756715917664714e-30,-1.2561186220289251e-25,9.021650523436025e-26,2.4474470871119488e-27,-2.5809763419190657e-27,-5.311949778161965e-33,-1.0649385451429737e-32,-6.356035919289351e-32,1.6550275983519015e-32,3.012282735644129e-32,1.3188529588510243e-32,1.2325132828899912e-32,-1.1139547438235412e-31,3.059355460562523e-32,-3.312077365286814e-32,-8.718527824736791e-32,-6.519421617246199e-32,-4.2639431458428054e-33,6.706559870753295e-33,4.617538783964002e-32,1.5430656831295555e-32,-3.6081104438201746e-32,7.450270964302176e-32,-2.128115183074518e-32,-7.932307620742787e-26,-2.91276765416059e-26
0.0,-5.321438395655657e-50,4.620045053224408e-17,-9.500671925067881e-28,9.606554341553372e-27,2.1260870377828094e-22,-1.5269906759461853e-22,-4.142511254062464e-24,4.3685208145305204e-24,8.990924402402882e-30,1.802498583529196e-29,1.075812852681852e-28,-2.8012742286888636e-29,-5.098543375429466e-29,-2.2322702103350795e-29,-2.086133004195784e-29,1.8854626467333816e-28,-5.178217944562852e-29,5.605971149174491e-29,1.4756845948447006e-28,1.1034672643563361e-28,7.217084512273598e-30,-1.1351419968460983e-29,-7.815575044840664e-29,-2.6117692153257326e-29,6.10703217971476e-29,-1.2610213914959113e-28,3.602014990893876e-29,1.3426101736346702e-22,4.930105680324018e-23
0.0,5.54689960869659e-51,-1.1150245730910825e-18,2.292939252756116e-29,-2.31849344106932e-28,-5.131203839588946e-24,3.68531498477275e-24,9.997741996134457e-26,-1.05432046704297e-25,-2.169914262407539e-31,-4.350239425801538e-31,-2.5964200638841426e-30,6.760734073113063e-31,1.2305077305780396e-30,5.387471571806064e-31,5.034776794090305e-31,-4.550469009070521e-30,1.2497367857325062e-30,-1.35297286449531e-30,-3.561490347124445e-30,-2.6631625920093438e-30,-1.7418069491102846e-31,2.739607959708856e-31,1.8862496209746275e-30,6.303373284847004e-31,-1.4739014173887021e-30,3.0434115317246917e-30,-8.693281530060475e-31,-3.240321941399952e-24,-1.1898561416615645e-24
0.0,4.037495515973557e-54,-2.8720726997986e-20,5.906137311246652e-31,-5.9719596120330325e-30,-1.3216919896425165e-25,9.492609233767868e-26,2.5752115710898093e-27,-2.715711475610225e-27,-5.589250368601157e-33,-1.1205317076691527e-32,-6.687841110767504e-32,1.741425277053697e-32,3.169533428147984e-32,1.3877012573973515e-32,1.29685437709095e-32,-1.1721067070543746e-31,3.2190634982894165e-32,-3.484978286290802e-32,-9.173662570831542e-32,-6.859756059264274e-32,-4.4865344731925324e-33,7.056663521885185e-33,4.858588922733803e-32,1.6236185955039528e-32,-3.79646522845152e-32,7.839198688321496e-32,-2.239209530994788e-32,-8.346399183846134e-26,-3.064823344451038e-26
0.0,-5.596609078498733e-50,4.8576162550172126e-17,-9.989213924349362e-28,1.0100541009154767e-26,2.235414338028429e-22,-1.6055113409682112e-22,-4.355526790866273e-24,4.593158178021705e-24,9.453254247871856e-30,1.895186371155931e-29,1.1311331254003654e-28,-2.9453208943369614e-29,-5.360719839758756e-29,-2.347057644328963e-29,-2.1934057946548997e-29,1.9824165988616204e-28,-5.444491421566713e-29,5.894240481569413e-29,1.5515670069480912e-28,1.1602095777131553e-28,7.5882002527632e-30,-1.1935130831210694e-29,-8.217466267700362e-29,-2.746071185142938e-29,6.421066990546903e-29,-1.3258654274335068e-28,3.7872372171728634e-29,1.411649654595376e-22,5.1836207690184153e-23
0.0,5.969761447805313e-51,-1.7257852408836289e-18,3.5489089809217686e-29,-3.5884606117892007e-28,-7.941848160203969e-24,5.703965959410745e-24,1.5474058591827506e-25,-1.631830136136128e-25,-3.3584963927721564e-31,-6.733106315361002e-31,-4.0186230267125886e-30,1.0463962285978542e-30,1.9045249145608318e-30,8.338487911789755e-31,7.792602685563281e-31,-7.043012722228213e-30,1.9342867875843306e-30,-2.0940709800274737e-30,-5.5123157139646804e-30,-4.1219241310924284e-30,-2.6958910122305113e-31,4.240242858403085e-31,2.919452929273822e-30,9.756079679764193e-31,-2.2812387938072917e-30,4.710456459386598e-30,-1.345507293190852e-30,-5.0152255987924565e-24,-1.8416062010001325e-24
0.0,4.25560975194079e-54,-3.0122004457404056e-20,6.194296350084196e-31,-6.263330105317661e-30,-1.3861770283920316e-25,9.955751387212426e-26,2.7008555329597735e-27,-2.8482103945035877e-27,-5.8619485686557826e-33,-1.1752021839642599e-32,-7.014139292612438e-32,1.8263890033607614e-32,3.3241742124867903e-32,1.4554068726672648e-32,1.360127594614016e-32,-1.229293515339089e-31,3.3761208430047e-32,-3.65500955045392e-32,-9.621243392227318e-32,-7.194441930678749e-32,-4.70543142620612e-33,7.400956461705244e-33,5.095638324111933e-32,1.7028345617550885e-32,-3.981693866656998e-32,8.221671333343226e-32,-2.34846003300823e-32,-8.753618020766641e-26,-3.2143553486367086e-26
0.0,-5.868302826077504e-50,5.0895868401857603e-17,-1.0466238801932842e-27,1.0582882199855518e-26,2.3421643044447747e-22,-1.6821809224474787e-22,-4.563520597984148e-24,4.812499833351118e-24,9.904684909439074e-30,1.98568909274638e-29,1.1851492516705958e-28,-3.0859717353051057e-29,-5.616715631290007e-29,-2.459139024700921e-29,-2.2981496852766213e-29,2.0770849123604493e-28,-5.704487640844893e-29,6.175714015471009e-29,1.6256605309392532e-28,1.2156142207586335e-28,7.950567134089848e-30,-1.250508101616328e-29,-8.60988311552292e-29,-2.8772070563796284e-29,6.727698595229617e-29,-1.3891807991942155e-28,3.9680929265016304e-29,1.4790615659606092e-22,5.431159372307496e-23
0.0,6.416218189626204e-51,-2.4787591309686583e-18,5.097326326582967e-29,-5.154134649500031e-28,-1.140693997004303e-23,8.192651883787925e-24,2.222551399454805e-25,-2.3438106630846347e-25,-4.823835203140866e-31,-9.670814399713344e-31,-5.771980362692053e-30,1.5029472641106165e-30,2.735484352134467e-30,1.1976636814287614e-30,1.1192577502524686e-30,-1.0115935447703902e-29,2.7782315682972157e-30,-3.007730880555349e-30,-7.917383104176637e-30,-5.920352564192953e-30,-3.872129801589087e-31,6.0902946984406754e-31,4.193233569249617e-30,1.4012735195671312e-30,-3.2765615069132156e-30,6.765666249915464e-30,-1.9325628756110867e-30,-7.20340860059632e-24,-2.645113701437709e-24
0.0,4.4719932458513346e-54,-3.1497911147816556e-20,6.477238137789789e-31,-6.549425202619519e-30,-1.449494536035246e-25,1.0410508140240518e-25,2.8242246534611983e-27,-2.978310359897705e-27,-6.129709443132889e-33,-1.2288828262930981e-32,-7.334529696705873e-32,1.9098144225613372e-32,3.476015154730187e-32,1.521886646820671e-32,1.4222552216080751e-32,-1.2854449303165128e-31,3.5303345926941904e-32,-3.8219623208485424e-32,-1.0060720558237445e-31,-7.523068161387609e-32,-4.92036514981531e-33,7.739015820454142e-33,5.328395837709532e-32,1.7806162867232027e-32,-4.163568855689384e-32,8.597219136277146e-32,-2.4557325047382516e-32,-9.15346397448206e-26,-3.3611800075271064e-26
0.0,-6.135699938853561e-50,5.3156328853596165e-17,-1.0931080441008766e-27,1.1052904373154458e-26,2.4461878715419685e-22,-1.7568923590976428e-22,-4.7662022331818115e-24,5.026239492166605e-24,1.0344586010018789e-29,2.073880370438492e-29,1.2377858034564057e-28,-3.2230303469740283e-29,-5.866173277891302e-29,-2.568357841182775e-29,-2.4002184118522472e-29,2.1693353925416354e-28,-5.957843544074313e-29,6.449998701666884e-29,1.6978617027345666e-28,1.269603826533928e-28,8.303679147694507e-30,-1.3060474645752006e-29,-8.992277618022022e-29,-3.0049937111056856e-29,7.026498813858918e-29,-1.450879093289713e-28,4.144329572244104e-29,1.544751773840415e-22,5.672375827664119e-23
0.0,6.890493510180243e-51,-3.409945202780593e-18,7.012219637802378e-29,-7.090368928154596e-28,-1.5692141984828067e-23,1.1270354444808402e-23,3.0574888811099974e-25,-3.224301153950413e-25,-6.63598713647965e-31,-1.3303812684526767e-30,-7.940318404236426e-30,2.0675537809348344e-30,3.7631134169527534e-30,1.647585468862397e-30,1.5397250779728757e-30,-1.3916150673456968e-29,3.821919318326016e-30,-4.1376337695410626e-30,-1.0891676482746752e-29,-8.14442902964511e-30,-5.326758165458774e-31,8.378212683730925e-31,5.7684897714900335e-30,1.9276846449794742e-30,-4.507454980906445e-30,9.307298512040628e-30,-2.6585614645556153e-30,-9.909485877228858e-24,-3.638793565848058e-24
0.0,4.6856839445427675e-54,-3.284340826965588e-20,6.753926494390272e-31,-6.829197176020259e-30,-1.511412633308574e-25,1.0855214097846438e-25,2.9448671343178074e-27,-3.105534924040744e-27,-6.391552407093135e-33,-1.2813770471986534e-32,-7.647839000001365e-32,1.9913960168691342e-32,3.6245001880464154e-32,1.586897119847097e-32,1.4830097363507477e-32,-1.3403553161484867e-31,3.681139990909885e-32,-3.9852251886101405e-32,-1.04904846302499e-31,-7.844431267374996e-32,-5.130548520909832e-33,8.069603568429323e-33,5.556009066727417e-32,1.8566789207706908e-32,-4.3414241390330067e-32,8.96446677849137e-32,-2.560634096518559e-32,-9.544472742483555e-26,-3.504759624755982e-26
0.0,-6.404153261863708e-50,5.567399882587477e-17,-1.1448814708679688e-27,1.1576408649068831e-26,2.5620478995679376e-22,-1.8401049366481206e-22,-4.991946269743097e-24,5.264299804376793e-24,1.0834541846593204e-29,2.1721066108005544e-29,1.2964116757968735e-28,-3.375684356370817e-29,-6.144015796972991e-29,-2.6900042670037896e-29,-2.5139011652095021e-29,2.2720827171850964e-28,-6.240027888137998e-29,6.755493238301653e-29,1.7782783815802026e-28,1.3297367119244457e-28,8.696970484782626e-30,-1.3679064483473254e-29,-9.418183391228112e-29,-3.1473207415163065e-29,7.359298415624207e-29,-1.5195978104273236e-28,4.340619540797061e-29,1.617916630020256e-22,5.941039420519085e-23
0.0,7.699331330386925e-51,-6.646896162657739e-18,1.3668693493729692e-28,-1.3821027382539334e-27,-3.058818606767226e-23,2.1968938283966192e-23,5.959864426008217e-25,-6.285026207479579e-25,-1.2935315613593118e-30,-2.5932692820413725e-30,-1.5477806471564989e-29,4.0302158759836434e-30,7.335315566809108e-30,3.2115851954288434e-30,3.0013364156757336e-30,-2.712630350414306e-29,7.449944013353806e-30,-8.06535600647311e-30,-2.1230793548503117e-29,-1.587567272776069e-29,-1.0383277824806859e-30,1.633137966386353e-30,1.1244330991781897e-29,3.757573481589809e-30,-8.786236561334475e-30,1.8142416690235582e-29,-5.182248083459896e-30,-1.9316241093260186e-23,-7.092982893077325e-24
0.0,4.8979987488862743e-54,-3.416571727647577e-20,7.025846441357347e-31,-7.104147597153712e-30,-1.5722636424863168e-25,1.129225605325761e-25,3.0634304790121255e-27,-3.230566917290306e-27,-6.648882804904729e-33,-1.3329665898165725e-32,-7.955748773232124e-32,2.071571645038788e-32,3.770426250425249e-32,1.6507872111933746e-32,1.5427172160214452e-32,-1.394319383833993e-31,3.8293464293340057e-32,-4.145674406238597e-32,-1.091284220649871e-31,-8.160256045153749e-32,-5.3371096202767016e-33,8.394494011966096e-33,5.779699640208785e-32,1.9314307016931118e-32,-4.516214288531321e-32,9.325385324619143e-32,-2.663727828485325e-32,-9.928742918377456e-26,-3.645864810323349e-26
0.0,-6.6622051421341795e-50,5.781863467138616e-17,-1.1889838147457154e-27,1.2022347174676162e-26,2.660741362929794e-22,-1.910988205137217e-22,-5.184242622346217e-24,5.467087574254109e-24,1.125190268476317e-29,2.2557790215497158e-29,1.3463511629740674e-28,-3.505720168895284e-29,-6.38069138686348e-29,-2.7936267783603725e-29,-2.610739952878324e-29,2.3596063393791397e-28,-6.480401990379236e-29,7.015723745514959e-29,1.8467800096451132e-28,1.38095992343514e-28,9.031989255527106e-30,-1.4206000084344994e-29,-9.780984234107922e-29,-3.268559686481512e-29,7.642788294435222e-29,-1.578134721799761e-28,4.507825928975027e-29,1.680240911964576e-22,6.169896092745834e-23
0.0,8.265779593473047e-51,-8.165916212845822e-18,1.6792410033113345e-28,-1.6979556896857323e-27,-3.757852664149829e-23,2.698951584653036e-23,7.321876609883526e-25,-7.7213478515563675e-25,-1.5891432767788656e-30,-3.185911011116984e-30,-1.9014960924747198e-29,4.951244063027913e-30,9.011660607655041e-30,3.9455311132374375e-30,3.687234025823458e-30,-3.3325497518766776e-29,9.152485177149665e-30,-9.908537723928118e-30,-2.608268235343107e-29,-1.9503751847917328e-29,-1.2756175913773621e-30,2.0063601824468396e-30,1.38140061918256e-29,4.6162945023723516e-30,-1.0794161640123907e-29,2.2288516468998847e-29,-6.366551034661167e-30,-2.3730595823211196e-23,-8.713947470620359e-24
0.0,5.1065087166379584e-54,-3.545392809823273e-20,7.290754429223907e-31,-7.372007912801543e-30,-1.6315454957697056e-25,1.1718028072973706e-25,3.178936448427159e-27,-3.3523747291854415e-27,-6.899577462143224e-33,-1.383225800596457e-32,-8.255718523082506e-32,2.1496797962474878e-32,3.912589339206543e-32,1.713029778286869e-32,1.6008850278225628e-32,-1.4468918881578446e-31,3.9737310904437376e-32,-4.301986143832022e-32,-1.1324308510946988e-31,-8.467936696510821e-32,-5.5383441593942975e-33,8.711006554110847e-33,5.997621938247712e-32,2.004254869594296e-32,-4.686497150524233e-32,9.676996918049052e-32,-2.7641630977680915e-32,-1.0303103976580861e-25,-3.7833313375241805e-26
0.0,-6.914647834266287e-50,5.989243416363176e-17,-1.2316294781257222e-27,1.2453556552208818e-26,2.7561750257756943e-22,-1.9795302312854037e-22,-5.370187513281601e-24,5.6631773556899144e-24,1.1655478282967541e-29,2.3366877703659024e-29,1.3946411714470395e-28,-3.6314609572680125e-29,-6.609549688924353e-29,-2.893826684972166e-29,-2.7043801991315666e-29,2.4442390958657865e-28,-6.712836644598333e-29,7.267358956618925e-29,1.913019059876647e-28,1.4304912554067375e-28,9.355942507598862e-30,-1.4715531240331426e-29,-1.0131801929021405e-28,-3.385794163857227e-29,7.916914630599171e-29,-1.6347381854301887e-28,4.669509565677658e-29,1.740506651027559e-22,6.39119373246131e-23
0.0,8.846875913076269e-51,-9.766883852502031e-18,2.0084643795530544e-28,-2.0308481713021723e-27,-4.494597978833863e-23,3.228094186098935e-23,8.757366174967917e-25,-9.235155698936556e-25,-1.900702554900464e-30,-3.810524379480422e-30,-2.2742936612299648e-29,5.921959572995282e-30,1.0778440554342993e-29,4.71907170180549e-30,4.4101342125776415e-30,-3.985912359442382e-29,1.094687446653423e-29,-1.1851154796878193e-29,-3.119631924514365e-29,-2.332755737619721e-29,-1.5257086321220647e-30,2.3997168667380593e-30,1.6522309376622137e-29,5.52134151975242e-30,-1.2910409594582724e-29,2.665828866243273e-29,-7.614744368371246e-30,-2.838309469690325e-23,-1.0422359307155559e-23
0.0,5.312017484159513e-54,-3.6712925156731694e-20,7.549654891682308e-31,-7.63379375079759e-30,-1.6894829681504758e-25,1.213414452795164e-25,3.2918229987313285e-27,-3.47142021016428e-27,-7.144586920776991e-33,-1.432345243986988e-32,-8.548885624555294e-32,2.2260166278869123e-32,4.0515284845544404e-32,1.7738608220575298e-32,1.6577337227101314e-32,-1.4982721647273213e-31,4.1148414277886966e-32,-4.4547530780288764e-32,-1.1726443672539097e-31,-8.768639833352478e-32,-5.7350151456478716e-33,9.020341294052513e-33,6.210602242075766e-32,2.0754275469439624e-32,-4.852918375017224e-32,1.0020634740667803e-31,-2.8623207179813583e-32,-1.066897535658668e-25,-3.9176804288878695e-26
0.0,-7.161541158011298e-50,6.190313302838898e-17,-1.2729775386617233e-27,1.2871645286977802e-26,2.848704876545443e-22,-2.0459866918446989e-22,-5.5504745576702636e-24,5.853300606466145e-24,1.2046774066474786e-29,2.4151346645820523e-29,1.4414618335114611e-28,-3.7533757621371016e-29,-6.831444394687991e-29,-2.990977754410888e-29,-2.7951712025728174e-29,2.5262966853412514e-28,-6.93819888290365e-29,7.51133752599944e-29,1.977242618422821e-28,1.4785154705431107e-28,9.670038657497163e-30,-1.520955861411121e-29,-1.0471945102716533e-28,-3.499461483890597e-29,8.182699975318618e-29,-1.689619344620693e-28,4.826273566240107e-29,1.7989386515998435e-22,6.605757828273461e-23
0.0,9.43404720633735e-51,-1.139343532734099e-17,2.342948821907245e-28,-2.369060352188166e-27,-5.2431166549748476e-23,3.7656926093667435e-23,1.0215795197121644e-24,-1.0773154547749954e-24,-2.2172406227386855e-30,-4.4451192147225614e-30,-2.653048621827028e-29,6.908187342549404e-30,1.2573454055439029e-29,5.504973648863788e-30,5.1445865124248254e-30,-4.6497158534147694e-29,1.2769938514043778e-29,-1.3824815342404564e-29,-3.639167324354878e-29,-2.721246820603495e-29,-1.7797961858559028e-30,2.7993594823183974e-30,1.9273891876120649e-29,6.44085139893647e-30,-1.5060475683481695e-29,3.109789083169691e-29,-8.882884121817767e-30,-3.310994158452422e-23,-1.21580719621256e-23
0.0,5.514564450564268e-54,-3.794497732433328e-20,7.803014400198684e-31,-7.889976882420603e-30,-1.7461804703012669e-25,1.2541355312813589e-25,3.402293565804116e-27,-3.587917895280435e-27,-7.384352718921638e-33,-1.480413439454294e-32,-8.835778401945672e-32,2.300719708608424e-32,4.187494072428585e-32,1.8333899677605925e-32,1.7133657492416725e-32,-1.5485528073166502e-31,4.252931740091847e-32,-4.604250514217898e-32,-1.211997238983344e-31,-9.062907360865322e-32,-5.9274770050957224e-33,9.323055692221133e-33,6.419024369209794e-32,2.1450769959325382e-32,-5.015777874161726e-32,1.0356918071410569e-31,-2.9583775816047135e-32,-1.10270164050201e-25,-4.049154198514691e-26
0.0,-7.402812220147083e-50,6.38528701860255e-17,-1.3130719811643791e-27,1.327705812907772e-26,2.9384293456832523e-22,-2.1104282811789129e-22,-5.7252955393929056e-24,6.037659573921045e-24,1.2426206283851762e-29,2.4912031536210283e-29,1.4868629555652285e-28,-3.871594272768224e-29,-7.046611549001226e-29,-3.0851833330327773e-29,-2.883209543913328e-29,2.6058663981763134e-28,-7.156728438797808e-29,7.747918990646564e-29,2.0395190043541084e-28,1.5250836555453493e-28,9.974611831164061e-30,-1.5688607736996138e-29,-1.080177558916798e-28,-3.6096825624234553e-29,8.440427062968725e-29,-1.7428365802811358e-28,4.9782846914436407e-29,1.8555990718684865e-22,6.813816626948997e-23
0.0,1.0021311221944876e-50,-1.3007512542807642e-17,2.674868054518789e-28,-2.7046787347637366e-27,-5.985894832732813e-23,4.2991681122881963e-23,1.1663039315398305e-24,-1.2299358260135008e-24,-2.5313511141859914e-30,-5.0748472500549466e-30,-3.028898855650968e-29,7.886851588177091e-30,1.4354701337430168e-29,6.2848483998078696e-30,5.8734061909706146e-30,-5.30842854203376e-29,1.457902121873577e-29,-1.5783339598709553e-29,-4.1547183317979497e-29,-3.1067585090782947e-29,-2.0319351052566143e-30,3.195937180667278e-30,2.2004372090008954e-29,7.353309423380708e-30,-1.7194052603440217e-29,3.550344504746957e-29,-1.0141298327412312e-29,-3.7800537597210544e-23,-1.3880473184787017e-23
0.0,5.714099590836798e-54,-3.9150004895710506e-20,8.050816564150136e-31,-8.140540734378627e-30,-1.8016343342824678e-25,1.2939634083814033e-25,3.510341002957336e-27,-3.701860247932512e-27,-7.618859345374101e-33,-1.527427277315735e-32,-9.116378295258179e-32,2.3737842056349409e-32,4.3204773067877637e-32,1.891613364268525e-32,1.767777508406543e-32,-1.5977305631130334e-31,4.3879930938568786e-32,-4.750468780940079e-32,-1.2504869204220465e-31,-9.350720241958131e-32,-6.11571728677526e-33,9.619130165070875e-33,6.622874836167326e-32,2.2131987107182647e-32,-5.175065112064883e-32,1.0685825155051776e-31,-3.0523274744177464e-32,-1.1377203959080396e-25,-4.177744140953273e-26
0.0,-7.638269932214718e-50,6.574044087855144e-17,-1.3518880309609789e-27,1.366954457071124e-26,3.0252929917309432e-22,-2.1728151803209974e-22,-5.894542435184072e-24,6.216140341192439e-24,1.2793540480934336e-29,2.564846234162616e-29,1.5308164838964173e-28,-3.9860434410099e-29,-7.254918198379878e-29,-3.176385210466711e-29,-2.9684408235666053e-29,2.6828990676169194e-28,-7.368290281142137e-29,7.976957165004612e-29,2.0998097365997434e-28,1.5701670355641134e-28,1.0269473830429849e-29,-1.6152382600749383e-29,-1.112108958351294e-28,-3.7163892929807785e-29,8.68993664194634e-29,-1.7943570090612583e-28,5.125449012413293e-29,1.9104529009122654e-22,7.015241567312843e-23
0.0,1.0604070016342367e-50,-1.4583482231826873e-17,2.998950846088735e-28,-3.0323733412846682e-27,-6.711136402711252e-23,4.820048535097076e-23,1.307611475018053e-24,-1.3789529093934786e-24,-2.8380456197407616e-30,-5.68970773287444e-30,-3.3958754602655356e-29,8.842410078227576e-30,1.609389429435254e-29,7.046310712107537e-30,6.58501881466819e-30,-5.951589365499321e-29,1.634539241845604e-29,-1.7695624112468214e-29,-4.6580974471764244e-29,-3.483168466407207e-29,-2.2781211554591982e-30,3.583151885112487e-30,2.4670387081313385e-29,8.244224786814803e-30,-1.9277256878197477e-29,3.980498641170066e-29,-1.1370002025877807e-29,-4.2380391069270694e-23,-1.5562209407337745e-23
0.0,5.910462081121874e-54,-4.0330500960549184e-20,8.293574063108292e-31,-8.386003699918255e-30,-1.8559592889680186e-25,1.3329804842593817e-25,3.616188850263872e-27,-3.8134830042239085e-27,-7.848591972478573e-33,-1.5734840248181737e-32,-9.391265839508325e-32,2.445361282598122e-32,4.4507533175442107e-32,1.9486514703598271e-32,1.8210815730609856e-32,-1.64590717630777e-31,4.520304918431311e-32,-4.8937103901555516e-32,-1.2881930431320507e-31,-9.632673934645573e-32,-6.300125442277345e-33,9.909177263079456e-33,6.822575390557038e-32,2.27993362877721e-32,-5.331109639169617e-32,1.1008036469679453e-31,-3.144364769988576e-32,-1.1720262524164681e-25,-4.3037162968045195e-26
0.0,-7.867973350253276e-50,6.756316551620277e-17,-1.3893705849021986e-27,1.4048547439288385e-26,3.1091725033138807e-22,-2.233058825013723e-22,-6.057974982651853e-24,6.388489537511805e-24,1.3148255191184547e-29,2.63595936270782e-29,1.573260022206409e-28,-4.0965607951618996e-29,-7.456068631321545e-29,-3.2644539167976285e-29,-3.0507440474605095e-29,2.757285338313719e-28,-7.572584077371931e-29,8.198126907159731e-29,2.158029226614824e-28,1.6137016103666778e-28,1.0554206070073793e-29,-1.660022483194804e-29,-1.142943378855092e-28,-3.819430195003967e-29,8.930874509192253e-29,-1.8441074927129784e-28,5.267557615115013e-29,1.9634222683979496e-22,7.209746707116291e-23
0.0,1.1179463023115717e-50,-1.6103625729638756e-17,3.311553526070343e-28,-3.348459893482764e-27,-7.410687456660561e-23,5.322477606790153e-23,1.4439134260690085e-24,-1.5226913022963031e-24,-3.1338759657704605e-30,-6.2827877721241765e-30,-3.749852508962184e-29,9.764119445831777e-30,1.777147913835704e-29,7.780799446844369e-30,7.27142370583564e-30,-6.571967251350549e-29,1.8049192759723972e-29,-1.954016902333407e-29,-5.143645167103588e-29,-3.846244706472401e-29,-2.515586460836064e-30,3.956650131506807e-30,2.7241962779971354e-29,9.103580906582626e-30,-2.1286666992462174e-29,4.395415259235205e-29,-1.2555180872260392e-29,-4.679801059900668e-23,-1.7184372829361528e-23
0.0,6.103711936334925e-54,-4.148727787638556e-20,8.531453950475222e-31,-8.626534694206477e-30,-1.9091927180372546e-25,1.3712136084886003e-25,3.719909946845355e-27,-3.922862977275812e-27,-8.073708690580718e-33,-1.6186153758799915e-32,-9.66063019836623e-32,2.5155001952131063e-32,4.5784117540430446e-32,2.0045435367670636e-32,1.873314624359579e-32,-1.6931157996033263e-31,4.64995826410411e-32,-5.034073913476888e-32,-1.3251415545551637e-31,-9.908962465162845e-32,-6.48082837194441e-33,1.0193396581953246e-32,7.018263456174887e-32,2.3453276736962707e-32,-5.484018837407438e-32,1.1323773744783003e-31,-3.2345528037173746e-32,-1.2056428175783082e-25,-4.4271573537188253e-26
0.0,-8.091622223127528e-50,6.931188198526664e-17,-1.4253312330579821e-27,1.441216163773212e-26,3.189646251400763e-22,-2.290856394352739e-22,-6.214771671210841e-24,6.553840831837006e-24,1.3488567404462993e-29,2.7041850817686954e-29,1.6139802236646868e-28,-4.2025908083250606e-29,-7.649051744392539e-29,-3.3489467655740144e-29,-3.1297055099366586e-29,2.8286512999915808e-28,-7.768582923613114e-29,8.410316484552069e-29,2.2138848281176443e-28,1.6554685489148754e-28,1.0827377314075177e-29,-1.7029883305346384e-29,-1.172525828027763e-28,-3.9182873227530107e-29,9.162029565623458e-29,-1.8918379552900778e-28,5.403896175975017e-29,2.0142409183271424e-22,7.396354346178086e-23
0.0,1.174430026191954e-50,-1.7550772775593114e-17,3.6091451978718875e-28,-3.649368143880024e-27,-8.076646455053901e-23,5.800780311731314e-23,1.573670232650422e-24,-1.6595274568956795e-24,-3.41550070184188e-30,-6.847388435187006e-30,-4.08683177512682e-29,1.0641568838258881e-29,1.9368507283948243e-29,8.480018437874731e-30,7.92486781292887e-30,-7.162554933486042e-29,1.967117754886618e-29,-2.1296139905514065e-29,-5.605877153475119e-29,-4.191886225857656e-29,-2.7416488132966408e-30,4.312213198228058e-30,2.969005283273366e-29,9.92167121972582e-30,-2.319958634195726e-29,4.790407810277461e-29,-1.368344808449813e-29,-5.1003498476835054e-23,-1.8728640859067908e-23
0.0,6.293580907996778e-54,-4.261601024523972e-20,8.763566750354397e-31,-8.861234328378803e-30,-1.961135572076752e-25,1.4085198205067915e-25,3.821116460773714e-27,-4.029591175598163e-27,-8.29336774758092e-33,-1.6626525762219137e-32,-9.923464169805565e-32,2.5839386814077647e-32,4.7029752783154827e-32,2.0590805729512476e-32,1.9242813534822052e-32,-1.7391799114240731e-31,4.776468333580503e-32,-5.171034506319186e-32,-1.3611942975285995e-31,-1.0178552740754204e-31,-6.65715039485973e-33,1.0470725374285307e-32,7.209207319972215e-32,2.4091363253212918e-32,-5.633220951647256e-32,1.163185638162018e-31,-3.322554346244237e-32,-1.2384443929801048e-25,-4.547605743271974e-26
0.0,-8.30922411126905e-50,7.09819283903529e-17,-1.4596741080977174e-27,1.4759417808581995e-26,3.2664997013875675e-22,-2.3460538060572216e-22,-6.364514497272466e-24,6.711753414894315e-24,1.3813569883967191e-29,2.7693415087068713e-29,1.652868532468866e-28,-4.303850815562947e-29,-7.833353064777517e-29,-3.4296385076893526e-29,-3.2051147079864537e-29,2.8968066984534347e-28,-7.955764307420785e-29,8.612960221939195e-29,2.267227635910743e-28,1.6953565049146123e-28,1.1088259316440116e-29,-1.744021259634761e-29,-1.2007774421507721e-28,-4.012697133454563e-29,9.382785576012061e-29,-1.9374211523665035e-28,5.534101230635659e-29,2.062773373488971e-22,7.574567008030375e-23
0.0,1.2296562503024085e-50,-1.8914883833339698e-17,3.8896613287874496e-28,-3.933010551112632e-27,-8.704393328637884e-23,6.251638440201576e-23,1.695981711066396e-24,-1.7885120767452333e-24,-3.680966065355223e-30,-7.379592823019399e-30,-4.4044754758773637e-29,1.1468670978410544e-29,2.0873899399440767e-29,9.139116875810019e-30,8.540817888352626e-30,-7.719255228748566e-29,2.1200094318280656e-29,-2.29513547671708e-29,-6.041586686668211e-29,-4.5176951475762095e-29,-2.954739912500427e-30,4.6473743778720724e-30,3.199767369315162e-29,1.0692820250860387e-29,-2.5002744109872723e-29,5.162736046106235e-29,-1.4746976344889567e-29,-5.496767926509863e-23,-2.0184300186387844e-23
0.0,6.480056372811077e-54,-4.371744979000614e-20,8.990067047225355e-31,-9.090258909716925e-30,-2.011822444435353e-25,1.4449239658260128e-25,3.919875794433861e-27,-4.133738678954753e-27,-8.507715433907875e-33,-1.705624954117516e-32,-1.0179942798256006e-31,2.6507223204339685e-32,4.8245268482491464e-32,2.1122988999569648e-32,1.9740157036896374e-32,-1.7841301899435297e-31,4.8999193811250306e-32,-5.304683382876457e-32,-1.3963752827683157e-31,-1.0441624305470915e-31,-6.82920893948117e-33,1.0741348337890854e-32,7.395534148386288e-32,2.4714020794870816e-32,-5.778815348796822e-32,1.1932489559716157e-31,-3.408428005593602e-32,-1.2704528240972646e-25,-4.665141682718759e-26
0.0,-8.520799603199334e-50,7.257156080407585e-17,-1.492363347856071e-27,1.5089953333443467e-26,3.3396525999138446e-22,-2.398593420843858e-22,-6.507047093555948e-24,6.86206238822506e-24,1.4122923249472408e-29,2.8313606046481296e-29,1.689884339934963e-28,-4.4002350772391276e-29,-8.008780137872337e-29,-3.506444881689327e-29,-3.276892896393464e-29,2.961680363182409e-28,-8.133932766716585e-29,8.805846510851995e-29,2.3180019473603213e-28,1.733323825811439e-28,1.1336579654038951e-29,-1.783078422315286e-29,-1.2276687197902632e-28,-4.102561040713765e-29,9.592912018349302e-29,-1.9808094841956501e-28,5.658036813916684e-29,2.1089689544068677e-22,7.744198596082956e-23
0.0,1.283437685240552e-50,-2.0187001297867213e-17,4.1512598747357745e-28,-4.1975245420169e-27,-9.289805899450006e-23,6.672091376195342e-23,1.8100446877734357e-24,-1.908798168287834e-24,-3.9285288449664266e-30,-7.875906149280911e-30,-4.7006977643251383e-29,1.2239994597158492e-29,2.2277770140176754e-29,9.753766708739028e-30,9.115229219287511e-30,-8.238412495373309e-29,2.262590324574207e-29,-2.4494944433939684e-29,-6.447912625813309e-29,-4.821532006799829e-29,-3.1534604692273567e-30,4.959932792845089e-30,3.414967208168408e-29,1.1411964153911393e-29,-2.6684299636340047e-29,5.509955027028299e-29,-1.5738781862767312e-29,-5.866452167734673e-23,-2.1541792043205572e-23
0.0,6.663112721843958e-54,-4.4790287457003913e-20,9.210685646969577e-31,-9.313336244006787e-30,-2.0611930940974253e-25,1.4803827783581183e-25,4.016070573004942e-27,-4.235181708720354e-27,-8.716496998741076e-33,-1.747481437177279e-32,-1.0429761260548425e-31,2.7157717403743876e-32,4.942922000599737e-32,2.1641352681513252e-32,2.0224585660325764e-32,-1.8279132120502496e-31,5.020164685976701e-32,-5.434861702334756e-32,-1.4306426979039073e-31,-1.0697864500482294e-31,-6.996799515356003e-33,1.1004943839151113e-32,7.577022493202588e-32,2.532050933752861e-32,-5.920628990869256e-32,1.2225315978508908e-31,-3.4920717214840966e-32,-1.301630069119165e-25,-4.779625481365398e-26
0.0,-8.726520889441081e-50,7.408535583175769e-17,-1.5234930657566113e-27,1.540471983523842e-26,3.409315556641198e-22,-2.448626502035277e-22,-6.642779816212194e-24,7.00520049643191e-24,1.4417518139749284e-29,2.890420924660992e-29,1.7251342158208548e-28,-4.4920210868930827e-29,-8.175838024135859e-29,-3.5795870157146195e-29,-3.3452467269825103e-29,3.023459067646815e-28,-8.303601254502716e-29,8.989530677420413e-29,2.3663539434211614e-28,1.7694798208024825e-28,1.1573053249497068e-29,-1.8202722654646005e-29,-1.2532770818413414e-28,-4.188137765749826e-29,9.79301385374816e-29,-2.0221278672479186e-28,5.776059740541427e-29,2.152960659716031e-22,7.905737485397868e-23
0.0,1.335602925050727e-50,-2.1360480593671696e-17,4.392574443588171e-28,-4.4415284963938884e-27,-9.829826416821639e-23,7.059942992894941e-23,1.915263384408255e-24,-2.0197574483345386e-24,-4.156895960730502e-30,-8.333736050088572e-30,-4.973951400206244e-29,1.295151088571292e-29,2.3572786751599676e-29,1.0320757472740567e-29,9.645101517186928e-30,-8.717315050082048e-29,2.3941156988267676e-29,-2.5918846365706405e-29,-6.822732632795321e-29,-5.101809790529893e-29,-3.33677251821072e-30,5.248255875364958e-30,3.613480759312035e-29,1.2075346667295141e-29,-2.8235469752374336e-29,5.830251144788552e-29,-1.665368419934931e-29,-6.207471621644607e-23,-2.2794025923030774e-23
0.0,6.842845771900009e-54,-4.58363872556176e-20,9.425805864931957e-31,-9.530853918538982e-30,-2.1093333004470477e-25,1.514957866267474e-25,4.109867930784637e-27,-4.3340965178037665e-27,-8.920075191085456e-33,-1.7882947492434274e-32,-1.0673353605535196e-31,2.779199961803299e-32,5.058366441861207e-32,2.2146797409984922e-32,2.069694107904468e-32,-1.8706050488653341e-31,5.137413169190009e-32,-5.561795643934978e-32,-1.464056081097914e-31,-1.0947718532125598e-31,-7.160213303914376e-33,1.1261969863932157e-32,7.753987682628107e-32,2.591188262898981e-32,-6.058908272978941e-32,1.2510844411328698e-31,-3.573630821280862e-32,-1.3320302971704499e-25,-4.891256049896721e-26
0.0,-8.926472171260168e-50,7.553623717661937e-17,-1.5533290251478736e-27,1.5706404566057607e-26,3.476083304252573e-22,-2.4965801964252836e-22,-6.772871454504374e-24,7.142389750682845e-24,1.4699869596042945e-29,2.9470266836715116e-29,1.7589190984478785e-28,-4.5799924480688216e-29,-8.335952944755892e-29,-3.6496893451846855e-29,-3.4107597560504594e-29,3.0826702344020116e-28,-8.466218279422563e-29,9.165580886165718e-29,2.4126964189801133e-28,1.8041331640082952e-28,1.1799698945862074e-29,-1.8559203236113172e-29,-1.2778211542507448e-28,-4.270157901659277e-29,9.984799409087139e-29,-2.061729048434429e-28,5.889177606154294e-29,2.1951240592480415e-22,8.060562779899995e-23
0.0,1.3858708738924098e-50,-2.242669064325268e-17,4.611830138460459e-28,-4.663227736614274e-27,-1.0320482966673048e-22,7.412340596286609e-23,2.0108639051480685e-24,-2.1205737984000015e-24,-4.364387745795427e-30,-8.749715132962568e-30,-5.222226571062123e-29,1.3597986558534575e-29,2.4749424235034632e-29,1.0835918884415819e-29,1.0126537509312558e-29,-9.152440508560358e-29,2.5136181700715892e-29,-2.721258759718727e-29,-7.163289862614474e-29,-5.356467022878695e-29,-3.503327777885434e-30,5.5102229754301755e-30,3.793847932354219e-29,1.2678088535019727e-29,-2.9644845420308105e-29,6.121268583970943e-29,-1.7484954140919985e-29,-6.517318050261883e-23,-2.3931791499184362e-23
0.0,7.01905700016597e-54,-4.685840777907318e-20,9.635974414872532e-31,-9.743364740050313e-30,-2.1563654086243955e-25,1.5487370998458288e-25,4.201506247533964e-27,-4.43073449162894e-27,-9.118967391408715e-33,-1.8281686146404773e-32,-1.0911338906997928e-31,2.84116818333679e-32,5.171153566420892e-32,2.264060773922413e-32,2.1158423753007472e-32,-1.9123141988593023e-31,5.251962810005203e-32,-5.685807801867211e-32,-1.4967003502466309e-31,-1.1191821387843584e-31,-7.319865610456853e-33,1.151307962682145e-32,7.926879461949527e-32,2.6489643605235e-32,-6.194004622746048e-32,1.2789800509741754e-31,-3.65331258202429e-32,-1.361730768413554e-25,-5.0003170899955926e-26
0.0,-9.115602663750452e-50,7.64568277863894e-17,-1.5722600729171889e-27,1.5897824857789875e-26,3.5184477344687706e-22,-2.5270070269275383e-22,-6.855415172538247e-24,7.229436937331958e-24,1.4879022839880908e-29,2.9829432873205917e-29,1.7803557554221468e-28,-4.6358106645716834e-29,-8.437546567790367e-29,-3.694169582291799e-29,-3.4523280618186975e-29,3.1202399807524768e-28,-8.569399498663066e-29,9.277285519767495e-29,2.4421009240324784e-28,1.826120863048851e-28,1.1943506639415487e-29,-1.8785391736653287e-29,-1.2933944764018538e-28,-4.322200039498314e-29,1.0106488189476782e-28,-2.0868561724869695e-28,5.960951390598143e-29,2.221876922135623e-22,8.15880011183525e-23
0.0,1.4451486748607182e-50,-2.4102121798040745e-17,4.956366210132124e-28,-5.011603569504124e-27,-1.1091495461111033e-22,7.966094449786437e-23,2.161089548698764e-24,-2.2789955407910804e-24,-4.690438134445928e-30,-9.403380248440768e-30,-5.612363539261755e-29,1.46138515688882e-29,2.6598379887234656e-29,1.1645438058618547e-29,1.0883060917212609e-29,-9.836192035432677e-29,2.701403084943206e-29,-2.9245558836093407e-29,-7.698437878753004e-29,-5.756632694765678e-29,-3.765050945061255e-30,5.921875295865259e-30,4.077274993590172e-29,1.3625230708230354e-29,-3.185952338526292e-29,6.57857029893697e-29,-1.879120290366096e-29,-7.00420743937382e-23,-2.5719664248914e-23
0.0,7.194795256681775e-54,-4.787179595320966e-20,9.844367806391742e-31,-9.95408061948047e-30,-2.203000266866265e-25,1.58223102198739e-25,4.29237055442437e-27,-4.5265562267109704e-27,-9.31617967737552e-33,-1.867705691169879e-32,-1.1147314099849476e-31,2.9026129992021154e-32,5.282988050759048e-32,2.3130247170559105e-32,2.1616008579955497e-32,-1.9536710585183095e-31,5.365544923758872e-32,-5.808772508948407e-32,-1.5290688942723341e-31,-1.1433862463908475e-31,-7.478169436760405e-33,1.1762068427224213e-32,8.098310935729883e-32,2.7062524606513663e-32,-6.327959900630419e-32,1.3066400445601433e-31,-3.7323213222390034e-32,-1.3911803788991418e-25,-5.108456961709261e-26
0.0,-9.305013986685252e-50,7.776995946765809e-17,-1.5992633448637225e-27,1.617086701881604e-26,3.578876414585121e-22,-2.5704078987909546e-22,-6.973155642712397e-24,7.353601161184934e-24,1.513456726729376e-29,3.034174778966956e-29,1.8109330316982653e-28,-4.715429843502719e-29,-8.582459848022471e-29,-3.7576162521962463e-29,-3.5116211489546954e-29,3.173829517365424e-28,-8.716577328258169e-29,9.436621159044479e-29,2.4840435494998955e-28,1.8574841464674806e-28,1.214863412649422e-29,-1.9108027317390677e-29,-1.3156082840177648e-28,-4.3964330147495785e-29,1.028006522912846e-28,-2.122697535956198e-28,6.063329613036837e-29,2.2600372416624844e-22,8.29892597394834e-23
0.0,1.490447339134964e-50,-2.4881637192808758e-17,5.116665946200438e-28,-5.173689802726164e-27,-1.1450218711096406e-22,8.223735387452364e-23,2.2309839167878368e-24,-2.3527032468402825e-24,-4.842137174249671e-30,-9.707506156024105e-30,-5.79387966537477e-29,1.5086495528214983e-29,2.745862973460031e-29,1.2022077025161606e-29,1.123504293764445e-29,-1.0154316023924392e-28,2.7887723759056433e-29,-3.0191424247127685e-29,-7.9474222168304e-29,-5.942814801270228e-29,-3.8868209368633026e-30,6.113401709917381e-30,4.2091429947908615e-29,1.406590050416393e-29,-3.288993013355035e-29,6.791335667336875e-29,-1.9398951552194537e-29,-7.23073884490297e-23,-2.6551494508436454e-23
0.0,7.366262695133099e-54,-4.885483865362012e-20,1.0046520947285912e-30,-1.0158486702382407e-29,-2.2482386643030717e-25,1.6147219830126991e-25,4.3805139686620654e-27,-4.619508621081801e-27,-9.507486526122007e-33,-1.906058846919817e-32,-1.137622311687878e-31,2.962217876440734e-32,5.391473699485408e-32,2.360522455937377e-32,2.2059891225747301e-32,-1.9937895047734545e-31,5.475725869888317e-32,-5.928055090677075e-32,-1.560468176146233e-31,-1.1668655723883e-31,-7.631732922960909e-33,1.200360136491459e-32,8.264608967640521e-32,2.761825093220408e-32,-6.457903945238916e-32,1.3334717715153743e-31,-3.808964179654353e-32,-1.419748133444391e-25,-5.213358631399686e-26
0.0,-9.487376601303005e-50,7.90072827175422e-17,-1.6247076903767354e-27,1.6428146177376758e-26,3.6358164853596866e-22,-2.6113031940517857e-22,-7.084098835445772e-24,7.470597257744777e-24,1.537535885425238e-29,3.0824486243433136e-29,1.8397450506254947e-28,-4.790452526020664e-29,-8.719007136772306e-29,-3.817400081130053e-29,-3.5674911856899625e-29,3.2243252753672433e-28,-8.855258431626189e-29,9.586758189340298e-29,2.523564784416721e-28,1.8870367955431567e-28,1.234191939450933e-29,-1.9412036816955938e-29,-1.336539665861449e-28,-4.4663804446205236e-29,1.0443621489228914e-28,-2.1564697409533954e-28,6.159797436266795e-29,2.2959945270186492e-22,8.430962227110008e-23
0.0,1.5336237247501114e-50,-2.55554273537933e-17,5.255224319383822e-28,-5.3137923714618654e-27,-1.176028852880464e-22,8.446432629907341e-23,2.2913985511146714e-24,-2.4164140182481687e-24,-4.973261358759895e-30,-9.970383638118809e-30,-5.950776861577064e-29,1.5495035053644244e-29,2.8202204379871375e-29,1.234763266088561e-29,1.1539285834964826e-29,-1.0429293035101715e-28,2.864291819162392e-29,-3.1009002465404846e-29,-8.16263694942294e-29,-6.103745133572779e-29,-3.992075333287443e-30,6.278951504344516e-30,4.3231258132887153e-29,1.4446802503969138e-29,-3.378058339514462e-29,6.975243788701826e-29,-1.992427159396681e-29,-7.426545923536621e-23,-2.727050409854482e-23
0.0,7.533298418304756e-54,-4.981044464979203e-20,1.0243031997622563e-30,-1.035718781515558e-29,-2.292214458874121e-25,1.6463061218951796e-25,4.466197301780192e-27,-4.709866715783303e-27,-9.693454004131456e-33,-1.9433415667766994e-32,-1.1598743287324777e-31,3.0201591826185137e-32,5.496931515690372e-32,2.4066945337736542e-32,2.2491385114810492e-32,-2.032788245909024e-31,5.582831667776074e-32,-6.044008497676784e-32,-1.590991104622954e-31,-1.1896895908158543e-31,-7.781010454999954e-33,1.2238393122621109e-32,8.426265624446015e-32,2.8158466946054417e-32,-6.584221253879595e-32,1.359554625449757e-31,-3.8834679362859735e-32,-1.4475185624697105e-25,-5.315332497359689e-26
0.0,-9.662238684839891e-50,8.016588612421653e-17,-1.6485332391123883e-27,1.6669056957645883e-26,3.6891339672560774e-22,-2.649596686403582e-22,-7.18798370228294e-24,7.580149936121205e-24,1.5600831020056232e-29,3.1276512354731244e-29,1.8667240177510743e-28,-4.86070218434665e-29,-8.846867139348933e-29,-3.873380398216361e-29,-3.619806710269746e-29,3.271608438638557e-28,-8.98511649322726e-29,9.727343339409579e-29,2.5605716356296324e-28,1.914709273126234e-28,1.2522907644753209e-29,-1.9696704903399966e-29,-1.356139370556901e-28,-4.5318777433616366e-29,1.0596772123191143e-28,-2.188093321747193e-28,6.250127872262583e-29,2.3296641709959356e-22,8.55459819106039e-23
0.0,1.5749939767834498e-50,-2.6145634056598914e-17,5.376594569822893e-28,-5.4365152604800784e-27,-1.203189428285968e-22,8.64150434927042e-23,2.3443187689989005e-24,-2.472221488442055e-24,-5.088119629302106e-30,-1.0200651250994977e-29,-6.088211009791974e-29,1.585289537905649e-29,2.885353882357631e-29,1.2632803222088044e-29,1.180578749627852e-29,-1.0670159234272738e-28,2.930443099165282e-29,-3.172516036208988e-29,-8.351154361926807e-29,-6.244712108619641e-29,-4.0842729548417565e-30,6.42396489868669e-30,4.422969098895785e-29,1.478045373014743e-29,-3.4560751398940125e-29,7.136338165283312e-29,-2.0384425849299414e-29,-7.598063195468075e-23,-2.790032077447147e-23
0.0,7.695444638055671e-54,-5.0736389655869987e-20,1.0433443554715401e-30,-1.0549721457484626e-29,-2.3348252917220643e-25,1.6769099228201005e-25,4.54922111569793e-27,-4.7974201916747716e-27,-9.873649250127804e-33,-1.979467070805323e-32,-1.181435666920129e-31,3.076302052499899e-32,5.599116033847491e-32,2.451433479598617e-32,2.290948589413978e-32,-2.0705765077475506e-31,5.686613016023628e-32,-6.156362834693521e-32,-1.6205666339803608e-31,-1.2118051760740968e-31,-7.925654571785435e-33,1.2465897194788427e-32,8.582904631178853e-32,2.868191523146902e-32,-6.706617808092943e-32,1.3848278954392217e-31,-3.955659175838115e-32,-1.4744270270206294e-25,-5.414141203368625e-26
0.0,-9.829358088038915e-50,8.124236629198672e-17,-1.6706700035585413e-27,1.6892891684583295e-26,3.738672240254644e-22,-2.6851758887724757e-22,-7.284505081590133e-24,7.681937385492911e-24,1.581032144057116e-29,3.169649829756926e-29,1.8917906824012891e-28,-4.925972460219259e-29,-8.965664267194861e-29,-3.9253927613613213e-29,-3.668414045922442e-29,3.3155401129612408e-28,-9.105770055208621e-29,9.857963640593984e-29,2.594955395571101e-28,1.940420291357115e-28,1.2691067224523946e-29,-1.9961195364664194e-29,-1.3743498240022474e-28,-4.592732512760365e-29,1.0739067251267529e-28,-2.2174753841184916e-28,6.334055575509853e-29,2.360947269067841e-22,8.669470685348818e-23
0.0,1.614789529162608e-50,-2.666791173974989e-17,5.483995880077373e-28,-5.545113529258326e-27,-1.2272239950375798e-22,8.814124560380976e-23,2.391148208002682e-24,-2.521605875466136e-24,-5.189758446932077e-30,-1.0404416533202549e-29,-6.209827365849421e-29,1.6169568267994546e-29,2.942990883530318e-29,1.288515247413792e-29,1.2041616519508738e-29,-1.0883303273225714e-28,2.9889807895935694e-29,-3.2358893061625567e-29,-8.517974625012064e-29,-6.369454685718127e-29,-4.1658592193634316e-30,6.552288178077891e-30,4.511321060399103e-29,1.5075703832462937e-29,-3.525112705132912e-29,7.278891608628028e-29,-2.0791619290562605e-29,-7.749839925516843e-23,-2.8457649575972867e-23
0.0,7.852431860587347e-54,-5.162925538621563e-20,1.0617052681471263e-30,-1.0735376858232859e-29,-2.3759138576106215e-25,1.7064204065797386e-25,4.629278913691509e-27,-4.881845830004272e-27,-1.004740704229181e-32,-2.0143019954789243e-32,-1.2022267288533772e-31,3.13043922500075e-32,5.697650022189673e-32,2.4945741318800084e-32,2.3312650072620677e-32,-2.1070147884051283e-31,5.786686787890287e-32,-6.26470332632042e-32,-1.6490855810525155e-31,-1.2331306846669491e-31,-8.065131294621182e-33,1.2685273710908615e-32,8.7339477279385e-32,2.9186663388851104e-32,-6.824641759895869e-32,1.4091982808500677e-31,-4.025271391903005e-32,-1.5003741898607878e-25,-5.509419980051992e-26
0.0,-9.988608027626932e-50,8.223761553131863e-17,-1.6911363332094017e-27,1.709983589813246e-26,3.7844723673686964e-22,-2.718070293289942e-22,-7.373742981378167e-24,7.776043978994734e-24,1.6004003765530996e-29,3.2084792204558876e-29,1.9149658227083112e-28,-4.986317457143612e-29,-9.07549699302109e-29,-3.973480284388462e-29,-3.713353483993515e-29,3.3561567139553367e-28,-9.217319129107227e-29,9.978727366009228e-29,2.6267445654525396e-28,1.9641911624822626e-28,1.284653752380516e-29,-2.0205727440836647e-29,-1.3911861211139405e-28,-4.6489951962426367e-29,1.087062482401191e-28,-2.2446402832969964e-28,6.411650114933481e-29,2.3898697522609178e-22,8.775674929499039e-23
0.0,1.653190237479272e-50,-2.7135120756961702e-17,5.580072856424808e-28,-5.6422612574948895e-27,-1.2487243705531142e-22,8.968543793263459e-23,2.433039977227287e-24,-2.5657832004248945e-24,-5.280680524646942e-30,-1.0586696918356993e-29,-6.318620561545585e-29,1.6452851345161153e-29,2.9945506716313015e-29,1.3110894162607483e-29,1.2252579862817795e-29,-1.10739735242759e-28,3.041346298780115e-29,-3.292580534081847e-29,-8.667205453136495e-29,-6.481044475462573e-29,-4.2388430739200676e-30,6.66708112287287e-30,4.590357240643002e-29,1.5339822929613827e-29,-3.5868709882201617e-29,7.406414296872648e-29,-2.1155878483801825e-29,-7.885613402288555e-23,-2.895621394127806e-23
0.0,8.004085325201308e-54,-5.2489126997423116e-20,1.0793876889512965e-30,-1.0914171724185386e-29,-2.4154840753399115e-25,1.7348403877207879e-25,4.706378331230832e-27,-4.963151682822153e-27,-1.0214743952680462e-32,-2.0478496631599168e-32,-1.2222494974686956e-31,3.182575863425101e-32,5.792542878343647e-32,2.536120605134597e-32,2.3700916101822294e-32,-2.142106563163395e-31,5.883062527858811e-32,-6.36904030547425e-32,-1.6765506658188259e-31,-1.2536681505034507e-31,-8.199453926025445e-33,1.2896543593900224e-32,8.879409320379969e-32,2.967275955828766e-32,-6.938304365760004e-32,1.432668105994842e-31,-4.09231122370872e-32,-1.5253625256870417e-25,-5.601177914572437e-26
0.0,-1.0139963824108346e-49,8.315667525880072e-17,-1.710035899878769e-27,1.7290937870374236e-26,3.826766348293851e-22,-2.74844652595282e-22,-7.456149434575516e-24,7.862946411833006e-24,1.618285908916519e-29,3.244336097129409e-29,1.9363668319161152e-28,-5.0420428515839545e-29,-9.176921672465937e-29,-4.0178865537550255e-29,-3.7548526643741817e-29,3.3936639842608807e-28,-9.320328764690807e-29,1.0090246242069611e-28,2.6561001727251815e-28,1.986142297409074e-28,1.299010607451829e-29,-2.043153980462019e-29,-1.4067335458431576e-28,-4.700950791389503e-29,1.099211124387229e-28,-2.2697256225763457e-28,6.483304544235569e-29,2.416578126878095e-22,8.873748899142743e-23
0.0,1.6903469712798524e-50,-2.7557651221401714e-17,5.6669621242733935e-28,-5.730118882709487e-27,-1.2681686948652298e-22,9.108196128266854e-23,2.47092569444324e-24,-2.6057359088380246e-24,-5.3629078496984525e-30,-1.0751546082136905e-29,-6.417010014257726e-29,1.6709044453071553e-29,3.041179868436856e-29,1.3315048485316898e-29,1.2443369073094632e-29,-1.1246410242668719e-28,3.0887041666769395e-29,-3.343850458205936e-29,-8.802165543360831e-29,-6.581963087798357e-29,-4.304847583307664e-30,6.770896576966623e-30,4.661835300175024e-29,1.5578684682440652e-29,-3.64272341202777e-29,7.521742166639505e-29,-2.1485304073695873e-29,-8.008403049075182e-23,-2.9407101285196975e-23
0.0,8.150316061679607e-54,-5.33174828351901e-20,1.0964220186210685e-30,-1.1086413450792177e-29,-2.4536039765327643e-25,1.7622187276736057e-25,4.7806519225143635e-27,-5.0414775362966525e-27,-1.0375947677501305e-32,-2.080167751121902e-32,-1.2415383971771838e-31,3.232801604381603e-32,5.883957748113738e-32,2.5761443286887906e-32,2.4074951513276484e-32,-2.17591216402257e-31,5.975905931201241e-32,-6.469553154893342e-32,-1.7030091079913624e-31,-1.27345288289474e-31,-8.328853401967793e-33,1.3100070072317956e-32,9.019539495279653e-32,3.0141039467079534e-32,-7.047801041631359e-32,1.4552777216824025e-31,-4.156893930377224e-32,-1.5494349960279245e-25,-5.689572762978603e-26
0.0,-1.0283528203432354e-49,8.400670878269477e-17,-1.727516010012613e-27,1.7467687082672752e-26,3.865883829530686e-22,-2.7765413442991564e-22,-7.532366731132708e-24,7.9433220163904e-24,1.6348281440369475e-29,3.2774999343896637e-29,1.9561605131403912e-28,-5.093582976768524e-29,-9.270728826778849e-29,-4.058957679497942e-29,-3.793235038754033e-29,3.4283542619394676e-28,-9.415601836627331e-29,1.01933894659146e-28,2.6832510199986827e-28,2.006444787026912e-28,1.3122891874433143e-29,-2.0640392476090575e-29,-1.4211132774698424e-28,-4.749004248970479e-29,1.110447339672443e-28,-2.29292692136917e-28,6.549577350258527e-29,2.441280562546257e-22,8.96445699952586e-23
0.0,1.726396930986701e-50,-2.7944401795738554e-17,5.7464936067866595e-28,-5.810536722063721e-27,-1.2859664733171747e-22,9.236022700113216e-23,2.505603248195393e-24,-2.642305420921965e-24,-5.438172162846677e-30,-1.0902435814680729e-29,-6.507067845698861e-29,1.69435431223139e-29,3.08386050371232e-29,1.350191501496683e-29,1.2618002248360535e-29,-1.1404245015514927e-28,3.132051769157649e-29,-3.390778843896596e-29,-8.92569720983192e-29,-6.674335909564226e-29,-4.3652628292198665e-30,6.865920935858513e-30,4.7272605958711316e-29,1.5797319616175235e-29,-3.693846251216322e-29,7.62730406956333e-29,-2.1786833896554503e-29,-8.120794865557032e-23,-2.9819807477762113e-23
0.0,8.291166990102009e-54,-5.411765900167011e-20,1.1128768608425706e-30,-1.1252795720609524e-29,-2.4904270844441177e-25,1.7886656893647175e-25,4.8523988153764506e-27,-5.1171388382540916e-27,-1.0531667445104005e-32,-2.111386416524316e-32,-1.2601711116709469e-31,3.2813187259190474e-32,5.97226279374374e-32,2.614806493209998e-32,2.4436262689005022e-32,-2.20856773891894e-31,6.065590913406192e-32,-6.566646677825415e-32,-1.7285674657204804e-31,-1.292564562438606e-31,-8.453850863062756e-33,1.3296672824242186e-32,9.154902609833973e-32,3.059338905547231e-32,-7.153572772023492e-32,1.4771181853836393e-31,-4.2192796108864626e-32,-1.5726885498231106e-25,-5.774960524746417e-26
0.0,-1.041934440330894e-49,8.479390244379083e-17,-1.7437038796739653e-27,1.763136987354399e-26,3.9021094987567796e-22,-2.8025592157009353e-22,-7.602949562314567e-24,8.017755747103361e-24,1.650147472347199e-29,3.3082120907165447e-29,1.9744909200614794e-28,-5.141312929407964e-29,-9.357601162004594e-29,-4.0969925674524876e-29,-3.828779944878675e-29,3.4604800145394513e-28,-9.503831719559668e-29,1.0288907689271302e-28,2.70839470464918e-28,2.0252463880019705e-28,1.3245861306859567e-29,-2.0833805435065547e-29,-1.4344299682433501e-28,-4.7935052905627887e-29,1.1208529027456968e-28,-2.314413033181891e-28,6.610950850642138e-29,2.4641568376871826e-22,9.048459382519589e-23
0.0,1.7614146717728785e-50,-2.830259087910246e-17,5.820151697323927e-28,-5.885015712078886e-27,-1.3024498876224958e-22,9.354409292499509e-23,2.5377198680948304e-24,-2.6761742782208373e-24,-5.507878214048049e-30,-1.1042182355669522e-29,-6.590474915356308e-29,1.7160724088444405e-29,3.1233891783704266e-29,1.3674981470217804e-29,1.2779738781216642e-29,-1.155042370627938e-28,3.1721981555599554e-29,-3.4342415730293906e-29,-9.040106075172992e-29,-6.759887007744109e-29,-4.421216415304779e-30,6.95392775541405e-30,4.7878542400679474e-29,1.5999808382069355e-29,-3.741193673878599e-29,7.725070236585618e-29,-2.2066095772360142e-29,-8.224886557708379e-23,-3.020203535956157e-23
0.0,8.426409385816104e-54,-5.489159423580051e-20,1.128792083890642e-30,-1.1413721659597052e-29,-2.5260426174187485e-25,1.8142453508766177e-25,4.921792844655777e-27,-5.1903189077163225e-27,-1.0682280547376751e-32,-2.1415812987634852e-32,-1.2781927859700565e-31,3.3282447796924213e-32,6.057671968657278e-32,2.652200772875106e-32,2.478572504629006e-32,-2.2401524087226636e-31,6.152334771331999e-32,-6.660556121209021e-32,-1.7532876640989e-31,-1.3110494946348132e-31,-8.574749164425299e-33,1.3486828196540406e-32,9.285826633997373e-32,3.1030904316819673e-32,-7.255875830218161e-32,1.498242414142522e-31,-4.2796194188860764e-32,-1.5951795278786175e-25,-5.857548085041236e-26
0.0,-1.0551390729798579e-49,8.568854438880505e-17,-1.7621013184689785e-27,1.781739460624657e-26,3.943279803826028e-22,-2.8321284058842657e-22,-7.68316662260361e-24,8.102349336850511e-24,1.667557817923392e-29,3.3431163139458854e-29,1.9953233425147415e-28,-5.195557799222151e-29,-9.456331168092269e-29,-4.1402190412157014e-29,-3.869176565840531e-29,3.496990783376877e-28,-9.604104572321022e-29,1.039746370712275e-28,2.736970385643329e-28,2.046614320312177e-28,1.3385615496507078e-29,-2.1053618365938208e-29,-1.4495643255474853e-28,-4.844080517945196e-29,1.1326787769195738e-28,-2.3388318996090164e-28,6.680701549187291e-29,2.4901556182899706e-22,9.143927701208336e-23
0.0,1.7871443728891824e-50,-2.808443727201609e-17,5.775290536299086e-28,-5.8396545855712164e-27,-1.292410731057291e-22,9.282306419017986e-23,2.518159371134701e-24,-2.6555465881846016e-24,-5.465424026572696e-30,-1.0957070292215958e-29,-6.539676178198213e-29,1.7028450902712416e-29,3.099314399550987e-29,1.3569576048247107e-29,1.2681233802474976e-29,-1.1461394168126916e-28,3.1477471619074837e-29,-3.407770774301702e-29,-8.970425820216323e-29,-6.707782458721232e-29,-4.387138110857714e-30,6.900327559238893e-30,4.750949927067412e-29,1.5876483421288674e-29,-3.712356918329524e-29,7.665526149472293e-29,-2.1896012460741348e-29,-8.161489935182743e-23,-2.9969241019876226e-23
0.0,8.557907388544916e-54,-5.564672830380989e-20,1.1443206792996257e-30,-1.1570738233590383e-29,-2.560792944207623e-25,1.839203607076813e-25,4.989501088594473e-27,-5.261721217771776e-27,-1.082923481383097e-32,-2.1710426583873912e-32,-1.2957766607255673e-31,3.374030861419701e-32,6.141006303177198e-32,2.688686635358833e-32,2.5126697933729823e-32,-2.2709697938781753e-31,6.236971365483107e-32,-6.752184227644094e-32,-1.7774073360562937e-31,-1.3290853733887795e-31,-8.692710489995261e-33,1.3672364134826946e-32,9.413570128035018e-32,3.145779104396112e-32,-7.355693645840854e-32,1.5188534731727767e-31,-4.3384933952451404e-32,-1.6171241338399253e-25,-5.938129350271356e-26
0.0,-1.0673432194385294e-49,8.634144847059787e-17,-1.775527653943485e-27,1.7953154289740718e-26,3.9733256343151203e-22,-2.8537078154721315e-22,-7.741708530219701e-24,8.164085208222288e-24,1.6802637789577401e-29,3.368589197198852e-29,2.0105267137959034e-28,-5.235145365080728e-29,-9.528383707470714e-29,-4.171765450725049e-29,-3.8986577665190746e-29,3.523636113541501e-28,-9.677283071526526e-29,1.0476687208273661e-28,2.757824738455241e-28,2.0622085033292435e-28,1.348760722781194e-29,-2.1214036464592514e-29,-1.4606092846112602e-28,-4.8809900017687055e-29,1.1413092257401478e-28,-2.35665263521426e-28,6.731605171632698e-29,2.5091293653536024e-22,9.213599881571913e-23
0.0,1.8204343487935865e-50,-2.8395567486146407e-17,5.8392714294793275e-28,-5.9043485284853674e-27,-1.3067285549681917e-22,9.38513938504072e-23,2.5460565106363843e-24,-2.6849657561974307e-24,-5.52597209920877e-30,-1.1078456937542087e-29,-6.612125229964396e-29,1.7217098641115484e-29,3.13364979831666e-29,1.3719905038665789e-29,1.2821721395305848e-29,-1.1588367907616898e-28,3.182619117469852e-29,-3.4455233716028085e-29,-9.069803652834753e-29,-6.782093856617791e-29,-4.435740516761721e-30,6.976772045921681e-30,4.8035827804111524e-29,1.6052369220210629e-29,-3.7534838382603194e-29,7.750447800894259e-29,-2.2138584921086784e-29,-8.251906064463032e-23,-3.0301251815945013e-23
0.0,8.684037347192792e-54,-5.637658805812518e-20,1.1593295331048075e-30,-1.1722499467751491e-29,-2.594380178643176e-25,1.8633265112207511e-25,5.054943139721199e-27,-5.3307336947376e-27,-1.0971270525572253e-32,-2.1995179472239542e-32,-1.312772003741671e-31,3.4182844844202134e-32,6.221551440120968e-32,2.723951317163684e-32,2.545625846926624e-32,-2.30075572211411e-31,6.318775175468854e-32,-6.840745544215804e-32,-1.800719723345866e-31,-1.346517591843613e-31,-8.806723653679086e-33,1.3851690191048266e-32,9.537038051313136e-32,3.1870389885665e-32,-7.45217056228921e-32,1.5387746807004039e-31,-4.395396861452453e-32,-1.638334254524437e-25,-6.016013563068571e-26
0.0,-1.0788288573818184e-49,8.691074018358997e-17,-1.787234582624937e-27,1.8071528282072604e-26,3.99952372800819e-22,-2.8725237172136033e-22,-7.792753429154363e-24,8.217915044712522e-24,1.691342585974553e-29,3.39079996558949e-29,2.02378310707228e-28,-5.269663257998409e-29,-9.591209036202281e-29,-4.1992719559057885e-29,-3.9243635381681234e-29,3.546869182648933e-28,-9.741090167130612e-29,1.0545765169244717e-28,2.7760084358264823e-28,2.0758056601095097e-28,1.3576537668048243e-29,-2.135391105984178e-29,-1.4702398013146227e-28,-4.9131727738755285e-29,1.1488344398260093e-28,-2.3721912072380914e-28,6.775989961418365e-29,2.5256732915886442e-22,9.274349685430046e-23
0.0,1.8530221231789805e-50,-2.869287506701188e-17,5.900409832980712e-28,-5.966168302942879e-27,-1.320410278558123e-22,9.483403773945836e-23,2.5727142593269944e-24,-2.7130779139878283e-24,-5.5838301926502354e-30,-1.119445071838463e-29,-6.681355575775904e-29,1.7397365295375156e-29,3.166459772666602e-29,1.3863555338268729e-29,1.2955967522712294e-29,-1.1709700563870857e-28,3.2159418109192683e-29,-3.4815987280460293e-29,-9.164766410116618e-29,-6.853103809801459e-29,-4.482183655574104e-30,7.049820320804483e-30,4.853877305311105e-29,1.6220440911777026e-29,-3.7927836057460584e-29,7.831596624122484e-29,-2.237038057478786e-29,-8.338305261476668e-23,-3.061851231369622e-23
0.0,8.805282417244541e-54,-5.708105119580108e-20,1.1738161302654329e-30,-1.1868979931378367e-29,-2.626798692496598e-25,1.886610021021941e-25,5.1181080318804104e-27,-5.397344774160297e-27,-1.1108363881609043e-32,-2.2270023936555175e-32,-1.3291759671006783e-31,3.460998233093359e-32,6.29929388250179e-32,2.7579889089702004e-32,2.577435142828402e-32,-2.329505202188346e-31,6.397732493385992e-32,-6.926225230662336e-32,-1.823220919499822e-31,-1.3633432288742009e-31,-8.916769550236856e-33,1.4024776315452034e-32,9.656209714253263e-32,3.226863170254775e-32,-7.545290412880587e-32,1.5580026985192106e-31,-4.450320282167205e-32,-1.6588063357421684e-25,-6.091187672338391e-26
0.0,-1.0896240961225377e-49,8.738656403719731e-17,-1.7970194359643596e-27,1.8170467310891674e-26,4.0214205475362214e-22,-2.8882503731114236e-22,-7.835417637967671e-24,8.262906952470563e-24,1.7006024443706583e-29,3.409364109711242e-29,2.0348630297022097e-28,-5.298513909521504e-29,-9.64371953185814e-29,-4.222262368370468e-29,-3.9458488664221555e-29,3.5662877833798657e-28,-9.794421240507227e-29,1.0603501722999294e-28,2.7912066843846906e-28,2.0871703987659507e-28,1.3650867267111362e-29,-2.1470820664204143e-29,-1.478289153633505e-28,-4.940071691064517e-29,1.1551241438282348e-28,-2.3851786143113516e-28,6.813087535889934e-29,2.5395009910884046e-22,9.325125421521063e-23
0.0,1.8850416875548236e-50,-2.8981985322386416e-17,5.959862536467111e-28,-6.0262835907151516e-27,-1.3337147714658856e-22,9.578958830052642e-23,2.5986370040791766e-24,-2.7404149670635025e-24,-5.640093030354194e-30,-1.130724633396779e-29,-6.748677111604175e-29,1.7572661661168516e-29,3.198365114721935e-29,1.4003244930716886e-29,1.3086512233562004e-29,-1.1827687852095298e-28,3.248345735450525e-29,-3.5166794195093143e-29,-9.257110866752861e-29,-6.922155885901655e-29,-4.527346270275562e-30,7.120854518266077e-30,4.9027851161898236e-29,1.6383878552783783e-29,-3.8309998052149753e-29,7.91050802267674e-29,-2.2595785189232543e-29,-8.422322271201249e-23,-3.0927025346758124e-23
0.0,8.921892388792039e-54,-5.776000452841486e-20,1.1877781431720124e-30,-1.2010156088970353e-29,-2.658043276978027e-25,1.909050395441839e-25,5.178985616159934e-27,-5.4615437534173856e-27,-1.1240492854698331e-32,-2.2534915816651513e-32,-1.3449859151235307e-31,3.502165244479839e-32,6.374221139184271e-32,2.790793941845906e-32,2.608092570173516e-32,-2.357213614826816e-31,6.47383063290106e-32,-7.008609552679695e-32,-1.844907309176541e-31,-1.3795595810497808e-31,-9.022830498230334e-33,1.4191594697718062e-32,9.771065969150088e-32,3.2652452507779255e-32,-7.635038235740545e-32,1.5765344371999663e-31,-4.5032548326617116e-32,-1.6785370881761064e-25,-6.163639599608002e-26
0.0,-1.0997770435733918e-49,8.776129061248993e-17,-1.8047253224046144e-27,1.824838497548751e-26,4.0386649965677683e-22,-2.9006356200062522e-22,-7.869017073422149e-24,8.298339525644092e-24,1.7078948804233573e-29,3.423983969765228e-29,2.043588824826338e-28,-5.321234724710319e-29,-9.685073234611306e-29,-4.240368056982316e-29,-3.962769252852043e-29,3.581580555471764e-28,-9.836421174583901e-29,1.064897111444392e-28,2.803175793519679e-28,2.0961204956635817e-28,1.3709404214952718e-29,-2.1562890734522613e-29,-1.4846282772503465e-28,-4.9612554527475215e-29,1.160077487849533e-28,-2.3954066147315626e-28,6.842303067918503e-29,2.5503907487969424e-22,9.365112945368642e-23
0.0,1.9166737279684726e-50,-2.927106824296096e-17,6.0193096188186695e-28,-6.0863931947064566e-27,-1.347018006460289e-22,9.674504851618831e-23,2.624557297887314e-24,-2.7677494354751054e-24,-5.696350548518473e-30,-1.142003128494962e-29,-6.815992282314957e-29,1.7747941453038898e-29,3.230267440190535e-29,1.414292131579168e-29,1.321704460166883e-29,-1.1945663984856005e-28,3.280746596255091e-29,-3.5517567941629023e-29,-9.349446592404147e-29,-6.991201433265199e-29,-4.572504614941535e-30,7.191881999585538e-30,4.9516883029321805e-29,1.654730074108605e-29,-3.8692123914181265e-29,7.989411960315007e-29,-2.2821168492117868e-29,-8.506331337284564e-23,-3.123550921052598e-23
0.0,9.034275620275078e-54,-5.841667381637471e-20,1.2012819064403286e-30,-1.2146698679498552e-29,-2.688262377553077e-25,1.9307542504551695e-25,5.237865126726071e-27,-5.5236356468825875e-27,-1.136828519992973e-32,-2.279111363457747e-32,-1.3602769621103399e-31,3.541981106271879e-32,6.446689195427622e-32,2.8225222750688364e-32,2.637743784798086e-32,-2.384012604866019e-31,6.547431142229222e-32,-7.088289924627972e-32,-1.8658819261102366e-31,-1.395243693528393e-31,-9.12541040152222e-33,1.4352937905033267e-32,9.8821525070576e-32,3.3023675864037367e-32,-7.721840429797843e-32,1.594457942483166e-31,-4.554452009127251e-32,-1.6976202541749049e-25,-6.233713569652889e-26
0.0,-1.1075970360927254e-49,8.647524191681898e-17,-1.7782789856295286e-27,1.7980974235145924e-26,3.9794826416265995e-22,-2.8581298793802327e-22,-7.75370496861261e-24,8.176736155330286e-24,1.6828674911593945e-29,3.37380911377463e-29,2.0136421966037771e-28,-5.243257669801175e-29,-9.543148751602049e-29,-4.1782299574779084e-29,-3.9046990695911257e-29,3.529096288558172e-28,-9.692278847916262e-29,1.0492921729635804e-28,2.7620982233596514e-28,2.0654040714843514e-28,1.3508507426805048e-29,-2.1246909425310386e-29,-1.4628726234082916e-28,-4.888553512544079e-29,1.1430777818350975e-28,-2.3603044696904096e-28,6.742036368670087e-29,2.513017475534514e-22,9.227877141244964e-23
0.0,1.9265871429320327e-50,-2.805366560130292e-17,5.768962642385831e-28,-5.833256169028723e-27,-1.2909946571988507e-22,9.272135943678224e-23,2.515400264028247e-24,-2.6526369480875824e-24,-5.459435648567598e-30,-1.0945064804797192e-29,-6.532510759174866e-29,1.700979310022039e-29,3.095918530136426e-29,1.3554708079859262e-29,1.2667339176511514e-29,-1.144883610109616e-28,3.144298225477631e-29,-3.4040369341446475e-29,-8.960597067531122e-29,-6.700432848331302e-29,-4.38233119350001e-30,6.89276698019483e-30,4.7457443869030355e-29,1.5859087811351374e-29,-3.70828934799084e-29,7.657127154567054e-29,-2.1872021348922868e-29,-8.152547520618819e-23,-2.993640419970384e-23
0.0,9.150862775670058e-54,-5.910033165484436e-20,1.2153406629201783e-30,-1.228885305463245e-29,-2.719723457518947e-25,1.9533501154924566e-25,5.2991645352134865e-27,-5.588279464480311e-27,-1.1501329702110239e-32,-2.3057840965420155e-32,-1.3761964581528873e-31,3.5834333661972985e-32,6.522135627288845e-32,2.855554615863735e-32,2.668613639182799e-32,-2.411913010655196e-31,6.624056570036089e-32,-7.17124509224949e-32,-1.8877185820016182e-31,-1.411572409720915e-31,-9.232206251793866e-33,1.4520912181259234e-32,9.99780460740916e-32,3.341015618523117e-32,-7.812210120373745e-32,1.6131180886242781e-31,-4.607753346101471e-32,-1.7174877221029823e-25,-6.306667520404436e-26
0.0,-1.1172377973190206e-49,8.66158720083569e-17,-1.7811709062630777e-27,1.8010215738222608e-26,3.9859542628183897e-22,-2.8627779041516906e-22,-7.766314407060172e-24,8.190033546919343e-24,1.6856042491534016e-29,3.3792957602884296e-29,2.016916875925499e-28,-5.251784501177928e-29,-9.558668267402593e-29,-4.185024790870736e-29,-3.911049074232297e-29,3.5348354703552227e-28,-9.708040886065354e-29,1.0509985810767558e-28,2.7665900769531874e-28,2.0687629283934634e-28,1.353047559473714e-29,-2.1281462145262938e-29,-1.4652516154347695e-28,-4.896503507400827e-29,1.144936708501468e-28,-2.364142907449015e-28,6.753000584231345e-29,2.5171042623395295e-22,9.242883947566968e-23
0.0,1.959601252028461e-50,-2.835690071297011e-17,5.83131998476826e-28,-5.896308467111047e-27,-1.3049491583539018e-22,9.372359465916752e-23,2.5425894980782145e-24,-2.68130958832754e-24,-5.5184472801393625e-30,-1.106337119639367e-29,-6.603121375903101e-29,1.719365379719681e-29,3.129382649035871e-29,1.370122238842251e-29,1.280426181843168e-29,-1.1572587811230516e-28,3.1782852857462e-29,-3.440831538263514e-29,-9.057453132299921e-29,-6.772858553119669e-29,-4.429700286285817e-30,6.967271645453319e-30,4.797041652280112e-29,1.6030510410169e-29,-3.748372649423404e-29,7.739893871788382e-29,-2.2108438397990886e-29,-8.240669290262642e-23,-3.025999003691369e-23
0.0,9.263183282148707e-54,-5.976016025370406e-20,1.2289093943349665e-30,-1.2426052567149325e-29,-2.750087945636222e-25,1.9751583902296416e-25,5.358327321825743e-27,-5.65067008913244e-27,-1.1629736870901354e-32,-2.3315271380291817e-32,-1.3915610721121438e-31,3.623440786645199e-32,6.594952335622629e-32,2.8874355977194275e-32,2.698407509185463e-32,-2.4388409336944433e-31,6.698011179815748e-32,-7.251308815562311e-32,-1.9087941102115256e-31,-1.4273319802549219e-31,-9.335279678709455e-33,1.468303162916135e-32,1.0109425595330491e-31,3.3783165539429424e-32,-7.899429929694669e-32,1.6311278259372702e-31,-4.659196838026862e-32,-1.7366626993916474e-25,-6.377078624317798e-26
