UX,UY,UZ,RX,RY,RZ
110.13415301980271,3.084273229283374,0.0,0.0,0.0003949109471383743,7.346413088551888e-05
0.0,0.0,-3.63800338964777,-2.582819621434937e-05,0.0,-1.623657681703854e-05
