UX,UY,UZ,RX,RY,RZ
131.998055481813,14.366305689389156,7.925239295393246,0.0008685778724626246,0.0016115060163295395,0.0008323109141566631
-89.23379969391439,-25.52776607826987,-5.343270914427946,-0.0006299211045688146,-0.0017452107855763493,-0.00034796916552417634
