UX,UY,UZ,RX,RY,RZ
131.99805548796581,14.366305687206786,7.925239295034325,0.0008685778736328247,0.0016115060189798665,0.0008323109126320495
-89.23379963947356,-25.52776608027954,-5.343270958954016,-0.0006299211040518436,-0.0017452107984641707,-0.0003479691672066142
