UX,UY,UZ,RX,RY,RZ
110.13415301980271,2.8207238869803697,3.271806499519104,0.0,0.0003974962525465051,7.346413088551888e-05
0.0,0.0,0.0,-3.9947053340604586e-05,0.0,-1.623657681703854e-05
