UX,UY,UZ,RX,RY,RZ
282.1661554610092,991.6763376239846,0.0,0.0,0.0,0.013020396302487079
-308.64383168790084,-1011.3564657762956,0.0,0.0,0.0,-0.01512036585981961
