UX,UY,UZ,RX,RY,RZ
134.7171659927578,14.366305689389156,7.754015567953417,0.0008672490671976824,0.0019554327121577737,0.0008323109141566631
-100.7564429067391,-25.52776607826987,-6.659933703166644,-0.0006375780409487992,-0.0021329086411298872,-0.00034796916552417634
