UX,UY,UZ,RX,RY,RZ
110.13415302003935,3.0842732298204334,0.0,0.0,0.0003949109471385766,7.346413090473935e-05
0.0,0.0,-3.638003389710845,-2.5828196220271708e-05,0.0,-1.623657681951237e-05
