UX,UY,UZ,RX,RY,RZ
111.54958579136242,2.5588273548840457,0.0,0.0,0.0,7.346413090473935e-05
0.0,0.0,0.0,0.0,0.0,-1.623657681951237e-05
