UX,UY,UZ,RX,RY,RZ
259.4759591624961,580.8530858339958,26.038270109282234,0.0017964701207484216,0.0008861563664260296,0.0015540698660773393
-105.53987760923879,-585.5921113553358,-19.223053765302968,-0.001808364846088149,-0.00035588663234066705,-0.0013885876952829759
