UX,UY,UZ,RX,RY,RZ
113.0139469515051,3.0842732298204334,0.0,0.0,0.00038256400498986286,7.346413090473935e-05
0.0,0.0,-3.2984239035245633,-2.604952105970132e-05,0.0,-1.623657681951237e-05
