UX,UY,UZ,RX,RY,RZ
134.71716597601053,13.384664485678481,5.310535022601601,0.0008660919821213485,0.0019669850952108115,0.0008323109126320495
-100.75644295564024,-12.022470045459624,-7.914323922279517,-0.000579353680746695,-0.0021334408638275506,-0.0003479691672066142
