UX,UY,UZ,RX,RY,RZ
131.99805548796581,13.384664485678481,6.750049286051283,0.0008673548509956795,0.0015883280894746056,0.0008323109126320495
-89.23379963947356,-12.022470045459624,-7.748108406089318,-0.0005753640404912531,-0.0017360922066552136,-0.0003479691672066142
