UX,UY,UZ,RX,RY,RZ
247.38808405263222,571.6962104564293,0.0,0.0,0.0,0.0015540698660773393
-93.55620016878459,-568.4903520521055,0.0,0.0,0.0,-0.0013885876952829759
