UX,UY,UZ,RX,RY,RZ
384.9215935476773,1051.7781801642273,53.79891349422545,0.036674928714078375,0.023123696041848774,0.013020396302487079
-386.26307117529643,-1126.7936960877905,-52.60185669213273,-0.03398554443785912,-0.02131725830184228,-0.01512036585981961
