UX,UY,UZ,RX,RY,RZ
236.39656875189567,580.8530858339958,24.883095026782666,0.0017888226170940543,0.0008901983714568958,0.0015540698660773393
-88.51646239798366,-585.5921113553358,-20.739766719398315,-0.0018046201338976608,-0.000383431075951206,-0.0013885876952829759
