UX,UY,UZ,RX,RY,RZ
485.26137381460904,1058.3349148129114,49.424969871075334,0.027904250194703155,0.028961989461100717,0.013020396302487079
-422.6091905002504,-1051.778615523448,-52.04196253434832,-0.025514517739653055,-0.02418187472401778,-0.01512036585981961
