UX,UY,UZ,RX,RY,RZ
236.39656875189567,562.392139144905,18.984794157577873,0.0018384819218946525,0.0008921612198417174,0.0015540698660773393
-88.51646239798366,-552.8121862157964,-25.930286385466356,-0.0018572339299749456,-0.0003797983965792682,-0.0013885876952829759
