UX,UY,UZ,RX,RY,RZ
113.01394695051505,2.8207238869803697,3.609098983351345,0.0,0.00038571249343541115,7.346413088551888e-05
0.0,0.0,0.0,-3.853701846416743e-05,0.0,-1.623657681703854e-05
