UX,UY,UZ,RX,RY,RZ
113.0139469515051,2.820723886973446,3.609098983401782,0.0,0.0003857124934598233,7.346413090473935e-05
0.0,0.0,0.0,-3.853701846267017e-05,0.0,-1.623657681951237e-05
