UX,UY,UZ,RX,RY,RZ
259.4759591624961,562.392139144905,21.325493176634048,0.0018259391767674225,0.0008622226063494352,0.0015540698660773393
-105.53987760923879,-552.8121862157964,-25.510997201194986,-0.0018456074692918612,-0.00035918783342347413,-0.0013885876952829759
