UX,UY,UZ,RX,RY,RZ
131.998055481813,13.384664485638703,6.750049346459278,0.0008673548518907091,0.0015883280867239021,0.0008323109141566631
-89.23379969391439,-12.022470057049722,-7.748108408811848,-0.0005753640403445461,-0.0017360921906599096,-0.00034796916552417634
