UX,UY,UZ,RX,RY,RZ
111.54958579075546,2.5588273549355574,0.0,0.0,0.0,7.346413088551888e-05
0.0,0.0,0.0,0.0,0.0,-1.623657681703854e-05
