UX,UY,UZ,RX,RY,RZ
485.26137381460904,1051.7781801642273,53.02827439154481,0.03667613182467443,0.028867007594690495,0.013020396302487079
-422.6091905002504,-1126.7936960877905,-54.577346445053976,-0.034013789569790356,-0.02423937112387937,-0.01512036585981961
