UX,UY,UZ,RX,RY,RZ
110.13415302003935,2.820723886973446,3.2718064995597644,0.0,0.00039749625254693286,7.346413090473935e-05
0.0,0.0,0.0,-3.994705333916501e-05,0.0,-1.623657681951237e-05
