UX,UY,UZ,RX,RY,RZ
133.3807099067901,13.879398587006788,0.0,0.0,0.0,0.0008323109141566631
-95.09300753468307,-16.33928234614913,0.0,0.0,0.0,-0.00034796916552417634
