UX,UY,UZ,RX,RY,RZ
133.38070990129833,13.879398585926634,0.0,0.0,0.0,0.0008323109126320495
-95.09300753279113,-16.339282348369007,0.0,0.0,0.0,-0.0003479691672066142
