UX,UY,UZ,RX,RY,RZ
113.01394695051505,3.084273229283374,0.0,0.0,0.0003825640049652818,7.346413088551888e-05
0.0,0.0,-3.2984239034942786,-2.604952105351827e-05,0.0,-1.623657681703854e-05
