UX,UY,UZ,RX,RY,RZ
384.9215935476773,1058.3349148129114,54.78490206279153,0.027902025960704208,0.023251413293084135,0.013020396302487079
-386.26307117529643,-1051.778615523448,-52.9543501085291,-0.025553063267950343,-0.021355152655993113,-0.01512036585981961
