UX,UY,UZ,RX,RY,RZ
134.71716597601053,14.366305687206786,7.754015569160132,0.0008672490677129608,0.001955432714776532,0.0008323109126320495
-100.75644295564024,-25.52776608027954,-6.659933805947714,-0.0006375780405297772,-0.002132908662426688,-0.0003479691672066142
