UX,UY,UZ,RX,RY,RZ
134.7171659927578,13.384664485638703,5.3105350795853274,0.0008660919837004551,0.001966985092370574,0.0008323109141566631
-100.7564429067391,-12.022470057049722,-7.9143239224568465,-0.0005793536805999364,-0.0021334408361772554,-0.00034796916552417634
