UX,UY,UZ,RX,RY,RZ
181.61406768859175,45.53612855802531,0.0,0.0,0.0,0.000585244968229596
-38.65298551109313,-40.419547179881555,0.0,0.0,0.0,-0.00036549876728789096
