UX,UY,UZ,RX,RY,RZ
301.48002761645154,356.63164853235736,0.0,0.0,0.0,0.0013755047114427646
-119.1021022671035,-358.5974654537941,0.0,0.0,0.0,-0.0011498241194757405
