UX,UY,UZ,RX,RY,RZ
276944893.23498166,85860591.6908412,33005966.632546388,2670.227573270995,10482.233200501474,4882.496455835051
-304502314.74642044,-97337585.82002065,-48968286.9337268,-2706.6005532250356,-12451.436599595982,-3799.0579845587035
