UX,UY,UZ,RX,RY,RZ
296748436.5866316,28666702.22207951,0.0,0.0,0.0,4882.496455835051
-295604975.4601374,-14931053.433797903,0.0,0.0,0.0,-3799.0579845587035
