UX,UY,UZ,RX,RY,RZ
296748436.382284,28666702.307997324,0.0,0.0,0.0,4882.496465625247
-295604975.270365,-14931053.475170795,0.0,0.0,0.0,-3799.057997362399
